response_id,has_connect_id,followup_survey_id,duration,timepoint,recruitment_source,time_zone,followup_date,age,ethnicity,gender,job_tenure,edu_lvl,is_remote,work_classification,work_shift,pa1,pa2,pa3,pa4,pa5,na1,na2,na3,na4,na5,br1,br2,br3,br4,br5,vio1,vio2,vio3,vio4,js1,jis1,des1,des2,pf1,pf2,pf3,pf4,pf5,pf6,cw1,cw2,cw3,cw4,cw5,ee1,ee2,ee3,comp1,comp2,comp3,comp4,auto1,auto2,auto3,auto4,relt1,relt2,relt3,relt4,atcb2,atcb5,atcb6,atcb7,meetings_count,meetings_time,turnover_intention,pa_mean,na_mean,br_mean,vio_mean,js_mean,jis_mean,des_mean,pf_mean,cw_mean,ee_mean,comp_mean,auto_mean,relt_mean,atcb_mean,turnover_intention_mean,js_tp1_mean
R_10IyjY1l0WES2w1,true,SV_5nV942MJGubDmqq,212,1,cloudresearch,America/Chicago,2026-06-09,39,White or Caucasian,Man,More than 5 years,"Some college, no degree",false,Employee - Full-Time (30 to 40+ hrs/week),first_shift,4,3,5,4,4,3,2,1,1,2,1,1,1,1,1,1,1,1,1,5,1,3,3,5,3,5,1,3,1,3,3,3,3,3,1,1,1,1,1,1,1,1,1,3,1,1,1,1,1,3,4,4,4,0,0,1,4.0,1.8,1.0,1.0,5,1,3.0,3.0,3.0,1.0,1.0,1.5,1.0,3.75,1,5
R_10IyjY1l0WES2w1,true,SV_eRKl4lgMZDAurT8,197,2,cloudresearch,America/Chicago,2026-06-09,39,White or Caucasian,Man,More than 5 years,"Some college, no degree",false,Employee - Full-Time (30 to 40+ hrs/week),first_shift,4,3,5,4,4,3,2,1,1,2,1,1,1,1,1,1,1,1,1,5,1,3,3,4,4,,1,2,1,2,2,2,2,2,1,1,1,1,1,1,1,2,1,3,1,1,1,1,1,4,3,4,4,0,0,1,4.0,1.8,1.0,1.0,5,1,3.0,,2.0,1.0,1.0,1.75,1.0,3.75,1,5
R_10IyjY1l0WES2w1,true,SV_6J3svun1r97AAHc,121,3,cloudresearch,America/Chicago,2026-06-09,39,White or Caucasian,Man,More than 5 years,"Some college, no degree",false,Employee - Full-Time (30 to 40+ hrs/week),first_shift,4,3,5,4,4,3,2,1,1,2,1,1,1,1,1,1,1,1,1,5,1,3,3,2,2,,1,1,1,2,1,1,1,1,1,1,1,1,1,1,1,1,1,3,3,1,1,1,1,4,4,4,4,0,0,1,4.0,1.8,1.0,1.0,5,1,3.0,,1.2,1.0,1.0,2.0,1.0,4.0,1,5
R_1ht2Ut3GZn5eC74,true,SV_5nV942MJGubDmqq,159,1,cloudresearch,America/Chicago,2026-06-09,36,Hispanic or Latino,Man,More than 5 years,Master's degree,false,Employee - Full-Time (30 to 40+ hrs/week),first_shift,4,4,5,4,3,2,2,1,3,2,1,1,1,2,1,1,1,1,3,5,3,3,1,5,3,2,1,5,1,5,4,4,5,3,1,1,1,1,1,1,1,1,1,1,1,1,1,1,1,5,5,5,5,2,45,1,4.0,2.0,1.2,1.5,5,3,2.0,2.8333333333333335,4.2,1.0,1.0,1.0,1.0,5.0,1,5
R_1ht2Ut3GZn5eC74,true,SV_eRKl4lgMZDAurT8,156,2,cloudresearch,America/Chicago,2026-06-09,36,Hispanic or Latino,Man,More than 5 years,Master's degree,false,Employee - Full-Time (30 to 40+ hrs/week),first_shift,4,4,5,4,3,2,2,1,3,2,1,1,1,2,1,1,1,1,3,5,3,3,1,3,3,,1,3,1,2,3,2,5,3,1,1,1,1,4,3,1,4,3,1,4,2,1,1,4,5,5,5,5,1,15,1,4.0,2.0,1.2,1.5,5,3,2.0,,3.0,1.0,2.25,3.0,2.0,5.0,1,5
R_1ht2Ut3GZn5eC74,true,SV_6J3svun1r97AAHc,294,3,cloudresearch,America/Chicago,2026-06-09,36,Hispanic or Latino,Man,More than 5 years,Master's degree,false,Employee - Full-Time (30 to 40+ hrs/week),first_shift,4,4,5,4,3,2,2,1,3,2,1,1,1,2,1,1,1,1,3,5,3,3,1,5,1,,1,3,2,2,3,3,2,2,2,1,1,1,1,1,1,4,4,4,4,1,2,1,1,5,5,5,5,0,0,1,4.0,2.0,1.2,1.5,5,3,2.0,,2.4,1.3333333333333333,1.0,4.0,1.25,5.0,1,5
R_3fCEUSTsxRf32mC,true,SV_5nV942MJGubDmqq,197,1,cloudresearch,America/Chicago,2026-06-09,43,White or Caucasian,Woman,More than 5 years,Bachelor's degree,false,Employee - Full-Time (30 to 40+ hrs/week),first_shift,3,1,3,3,2,3,2,1,3,2,2,3,3,2,2,1,2,2,1,2,1,3,3,5,4,4,2,3,2,3,4,3,3,3,2,2,2,1,1,1,1,1,1,1,1,1,1,1,1,4,4,4,4,0,0,1,2.4,2.2,2.4,1.5,2,1,3.0,3.3333333333333335,3.2,2.0,1.0,1.0,1.0,4.0,1,3
R_3fCEUSTsxRf32mC,true,SV_eRKl4lgMZDAurT8,121,2,cloudresearch,America/Chicago,2026-06-09,43,White or Caucasian,Woman,More than 5 years,Bachelor's degree,false,Employee - Full-Time (30 to 40+ hrs/week),first_shift,3,1,3,3,2,3,2,1,3,2,2,3,3,2,2,1,2,2,1,2,1,3,3,5,5,,5,5,5,5,5,4,5,4,4,4,5,1,1,1,1,1,1,1,1,1,1,1,1,4,4,4,4,0,0,1,2.4,2.2,2.4,1.5,2,1,3.0,,4.6,4.333333333333333,1.0,1.0,1.0,4.0,1,2
R_3fCEUSTsxRf32mC,true,SV_6J3svun1r97AAHc,125,3,cloudresearch,America/Chicago,2026-06-09,43,White or Caucasian,Woman,More than 5 years,Bachelor's degree,false,Employee - Full-Time (30 to 40+ hrs/week),first_shift,3,1,3,3,2,3,2,1,3,2,2,3,3,2,2,1,2,2,1,2,1,3,3,5,5,,5,5,5,5,5,5,5,5,5,5,5,1,1,1,1,1,1,1,1,1,1,1,1,4,4,4,4,0,0,1,2.4,2.2,2.4,1.5,2,1,3.0,,5.0,5.0,1.0,1.0,1.0,4.0,1,2
R_3grNOOWx4A4IZnH,true,SV_5nV942MJGubDmqq,419,1,cloudresearch,America/New_York,2026-06-09,54,White or Caucasian,Woman,More than 5 years,Bachelor's degree,true,Employee - Full-Time (30 to 40+ hrs/week),first_shift,3,3,4,4,3,4,3,2,4,3,5,3,5,4,5,5,5,3,5,1,4,2,4,2,2,2,3,2,2,2,2,2,2,2,1,1,1,1,2,5,5,5,4,5,4,5,5,5,1,4,4,4,4,0,0,2,3.4,3.2,4.4,4.5,1,4,3.0,2.1666666666666665,2.0,1.0,3.25,4.5,4.0,4.0,2,1
R_3grNOOWx4A4IZnH,true,SV_eRKl4lgMZDAurT8,288,2,cloudresearch,America/New_York,2026-06-09,54,White or Caucasian,Woman,More than 5 years,Bachelor's degree,true,Employee - Full-Time (30 to 40+ hrs/week),first_shift,3,3,4,4,3,4,3,2,4,3,5,3,5,4,5,5,5,3,5,1,4,2,4,5,3,,5,2,5,1,2,2,2,2,1,3,2,1,2,1,4,5,4,5,4,5,5,4,1,4,4,4,4,0,0,5,3.4,3.2,4.4,4.5,1,4,3.0,,1.8,2.0,2.0,4.5,3.75,4.0,5,
R_3grNOOWx4A4IZnH,true,SV_6J3svun1r97AAHc,272,3,cloudresearch,America/New_York,2026-06-09,54,White or Caucasian,Woman,More than 5 years,Bachelor's degree,true,Employee - Full-Time (30 to 40+ hrs/week),first_shift,3,3,4,4,3,4,3,2,4,3,5,3,5,4,5,5,5,3,5,1,4,2,4,5,5,,5,2,5,2,3,2,2,5,2,5,5,1,2,2,5,5,4,5,4,5,5,4,1,4,4,4,4,0,0,5,3.4,3.2,4.4,4.5,1,4,3.0,,2.8,4.0,2.5,4.5,3.75,4.0,5,1
R_3mPqdeQVAbgcbUi,true,SV_5nV942MJGubDmqq,371,1,cloudresearch,America/Los_Angeles,2026-06-09,30,Hispanic or Latino,Man,More than 5 years,Associate degree,true,Employee - Part-Time (<30 hrs/week),third_shift,4,2,2,4,4,3,1,3,5,4,2,1,4,2,1,3,2,1,4,1,3,3,4,5,1,5,2,5,5,2,1,1,1,1,1,2,2,4,4,4,4,4,4,5,5,2,5,2,1,5,5,5,5,0,0,3,3.2,3.2,2.0,2.5,1,3,3.5,3.8333333333333335,1.2,1.6666666666666667,4.0,4.5,2.5,5.0,3,2
R_3mPqdeQVAbgcbUi,true,SV_eRKl4lgMZDAurT8,278,2,cloudresearch,America/Los_Angeles,2026-06-09,30,Hispanic or Latino,Man,More than 5 years,Associate degree,true,Employee - Part-Time (<30 hrs/week),third_shift,4,2,2,4,4,3,1,3,5,4,2,1,4,2,1,3,2,1,4,1,3,3,4,5,5,,3,5,5,1,3,2,2,3,1,1,1,2,1,2,1,1,2,5,1,1,2,1,1,5,5,5,5,0,0,2,3.2,3.2,2.0,2.5,1,3,3.5,,2.2,1.0,1.5,2.25,1.25,5.0,2,2
R_3mPqdeQVAbgcbUi,true,SV_6J3svun1r97AAHc,323,3,cloudresearch,America/Los_Angeles,2026-06-09,30,Hispanic or Latino,Man,More than 5 years,Associate degree,true,Employee - Part-Time (<30 hrs/week),third_shift,4,2,2,4,4,3,1,3,5,4,2,1,4,2,1,3,2,1,4,1,3,3,4,5,5,,3,5,5,3,3,3,3,3,2,1,2,1,1,2,2,1,4,5,5,1,2,2,1,5,5,5,5,0,0,2,3.2,3.2,2.0,2.5,1,3,3.5,,3.0,1.6666666666666667,1.5,3.75,1.5,5.0,2,2
R_3rPjTcv6YBNnACq,false,SV_5nV942MJGubDmqq,74,1,snowball,America/Denver,2026-06-09,31,Two or more races,Man,1 to 3 years,Master's degree,false,Employee - Full-Time (30 to 40+ hrs/week),first_shift,5,5,5,4,3,3,2,3,4,4,2,2,1,2,2,2,1,1,3,2,2,5,5,1,1,1,1,1,1,1,1,1,1,1,1,1,1,1,1,1,1,1,1,1,1,1,2,1,1,5,5,5,5,0,0,2,4.4,3.2,1.8,1.75,2,2,5.0,1.0,1.0,1.0,1.0,1.0,1.25,5.0,2,3
R_3rPjTcv6YBNnACq,false,SV_eRKl4lgMZDAurT8,97,2,snowball,America/Denver,2026-06-09,31,Two or more races,Man,1 to 3 years,Master's degree,false,Employee - Full-Time (30 to 40+ hrs/week),first_shift,5,5,5,4,3,3,2,3,4,4,2,2,1,2,2,2,1,1,3,2,2,5,5,3,1,,1,1,1,1,2,2,2,1,1,1,1,3,1,1,1,1,2,4,4,1,1,2,2,5,5,5,5,1,32,3,4.4,3.2,1.8,1.75,2,2,5.0,,1.6,1.0,1.5,2.75,1.5,5.0,3,2
R_3rPjTcv6YBNnACq,false,SV_6J3svun1r97AAHc,106,3,snowball,America/Denver,2026-06-09,31,Two or more races,Man,1 to 3 years,Master's degree,false,Employee - Full-Time (30 to 40+ hrs/week),first_shift,5,5,5,4,3,3,2,3,4,4,2,2,1,2,2,2,1,1,3,2,2,5,5,3,2,,3,3,1,1,2,2,2,1,1,2,1,2,1,1,2,2,3,5,4,1,1,1,2,5,5,5,5,3,96,1,4.4,3.2,1.8,1.75,2,2,5.0,,1.6,1.3333333333333333,1.5,3.5,1.25,5.0,1,3
R_3wQutG1JG4Vxedf,true,SV_5nV942MJGubDmqq,280,1,cloudresearch,America/Los_Angeles,2026-06-09,31,Asian,Man,1 to 3 years,Associate degree,true,Employee - Full-Time (30 to 40+ hrs/week),third_shift,5,4,5,5,4,3,2,2,3,2,2,2,2,2,2,1,3,2,2,4,2,5,4,3,3,3,3,3,3,2,2,2,2,2,3,4,3,4,3,3,3,2,4,2,4,3,4,3,4,4,4,5,4,1,30,2,4.6,2.4,2.0,2.0,4,2,4.5,3.0,2.0,3.3333333333333335,3.25,3.0,3.5,4.25,2,4
R_3wQutG1JG4Vxedf,true,SV_eRKl4lgMZDAurT8,179,2,cloudresearch,America/Los_Angeles,2026-06-09,31,Asian,Man,1 to 3 years,Associate degree,true,Employee - Full-Time (30 to 40+ hrs/week),third_shift,5,4,5,5,4,3,2,2,3,2,2,2,2,2,2,1,3,2,2,4,2,5,4,2,3,,2,2,3,2,2,2,2,2,3,2,3,4,4,3,3,2,3,4,3,2,3,3,4,5,4,5,4,1,15,2,4.6,2.4,2.0,2.0,4,2,4.5,,2.0,2.6666666666666665,3.5,3.0,3.0,4.5,2,
R_3wQutG1JG4Vxedf,true,SV_6J3svun1r97AAHc,213,3,cloudresearch,America/Los_Angeles,2026-06-09,31,Asian,Man,1 to 3 years,Associate degree,true,Employee - Full-Time (30 to 40+ hrs/week),third_shift,5,4,5,5,4,3,2,2,3,2,2,2,2,2,2,1,3,2,2,4,2,5,4,2,2,,2,2,2,2,2,2,2,2,2,3,3,4,3,3,2,3,3,3,4,3,3,3,3,4,5,4,5,1,5,2,4.6,2.4,2.0,2.0,4,2,4.5,,2.0,2.6666666666666665,3.0,3.25,3.0,4.5,2,
R_3y3IbSnrgwqmlwQ,true,SV_5nV942MJGubDmqq,157,1,cloudresearch,America/Chicago,2026-06-09,48,Black or African American,Woman,Less than a year,Bachelor's degree,true,Independent Contractor or Freelancer (1099),first_shift,4,2,3,3,3,3,1,2,2,2,1,1,1,1,1,1,1,1,2,5,3,2,1,5,1,3,1,1,2,2,1,1,1,1,1,2,1,1,1,1,3,1,1,1,3,1,1,1,1,5,5,5,5,0,5,1,3.0,2.0,1.0,1.25,5,3,1.5,2.1666666666666665,1.2,1.3333333333333333,1.5,1.5,1.0,5.0,1,4
R_3y3IbSnrgwqmlwQ,true,SV_eRKl4lgMZDAurT8,161,2,cloudresearch,America/Chicago,2026-06-09,48,Black or African American,Woman,Less than a year,Bachelor's degree,true,Independent Contractor or Freelancer (1099),first_shift,4,2,3,3,3,3,1,2,2,2,1,1,1,1,1,1,1,1,2,5,3,2,1,2,1,,1,1,1,2,1,1,2,1,1,1,1,2,1,2,3,3,2,4,1,2,1,1,1,5,5,5,5,0,2,1,3.0,2.0,1.0,1.25,5,3,1.5,,1.4,1.0,2.0,2.5,1.25,5.0,1,5
R_3y3IbSnrgwqmlwQ,true,SV_6J3svun1r97AAHc,141,3,cloudresearch,America/Chicago,2026-06-09,48,Black or African American,Woman,Less than a year,Bachelor's degree,true,Independent Contractor or Freelancer (1099),first_shift,4,2,3,3,3,3,1,2,2,2,1,1,1,1,1,1,1,1,2,5,3,2,1,1,1,,1,1,1,2,2,1,2,1,1,1,1,1,2,2,1,2,2,3,3,2,1,2,1,5,5,5,5,0,3,1,3.0,2.0,1.0,1.25,5,3,1.5,,1.6,1.0,1.5,2.5,1.5,5.0,1,4
R_52PXBSsRvKLaULs,true,SV_5nV942MJGubDmqq,141,1,cloudresearch,America/New_York,2026-06-09,32,White or Caucasian,Woman,More than 5 years,Master's degree,true,Employee - Full-Time (30 to 40+ hrs/week),first_shift,3,3,3,3,3,2,2,2,4,2,2,2,2,4,2,2,2,1,2,4,2,2,2,2,2,3,2,2,2,4,5,2,2,2,1,1,1,4,1,1,2,2,3,5,4,1,2,2,1,5,5,5,5,0,0,1,3.0,2.4,2.4,1.75,4,2,2.0,2.1666666666666665,3.0,1.0,2.0,3.5,1.5,5.0,1,4
R_52PXBSsRvKLaULs,true,SV_eRKl4lgMZDAurT8,123,2,cloudresearch,America/New_York,2026-06-09,32,White or Caucasian,Woman,More than 5 years,Master's degree,true,Employee - Full-Time (30 to 40+ hrs/week),first_shift,3,3,3,3,3,2,2,2,4,2,2,2,2,4,2,2,2,1,2,4,2,2,2,5,2,,2,2,2,1,2,1,1,1,1,1,1,1,1,1,1,1,1,3,4,1,1,1,1,5,5,5,5,1,45,1,3.0,2.4,2.4,1.75,4,2,2.0,,1.2,1.0,1.0,2.25,1.0,5.0,1,4
R_52PXBSsRvKLaULs,true,SV_6J3svun1r97AAHc,122,3,cloudresearch,America/New_York,2026-06-09,32,White or Caucasian,Woman,More than 5 years,Master's degree,true,Employee - Full-Time (30 to 40+ hrs/week),first_shift,3,3,3,3,3,2,2,2,4,2,2,2,2,4,2,2,2,1,2,4,2,2,2,2,2,,3,2,2,2,2,3,3,2,1,1,2,2,1,2,1,3,4,4,4,1,1,1,1,5,5,5,5,0,0,1,3.0,2.4,2.4,1.75,4,2,2.0,,2.4,1.3333333333333333,1.5,3.75,1.0,5.0,1,4
R_5Hk9iB0PrPnftrI,false,SV_5nV942MJGubDmqq,526,1,snowball,America/New_York,2026-06-09,33,Two or more races,Man,More than 5 years,"Some college, no degree",true,Independent Contractor or Freelancer (1099),early_shift,4,4,4,4,4,3,1,2,2,1,1,3,1,4,3,1,1,3,1,4,1,2,3,2,1,1,1,1,1,1,1,1,1,1,1,1,1,1,1,2,1,2,1,1,1,1,4,2,1,3,3,3,3,1,30,1,4.0,1.8,2.4,1.5,4,1,2.5,1.1666666666666667,1.0,1.0,1.25,1.25,2.0,3.0,1,4
R_5Hk9iB0PrPnftrI,false,SV_eRKl4lgMZDAurT8,235,2,snowball,America/New_York,2026-06-09,33,Two or more races,Man,More than 5 years,"Some college, no degree",true,Independent Contractor or Freelancer (1099),early_shift,4,4,4,4,4,3,1,2,2,1,1,3,1,4,3,1,1,3,1,4,1,2,3,2,1,,1,1,1,1,1,1,1,1,1,1,1,1,1,1,1,1,1,2,1,1,1,1,1,3,3,3,3,1,5,1,4.0,1.8,2.4,1.5,4,1,2.5,,1.0,1.0,1.0,1.25,1.0,3.0,1,
R_5Hk9iB0PrPnftrI,false,SV_6J3svun1r97AAHc,346,3,snowball,America/New_York,2026-06-09,33,Two or more races,Man,More than 5 years,"Some college, no degree",true,Independent Contractor or Freelancer (1099),early_shift,4,4,4,4,4,3,1,2,2,1,1,3,1,4,3,1,1,3,1,4,1,2,3,2,1,,1,1,1,1,1,1,1,1,1,1,2,1,1,2,1,1,2,1,1,1,4,1,1,3,3,3,3,1,15,1,4.0,1.8,2.4,1.5,4,1,2.5,,1.0,1.3333333333333333,1.25,1.25,1.75,3.0,1,2
R_5aLAqkwPrjtiA6V,false,SV_5nV942MJGubDmqq,193,1,snowball,America/New_York,2026-06-09,44,White or Caucasian,Woman,More than 5 years,Master's degree,true,Employee - Full-Time (30 to 40+ hrs/week),first_shift,4,3,3,4,4,3,2,2,2,2,1,1,2,2,1,1,1,1,1,4,2,2,2,3,2,3,2,3,2,1,3,1,2,1,1,1,1,2,1,1,3,2,1,4,5,1,1,1,1,4,4,5,4,0,0,1,3.6,2.2,1.4,1.0,4,2,2.0,2.5,1.6,1.0,1.75,3.0,1.0,4.25,1,4
R_5aLAqkwPrjtiA6V,false,SV_eRKl4lgMZDAurT8,248,2,snowball,America/New_York,2026-06-09,44,White or Caucasian,Woman,More than 5 years,Master's degree,true,Employee - Full-Time (30 to 40+ hrs/week),first_shift,4,3,3,4,4,3,2,2,2,2,1,1,2,2,1,1,1,1,1,4,2,2,2,4,4,,2,4,3,3,4,3,4,3,1,1,1,2,1,1,2,3,1,4,5,1,1,1,1,4,4,4,5,2,120,1,3.6,2.2,1.4,1.0,4,2,2.0,,3.4,1.0,1.5,3.25,1.0,4.25,1,4
R_5aLAqkwPrjtiA6V,false,SV_6J3svun1r97AAHc,129,3,snowball,America/New_York,2026-06-09,44,White or Caucasian,Woman,More than 5 years,Master's degree,true,Employee - Full-Time (30 to 40+ hrs/week),first_shift,4,3,3,4,4,3,2,2,2,2,1,1,2,2,1,1,1,1,1,4,2,2,2,4,3,,2,4,2,3,2,2,2,2,1,1,1,2,2,2,1,4,3,3,5,2,1,1,1,4,5,5,5,2,131,1,3.6,2.2,1.4,1.0,4,2,2.0,,2.2,1.0,1.75,3.75,1.25,4.75,1,4
R_5dt0JmmQIIxLRRU,true,SV_5nV942MJGubDmqq,132,1,cloudresearch,America/Denver,2026-06-09,36,Hispanic or Latino,Man,More than 5 years,Professional or doctorate degree,true,Employee - Full-Time (30 to 40+ hrs/week),first_shift,4,3,5,4,3,1,1,1,2,1,1,1,1,1,1,1,1,1,1,5,1,3,2,2,1,1,1,1,1,1,1,1,2,1,1,1,1,2,4,1,3,3,1,4,2,1,1,1,1,5,5,5,5,1,30,1,3.8,1.2,1.0,1.0,5,1,2.5,1.1666666666666667,1.2,1.0,2.5,2.5,1.0,5.0,1,4
R_5dt0JmmQIIxLRRU,true,SV_eRKl4lgMZDAurT8,88,2,cloudresearch,America/Denver,2026-06-09,36,Hispanic or Latino,Man,More than 5 years,Professional or doctorate degree,true,Employee - Full-Time (30 to 40+ hrs/week),first_shift,4,3,5,4,3,1,1,1,2,1,1,1,1,1,1,1,1,1,1,5,1,3,2,1,1,,1,1,1,2,1,2,2,1,1,2,1,1,2,2,1,1,1,1,1,1,2,1,2,5,5,5,5,0,0,1,3.8,1.2,1.0,1.0,5,1,2.5,,1.6,1.3333333333333333,1.5,1.0,1.5,5.0,1,5
R_5dt0JmmQIIxLRRU,true,SV_6J3svun1r97AAHc,112,3,cloudresearch,America/Denver,2026-06-09,36,Hispanic or Latino,Man,More than 5 years,Professional or doctorate degree,true,Employee - Full-Time (30 to 40+ hrs/week),first_shift,4,3,5,4,3,1,1,1,2,1,1,1,1,1,1,1,1,1,1,5,1,3,2,1,1,,2,1,1,1,1,1,1,2,1,1,1,1,1,2,2,1,1,1,1,1,1,1,1,5,5,5,5,2,62,1,3.8,1.2,1.0,1.0,5,1,2.5,,1.2,1.0,1.5,1.0,1.0,5.0,1,5
R_5meMY9C7fhy1djc,true,SV_5nV942MJGubDmqq,166,1,cloudresearch,America/Chicago,2026-06-09,34,White or Caucasian,Man,More than 5 years,Bachelor's degree,true,Employee - Full-Time (30 to 40+ hrs/week),first_shift,4,3,3,4,3,2,2,2,3,3,4,3,4,4,4,1,2,2,2,3,4,3,3,3,2,2,2,2,2,3,2,2,2,2,1,1,1,2,2,2,2,2,2,4,3,2,2,2,1,5,5,5,5,1,25,1,3.4,2.4,3.8,1.75,3,4,3.0,2.1666666666666665,2.2,1.0,2.0,2.75,1.75,5.0,1,3
R_5meMY9C7fhy1djc,true,SV_eRKl4lgMZDAurT8,173,2,cloudresearch,America/Chicago,2026-06-09,34,White or Caucasian,Man,More than 5 years,Bachelor's degree,true,Employee - Full-Time (30 to 40+ hrs/week),first_shift,4,3,3,4,3,2,2,2,3,3,4,3,4,4,4,1,2,2,2,3,4,3,3,3,3,,2,2,3,3,3,2,3,3,1,1,1,4,4,4,2,2,3,4,4,2,2,2,1,5,5,5,5,1,50,2,3.4,2.4,3.8,1.75,3,4,3.0,,2.8,1.0,3.5,3.25,1.75,5.0,2,3
R_5meMY9C7fhy1djc,true,SV_6J3svun1r97AAHc,126,3,cloudresearch,America/Chicago,2026-06-09,34,White or Caucasian,Man,More than 5 years,Bachelor's degree,true,Employee - Full-Time (30 to 40+ hrs/week),first_shift,4,3,3,4,3,2,2,2,3,3,4,3,4,4,4,1,2,2,2,3,4,3,3,2,2,,2,2,2,3,4,2,4,3,1,1,1,2,2,2,2,4,2,2,4,2,2,2,1,5,5,5,5,0,0,2,3.4,2.4,3.8,1.75,3,4,3.0,,3.2,1.0,2.0,3.0,1.75,5.0,2,3
R_6rNVaavSHEfFSmI,false,SV_5nV942MJGubDmqq,184,1,snowball,America/New_York,2026-06-09,32,White or Caucasian,Woman,1 to 3 years,Professional or doctorate degree,true,Employee - Full-Time (30 to 40+ hrs/week),first_shift,4,2,4,4,4,3,3,2,4,2,5,5,5,5,5,4,4,3,5,2,2,4,4,3,5,5,3,5,5,3,3,3,3,3,1,2,2,1,2,2,5,4,4,5,4,2,4,4,4,4,4,4,4,0,0,3,3.6,2.8,5.0,4.0,2,2,4.0,4.333333333333333,3.0,1.6666666666666667,2.5,4.25,3.5,4.0,3,2
R_6rNVaavSHEfFSmI,false,SV_eRKl4lgMZDAurT8,838,2,snowball,America/New_York,2026-06-09,32,White or Caucasian,Woman,1 to 3 years,Professional or doctorate degree,true,Employee - Full-Time (30 to 40+ hrs/week),first_shift,4,2,4,4,4,3,3,2,4,2,5,5,5,5,5,4,4,3,5,2,2,4,4,5,4,,4,5,5,4,4,4,4,4,1,2,1,4,2,3,4,5,4,4,5,2,4,2,3,4,4,4,4,2,60,4,3.6,2.8,5.0,4.0,2,2,4.0,,4.0,1.3333333333333333,3.25,4.5,2.75,4.0,4,
R_6rNVaavSHEfFSmI,false,SV_6J3svun1r97AAHc,156,3,snowball,America/New_York,2026-06-09,32,White or Caucasian,Woman,1 to 3 years,Professional or doctorate degree,true,Employee - Full-Time (30 to 40+ hrs/week),first_shift,4,2,4,4,4,3,3,2,4,2,5,5,5,5,5,4,4,3,5,2,2,4,4,2,2,,2,2,2,2,2,2,2,2,1,1,1,2,2,4,2,4,2,2,4,2,2,2,2,4,4,4,4,0,0,3,3.6,2.8,5.0,4.0,2,2,4.0,,2.0,1.0,2.5,3.0,2.0,4.0,3,2
R_76b6bHekZqCK8TL,true,SV_5nV942MJGubDmqq,161,1,cloudresearch,America/Chicago,2026-06-09,37,White or Caucasian,Man,More than 5 years,Master's degree,true,Employee - Full-Time (30 to 40+ hrs/week),first_shift,3,3,4,4,3,2,2,2,5,5,4,4,4,4,4,5,4,4,5,3,5,1,1,5,5,5,2,1,5,1,1,1,1,2,1,3,3,5,4,4,4,4,5,5,4,4,4,3,1,5,5,5,5,2,90,5,3.4,3.2,4.0,4.5,3,5,1.0,3.8333333333333335,1.2,2.3333333333333335,4.25,4.5,3.0,5.0,5,1
R_76b6bHekZqCK8TL,true,SV_eRKl4lgMZDAurT8,114,2,cloudresearch,America/Chicago,2026-06-09,37,White or Caucasian,Man,More than 5 years,Master's degree,true,Employee - Full-Time (30 to 40+ hrs/week),first_shift,3,3,4,4,3,2,2,2,5,5,4,4,4,4,4,5,4,4,5,3,5,1,1,5,5,,5,1,5,1,1,1,1,1,1,5,5,5,5,4,3,3,4,4,5,3,1,3,1,5,5,5,5,3,121,5,3.4,3.2,4.0,4.5,3,5,1.0,,1.0,3.6666666666666665,4.25,4.0,2.0,5.0,5,1
R_76b6bHekZqCK8TL,true,SV_6J3svun1r97AAHc,120,3,cloudresearch,America/Chicago,2026-06-09,37,White or Caucasian,Man,More than 5 years,Master's degree,true,Employee - Full-Time (30 to 40+ hrs/week),first_shift,3,3,4,4,3,2,2,2,5,5,4,4,4,4,4,5,4,4,5,3,5,1,1,5,5,,5,5,5,2,1,5,1,1,1,1,2,5,4,3,5,5,5,5,5,3,3,3,1,5,5,5,5,2,80,5,3.4,3.2,4.0,4.5,3,5,1.0,,2.0,1.3333333333333333,4.25,5.0,2.5,5.0,5,1
R_7PkeGLXrfmSc1vB,true,SV_5nV942MJGubDmqq,157,1,cloudresearch,America/Chicago,2026-06-09,41,White or Caucasian,Woman,More than 5 years,Bachelor's degree,false,Employee - Full-Time (30 to 40+ hrs/week),first_shift,4,3,4,4,3,2,1,2,2,1,1,1,1,2,1,1,1,1,1,4,1,3,2,2,1,1,1,1,1,1,1,1,1,1,1,1,1,2,1,2,2,1,3,2,1,2,2,2,2,4,5,4,5,0,0,1,3.6,1.6,1.2,1.0,4,1,2.5,1.1666666666666667,1.0,1.0,1.75,1.75,2.0,4.5,1,5
R_7PkeGLXrfmSc1vB,true,SV_eRKl4lgMZDAurT8,127,2,cloudresearch,America/Chicago,2026-06-09,41,White or Caucasian,Woman,More than 5 years,Bachelor's degree,false,Employee - Full-Time (30 to 40+ hrs/week),first_shift,4,3,4,4,3,2,1,2,2,1,1,1,1,2,1,1,1,1,1,4,1,3,2,1,1,,1,1,1,1,1,1,1,1,1,1,1,2,2,1,2,1,2,3,2,1,2,1,2,4,4,4,4,1,33,1,3.6,1.6,1.2,1.0,4,1,2.5,,1.0,1.0,1.75,2.0,1.5,4.0,1,5
R_7PkeGLXrfmSc1vB,true,SV_6J3svun1r97AAHc,108,3,cloudresearch,America/Chicago,2026-06-09,41,White or Caucasian,Woman,More than 5 years,Bachelor's degree,false,Employee - Full-Time (30 to 40+ hrs/week),first_shift,4,3,4,4,3,2,1,2,2,1,1,1,1,2,1,1,1,1,1,4,1,3,2,2,1,,1,1,1,1,1,1,1,1,1,1,1,1,1,1,1,2,1,3,2,1,1,1,2,4,4,4,4,0,0,1,3.6,1.6,1.2,1.0,4,1,2.5,,1.0,1.0,1.0,2.0,1.25,4.0,1,5
R_7VDYury53aQg2qE,true,SV_5nV942MJGubDmqq,190,1,cloudresearch,America/New_York,2026-06-09,56,White or Caucasian,Woman,More than 5 years,Bachelor's degree,true,Employee - Full-Time (30 to 40+ hrs/week),first_shift,4,3,5,3,4,3,1,1,3,1,1,1,1,1,1,1,1,1,1,5,1,4,3,1,1,1,1,1,1,1,1,1,1,1,1,1,1,1,1,1,1,1,1,1,4,1,1,1,1,3,5,3,5,0,0,1,3.8,1.8,1.0,1.0,5,1,3.5,1.0,1.0,1.0,1.0,1.75,1.0,4.0,1,5
R_7VDYury53aQg2qE,true,SV_eRKl4lgMZDAurT8,255,2,cloudresearch,America/New_York,2026-06-09,56,White or Caucasian,Woman,More than 5 years,Bachelor's degree,true,Employee - Full-Time (30 to 40+ hrs/week),first_shift,4,3,5,3,4,3,1,1,3,1,1,1,1,1,1,1,1,1,1,5,1,4,3,5,3,,1,1,1,3,3,3,3,3,1,1,1,1,1,1,1,1,1,3,1,1,1,1,1,3,3,3,5,0,0,1,3.8,1.8,1.0,1.0,5,1,3.5,,3.0,1.0,1.0,1.5,1.0,3.5,1,
R_7VDYury53aQg2qE,true,SV_6J3svun1r97AAHc,134,3,cloudresearch,America/New_York,2026-06-09,56,White or Caucasian,Woman,More than 5 years,Bachelor's degree,true,Employee - Full-Time (30 to 40+ hrs/week),first_shift,4,3,5,3,4,3,1,1,3,1,1,1,1,1,1,1,1,1,1,5,1,4,3,3,1,,1,1,1,2,2,1,2,1,1,1,1,1,1,1,1,1,1,1,4,1,1,1,1,3,3,3,5,0,0,1,3.8,1.8,1.0,1.0,5,1,3.5,,1.6,1.0,1.0,1.75,1.0,3.5,1,5
R_7eQEbnkZRtuK9ui,true,SV_5nV942MJGubDmqq,203,1,cloudresearch,America/Los_Angeles,2026-06-09,28,Hispanic or Latino,Man,1 to 3 years,Bachelor's degree,true,Employee - Full-Time (30 to 40+ hrs/week),third_shift,5,5,5,5,5,4,1,2,2,1,1,1,1,1,1,1,1,1,1,5,1,3,2,3,5,4,1,2,3,4,2,2,2,1,2,3,1,5,4,2,3,4,5,5,4,4,5,5,4,5,5,5,5,3,100,2,5.0,2.0,1.0,1.0,5,1,2.5,3.0,2.2,2.0,3.5,4.5,4.5,5.0,2,5
R_7eQEbnkZRtuK9ui,true,SV_eRKl4lgMZDAurT8,244,2,cloudresearch,America/Los_Angeles,2026-06-09,28,Hispanic or Latino,Man,1 to 3 years,Bachelor's degree,true,Employee - Full-Time (30 to 40+ hrs/week),third_shift,5,5,5,5,5,4,1,2,2,1,1,1,1,1,1,1,1,1,1,5,1,3,2,2,2,,2,3,4,2,5,2,2,3,2,1,1,1,1,4,1,1,1,5,1,1,1,4,1,5,5,5,5,0,0,1,5.0,2.0,1.0,1.0,5,1,2.5,,2.8,1.3333333333333333,1.75,2.0,1.75,5.0,1,
R_7eQEbnkZRtuK9ui,true,SV_6J3svun1r97AAHc,191,3,cloudresearch,America/Los_Angeles,2026-06-09,28,Hispanic or Latino,Man,1 to 3 years,Bachelor's degree,true,Employee - Full-Time (30 to 40+ hrs/week),third_shift,5,5,5,5,5,4,1,2,2,1,1,1,1,1,1,1,1,1,1,5,1,3,2,2,2,,2,3,2,2,1,2,2,3,1,1,1,4,5,5,1,5,5,4,1,3,4,5,2,5,5,5,5,0,0,2,5.0,2.0,1.0,1.0,5,1,2.5,,2.0,1.0,3.75,3.75,3.5,5.0,2,
R_11pcwJ3w1Gk2LJE,true,SV_5nV942MJGubDmqq,113,1,cloudresearch,America/New_York,2026-06-08,41,White or Caucasian,Man,More than 5 years,Professional or doctorate degree,false,Employee - Full-Time (30 to 40+ hrs/week),first_shift,2,5,5,4,3,1,1,1,2,2,1,2,1,1,1,1,1,1,1,5,1,1,1,2,2,2,1,1,1,3,2,2,2,2,1,2,3,5,1,1,1,2,1,3,2,1,2,3,2,5,5,5,5,1,43,1,3.8,1.4,1.2,1.0,5,1,1.0,1.5,2.2,2.0,2.0,2.0,2.0,5.0,1,4
R_11pcwJ3w1Gk2LJE,true,SV_eRKl4lgMZDAurT8,242,2,cloudresearch,America/New_York,2026-06-08,41,White or Caucasian,Man,More than 5 years,Professional or doctorate degree,false,Employee - Full-Time (30 to 40+ hrs/week),first_shift,2,5,5,4,3,1,1,1,2,2,1,2,1,1,1,1,1,1,1,5,1,1,1,1,2,,2,2,1,2,1,2,2,2,1,1,1,2,1,2,1,2,1,2,3,3,2,2,2,5,5,5,5,3,64,2,3.8,1.4,1.2,1.0,5,1,1.0,,1.8,1.0,1.5,2.0,2.25,5.0,2,
R_11pcwJ3w1Gk2LJE,true,SV_6J3svun1r97AAHc,118,3,cloudresearch,America/New_York,2026-06-08,41,White or Caucasian,Man,More than 5 years,Professional or doctorate degree,false,Employee - Full-Time (30 to 40+ hrs/week),first_shift,2,5,5,4,3,1,1,1,2,2,1,2,1,1,1,1,1,1,1,5,1,1,1,3,1,,2,2,1,2,1,2,1,1,1,2,2,3,2,2,3,2,1,2,2,2,1,1,2,4,4,4,4,4,130,2,3.8,1.4,1.2,1.0,5,1,1.0,,1.4,1.6666666666666667,2.5,1.75,1.5,4.0,2,
R_17P5ofqe6bePi1c,true,SV_5nV942MJGubDmqq,261,1,cloudresearch,America/Chicago,2026-06-08,37,White or Caucasian,Man,3 to 5 years,Bachelor's degree,true,Employee - Full-Time (30 to 40+ hrs/week),first_shift,3,3,4,4,3,2,2,2,2,2,2,2,4,2,2,1,1,2,1,5,1,3,3,1,1,1,1,1,1,1,1,1,1,1,1,1,1,1,1,1,1,2,1,3,2,1,1,1,1,5,5,5,5,0,0,1,3.4,2.0,2.4,1.25,5,1,3.0,1.0,1.0,1.0,1.0,2.0,1.0,5.0,1,5
R_17P5ofqe6bePi1c,true,SV_eRKl4lgMZDAurT8,151,2,cloudresearch,America/Chicago,2026-06-08,37,White or Caucasian,Man,3 to 5 years,Bachelor's degree,true,Employee - Full-Time (30 to 40+ hrs/week),first_shift,3,3,4,4,3,2,2,2,2,2,2,2,4,2,2,1,1,2,1,5,1,3,3,1,1,,1,1,1,2,2,2,2,2,1,1,1,1,1,1,1,2,1,3,2,1,1,1,1,5,5,5,5,2,50,1,3.4,2.0,2.4,1.25,5,1,3.0,,2.0,1.0,1.0,2.0,1.0,5.0,1,
R_17P5ofqe6bePi1c,true,SV_6J3svun1r97AAHc,127,3,cloudresearch,America/Chicago,2026-06-08,37,White or Caucasian,Man,3 to 5 years,Bachelor's degree,true,Employee - Full-Time (30 to 40+ hrs/week),first_shift,3,3,4,4,3,2,2,2,2,2,2,2,4,2,2,1,1,2,1,5,1,3,3,2,2,,1,1,1,2,2,2,2,2,1,1,1,1,1,1,1,2,1,3,3,1,1,1,1,5,5,5,5,2,90,1,3.4,2.0,2.4,1.25,5,1,3.0,,2.0,1.0,1.0,2.25,1.0,5.0,1,
R_1CUu0xkb8idxDej,true,SV_5nV942MJGubDmqq,126,1,cloudresearch,America/New_York,2026-06-08,38,White or Caucasian,Man,1 to 3 years,Bachelor's degree,false,Employee - Full-Time (30 to 40+ hrs/week),first_shift,5,4,4,5,4,2,1,2,3,2,1,1,1,1,1,1,1,1,1,4,2,2,2,2,1,1,1,1,1,1,1,1,2,1,1,1,1,1,1,1,1,1,1,3,2,1,1,1,1,5,5,5,5,0,0,1,4.4,2.0,1.0,1.0,4,2,2.0,1.1666666666666667,1.2,1.0,1.0,1.75,1.0,5.0,1,5
R_1CUu0xkb8idxDej,true,SV_eRKl4lgMZDAurT8,386,2,cloudresearch,America/New_York,2026-06-08,38,White or Caucasian,Man,1 to 3 years,Bachelor's degree,false,Employee - Full-Time (30 to 40+ hrs/week),first_shift,5,4,4,5,4,2,1,2,3,2,1,1,1,1,1,1,1,1,1,4,2,2,2,2,1,,1,1,1,1,2,1,2,1,1,1,1,1,1,1,1,1,1,2,3,1,1,1,1,5,5,5,5,1,60,1,4.4,2.0,1.0,1.0,4,2,2.0,,1.4,1.0,1.0,1.75,1.0,5.0,1,
R_1CUu0xkb8idxDej,true,SV_6J3svun1r97AAHc,695,3,cloudresearch,America/New_York,2026-06-08,38,White or Caucasian,Man,1 to 3 years,Bachelor's degree,false,Employee - Full-Time (30 to 40+ hrs/week),first_shift,5,4,4,5,4,2,1,2,3,2,1,1,1,1,1,1,1,1,1,4,2,2,2,1,1,,1,1,1,1,1,1,2,1,1,1,1,1,1,1,1,2,1,1,3,1,1,1,1,5,5,5,5,0,0,1,4.4,2.0,1.0,1.0,4,2,2.0,,1.2,1.0,1.0,1.75,1.0,5.0,1,
R_1CvybJcov7JArlh,true,SV_5nV942MJGubDmqq,135,1,cloudresearch,America/Denver,2026-06-08,42,Hispanic or Latino,Woman,Less than a year,Bachelor's degree,true,Other,second_shift,3,2,2,4,2,4,2,3,3,3,1,2,2,3,2,1,2,1,3,4,4,3,3,2,2,3,3,2,4,1,1,1,1,1,2,2,2,2,1,1,2,1,1,3,3,1,2,1,1,5,5,5,5,0,0,1,2.6,3.0,2.0,1.75,4,4,3.0,2.6666666666666665,1.0,2.0,1.5,2.0,1.25,5.0,1,3
R_1CvybJcov7JArlh,true,SV_eRKl4lgMZDAurT8,228,2,cloudresearch,America/Denver,2026-06-08,42,Hispanic or Latino,Woman,Less than a year,Bachelor's degree,true,Other,second_shift,3,2,2,4,2,4,2,3,3,3,1,2,2,3,2,1,2,1,3,4,4,3,3,3,2,,3,2,2,1,1,1,1,1,2,2,2,1,1,1,1,2,4,4,4,1,1,1,1,5,5,5,5,0,0,2,2.6,3.0,2.0,1.75,4,4,3.0,,1.0,2.0,1.0,3.5,1.0,5.0,2,
R_1CvybJcov7JArlh,true,SV_6J3svun1r97AAHc,347,3,cloudresearch,America/Denver,2026-06-08,42,Hispanic or Latino,Woman,Less than a year,Bachelor's degree,true,Other,second_shift,3,2,2,4,2,4,2,3,3,3,1,2,2,3,2,1,2,1,3,4,4,3,3,3,2,,3,3,3,2,2,2,2,2,2,2,2,4,1,1,3,3,2,4,4,1,1,1,1,5,5,5,5,0,0,2,2.6,3.0,2.0,1.75,4,4,3.0,,2.0,2.0,2.25,3.25,1.0,5.0,2,
R_1JLCLFpmO6BHpVE,true,SV_5nV942MJGubDmqq,261,1,cloudresearch,America/New_York,2026-06-08,30,White or Caucasian,Man,3 to 5 years,Associate degree,false,Employee - Full-Time (30 to 40+ hrs/week),first_shift,4,3,4,3,3,2,1,2,3,1,3,3,4,4,4,2,3,2,4,4,1,4,4,2,1,1,1,3,1,2,5,1,5,3,1,2,1,1,1,1,1,2,3,4,1,1,1,1,2,5,5,5,5,1,63,1,3.4,1.8,3.6,2.75,4,1,4.0,1.5,3.2,1.3333333333333333,1.0,2.5,1.25,5.0,1,4
R_1JLCLFpmO6BHpVE,true,SV_eRKl4lgMZDAurT8,339,2,cloudresearch,America/New_York,2026-06-08,30,White or Caucasian,Man,3 to 5 years,Associate degree,false,Employee - Full-Time (30 to 40+ hrs/week),first_shift,4,3,4,3,3,2,1,2,3,1,3,3,4,4,4,2,3,2,4,4,1,4,4,3,2,,1,1,2,3,3,2,3,2,1,1,2,1,1,1,2,1,4,4,3,1,1,1,1,5,5,5,5,1,89,1,3.4,1.8,3.6,2.75,4,1,4.0,,2.6,1.3333333333333333,1.25,3.0,1.0,5.0,1,
R_1JLCLFpmO6BHpVE,true,SV_6J3svun1r97AAHc,191,3,cloudresearch,America/New_York,2026-06-08,30,White or Caucasian,Man,3 to 5 years,Associate degree,false,Employee - Full-Time (30 to 40+ hrs/week),first_shift,4,3,4,3,3,2,1,2,3,1,3,3,4,4,4,2,3,2,4,4,1,4,4,2,2,,1,2,2,3,3,3,2,2,1,1,1,1,1,1,1,2,3,3,2,1,2,1,1,5,5,5,5,0,0,1,3.4,1.8,3.6,2.75,4,1,4.0,,2.6,1.0,1.0,2.5,1.25,5.0,1,
R_1QPXUIxZoY1RzHP,true,SV_5nV942MJGubDmqq,221,1,cloudresearch,America/New_York,2026-06-08,36,White or Caucasian,Woman,3 to 5 years,Professional or doctorate degree,true,Employee - Full-Time (30 to 40+ hrs/week),first_shift,3,3,3,2,3,3,2,3,3,3,1,1,1,1,1,2,1,1,1,4,1,2,4,4,3,2,2,3,4,3,3,2,4,2,2,2,2,2,1,1,1,1,1,4,4,1,1,1,1,2,3,2,3,1,16,5,2.8,2.8,1.0,1.25,4,1,3.0,3.0,2.8,2.0,1.25,2.5,1.0,2.5,5,1
R_1QPXUIxZoY1RzHP,true,SV_eRKl4lgMZDAurT8,167,2,cloudresearch,America/New_York,2026-06-08,36,White or Caucasian,Woman,3 to 5 years,Professional or doctorate degree,true,Employee - Full-Time (30 to 40+ hrs/week),first_shift,3,3,3,2,3,3,2,3,3,3,1,1,1,1,1,2,1,1,1,4,1,2,4,4,2,,3,3,4,2,3,2,2,3,2,3,4,2,1,3,2,4,2,4,1,1,2,1,1,2,2,2,2,5,163,5,2.8,2.8,1.0,1.25,4,1,3.0,,2.4,3.0,2.0,2.75,1.25,2.0,5,
R_1QPXUIxZoY1RzHP,true,SV_6J3svun1r97AAHc,128,3,cloudresearch,America/New_York,2026-06-08,36,White or Caucasian,Woman,3 to 5 years,Professional or doctorate degree,true,Employee - Full-Time (30 to 40+ hrs/week),first_shift,3,3,3,2,3,3,2,3,3,3,1,1,1,1,1,2,1,1,1,4,1,2,4,3,2,,4,3,4,3,4,4,2,3,1,1,1,2,3,4,3,3,3,3,2,3,2,1,2,3,3,2,3,1,54,4,2.8,2.8,1.0,1.25,4,1,3.0,,3.2,1.0,3.0,2.75,2.0,2.75,4,
R_1VraMKT8ecHgoXM,true,SV_5nV942MJGubDmqq,146,1,cloudresearch,America/Chicago,2026-06-08,43,White or Caucasian,Man,More than 5 years,"Some college, no degree",false,Employee - Full-Time (30 to 40+ hrs/week),first_shift,4,3,3,4,4,2,2,2,3,2,3,4,4,3,4,4,3,4,5,3,1,3,3,1,1,1,1,1,1,1,1,1,1,2,1,1,1,1,1,1,1,1,1,3,4,1,1,1,1,5,5,5,5,0,0,1,3.6,2.2,3.6,4.0,3,1,3.0,1.0,1.2,1.0,1.0,2.25,1.0,5.0,1,4
R_1VraMKT8ecHgoXM,true,SV_eRKl4lgMZDAurT8,92,2,cloudresearch,America/Chicago,2026-06-08,43,White or Caucasian,Man,More than 5 years,"Some college, no degree",false,Employee - Full-Time (30 to 40+ hrs/week),first_shift,4,3,3,4,4,2,2,2,3,2,3,4,4,3,4,4,3,4,5,3,1,3,3,1,1,,1,1,1,1,1,1,1,1,1,1,2,1,1,1,1,1,1,1,1,1,1,1,1,5,5,5,5,0,5,1,3.6,2.2,3.6,4.0,3,1,3.0,,1.0,1.3333333333333333,1.0,1.0,1.0,5.0,1,
R_1VraMKT8ecHgoXM,true,SV_6J3svun1r97AAHc,160,3,cloudresearch,America/Chicago,2026-06-08,43,White or Caucasian,Man,More than 5 years,"Some college, no degree",false,Employee - Full-Time (30 to 40+ hrs/week),first_shift,4,3,3,4,4,2,2,2,3,2,3,4,4,3,4,4,3,4,5,3,1,3,3,1,1,,1,1,1,1,1,1,1,1,1,1,1,1,1,1,1,1,1,1,1,1,1,1,1,5,5,5,5,0,0,1,3.6,2.2,3.6,4.0,3,1,3.0,,1.0,1.0,1.0,1.0,1.0,5.0,1,
R_1alFnie3KaMxId8,true,SV_5nV942MJGubDmqq,150,1,cloudresearch,America/Los_Angeles,2026-06-08,29,"Arab, Middle Eastern, or North African",Man,3 to 5 years,Associate degree,true,Employee - Full-Time (30 to 40+ hrs/week),early_shift,4,4,5,4,4,2,2,1,1,2,1,1,1,1,1,1,1,1,1,5,2,3,3,2,2,1,1,2,1,3,2,3,2,2,1,1,1,1,1,1,1,2,1,1,1,1,1,1,1,4,4,4,4,0,0,1,4.2,1.6,1.0,1.0,5,2,3.0,1.5,2.4,1.0,1.0,1.25,1.0,4.0,1,5
R_1alFnie3KaMxId8,true,SV_eRKl4lgMZDAurT8,104,2,cloudresearch,America/Los_Angeles,2026-06-08,29,"Arab, Middle Eastern, or North African",Man,3 to 5 years,Associate degree,true,Employee - Full-Time (30 to 40+ hrs/week),early_shift,4,4,5,4,4,2,2,1,1,2,1,1,1,1,1,1,1,1,1,5,2,3,3,2,3,,1,1,1,1,1,2,1,1,1,1,1,1,1,1,1,1,1,1,1,1,1,1,1,4,4,4,4,0,0,1,4.2,1.6,1.0,1.0,5,2,3.0,,1.2,1.0,1.0,1.0,1.0,4.0,1,
R_1alFnie3KaMxId8,true,SV_6J3svun1r97AAHc,78,3,cloudresearch,America/Los_Angeles,2026-06-08,29,"Arab, Middle Eastern, or North African",Man,3 to 5 years,Associate degree,true,Employee - Full-Time (30 to 40+ hrs/week),early_shift,4,4,5,4,4,2,2,1,1,2,1,1,1,1,1,1,1,1,1,5,2,3,3,1,1,,1,1,1,1,1,1,1,1,1,1,1,1,1,1,1,1,1,1,1,1,1,1,1,4,4,4,4,0,0,1,4.2,1.6,1.0,1.0,5,2,3.0,,1.0,1.0,1.0,1.0,1.0,4.0,1,
R_1cOb2oQI5w4X5At,true,SV_5nV942MJGubDmqq,210,1,cloudresearch,America/New_York,2026-06-08,45,White or Caucasian,Man,More than 5 years,"Some college, no degree",true,Employee - Full-Time (30 to 40+ hrs/week),first_shift,4,3,4,4,4,2,1,2,2,2,1,1,1,1,1,1,1,1,1,5,1,1,1,2,1,1,1,1,1,1,1,1,1,1,1,1,1,2,1,1,1,1,1,1,1,1,1,1,1,4,4,4,4,0,0,1,3.8,1.8,1.0,1.0,5,1,1.0,1.1666666666666667,1.0,1.0,1.25,1.0,1.0,4.0,1,5
R_1cOb2oQI5w4X5At,true,SV_eRKl4lgMZDAurT8,204,2,cloudresearch,America/New_York,2026-06-08,45,White or Caucasian,Man,More than 5 years,"Some college, no degree",true,Employee - Full-Time (30 to 40+ hrs/week),first_shift,4,3,4,4,4,2,1,2,2,2,1,1,1,1,1,1,1,1,1,5,1,1,1,2,1,,1,1,1,1,2,1,1,1,1,1,1,1,1,1,1,1,1,1,1,1,1,1,1,4,4,4,4,0,0,1,3.8,1.8,1.0,1.0,5,1,1.0,,1.2,1.0,1.0,1.0,1.0,4.0,1,
R_1cOb2oQI5w4X5At,true,SV_6J3svun1r97AAHc,131,3,cloudresearch,America/New_York,2026-06-08,45,White or Caucasian,Man,More than 5 years,"Some college, no degree",true,Employee - Full-Time (30 to 40+ hrs/week),first_shift,4,3,4,4,4,2,1,2,2,2,1,1,1,1,1,1,1,1,1,5,1,1,1,2,1,,1,1,1,1,2,1,2,1,1,1,1,1,1,1,1,1,1,1,1,1,1,1,1,4,4,4,4,0,0,1,3.8,1.8,1.0,1.0,5,1,1.0,,1.4,1.0,1.0,1.0,1.0,4.0,1,
R_33psLdQ2ykKGA2s,true,SV_5nV942MJGubDmqq,87,1,cloudresearch,America/Chicago,2026-06-08,24,Asian,Man,1 to 3 years,Bachelor's degree,false,Employee - Full-Time (30 to 40+ hrs/week),first_shift,4,3,3,3,2,3,3,4,5,4,2,2,2,2,2,2,2,1,2,4,2,5,5,5,3,4,5,4,4,3,5,3,3,4,3,4,4,5,4,4,4,5,4,4,4,3,5,4,4,5,5,5,5,1,22,3,3.0,3.8,2.0,1.75,4,2,5.0,4.166666666666667,3.6,3.6666666666666665,4.25,4.25,4.0,5.0,3,2
R_33psLdQ2ykKGA2s,true,SV_eRKl4lgMZDAurT8,89,2,cloudresearch,America/Chicago,2026-06-08,24,Asian,Man,1 to 3 years,Bachelor's degree,false,Employee - Full-Time (30 to 40+ hrs/week),first_shift,4,3,3,3,2,3,3,4,5,4,2,2,2,2,2,2,2,1,2,4,2,5,5,4,5,,4,3,5,2,3,3,2,4,1,3,3,2,2,1,2,2,4,4,5,2,2,3,2,5,5,5,5,0,0,2,3.0,3.8,2.0,1.75,4,2,5.0,,2.8,2.3333333333333335,1.75,3.75,2.25,5.0,2,
R_33psLdQ2ykKGA2s,true,SV_6J3svun1r97AAHc,70,3,cloudresearch,America/Chicago,2026-06-08,24,Asian,Man,1 to 3 years,Bachelor's degree,false,Employee - Full-Time (30 to 40+ hrs/week),first_shift,4,3,3,3,2,3,3,4,5,4,2,2,2,2,2,2,2,1,2,4,2,5,5,4,3,,3,2,5,3,4,4,4,3,1,2,2,1,4,3,4,5,3,4,4,2,2,3,2,5,5,5,5,0,0,2,3.0,3.8,2.0,1.75,4,2,5.0,,3.6,1.6666666666666667,3.0,4.0,2.25,5.0,2,
R_39Uuf7szZSAlMhr,true,SV_5nV942MJGubDmqq,210,1,cloudresearch,America/Chicago,2026-06-08,69,White or Caucasian,Woman,More than 5 years,Bachelor's degree,true,Other,second_shift,4,3,4,4,3,2,2,2,2,2,1,1,1,1,1,1,1,1,1,5,1,2,1,3,3,3,2,2,3,4,3,3,2,4,2,3,3,4,4,4,3,4,4,3,4,3,3,4,1,5,5,5,4,2,89,1,3.6,2.0,1.0,1.0,5,1,1.5,2.6666666666666665,3.2,2.6666666666666665,3.75,3.75,2.75,4.75,1,4
R_39Uuf7szZSAlMhr,true,SV_eRKl4lgMZDAurT8,199,2,cloudresearch,America/Chicago,2026-06-08,69,White or Caucasian,Woman,More than 5 years,Bachelor's degree,true,Other,second_shift,4,3,4,4,3,2,2,2,2,2,1,1,1,1,1,1,1,1,1,5,1,2,1,2,2,,2,1,2,2,2,2,2,2,1,1,1,4,2,1,1,1,1,2,2,1,2,1,1,5,5,5,5,2,46,1,3.6,2.0,1.0,1.0,5,1,1.5,,2.0,1.0,2.0,1.5,1.25,5.0,1,
R_39Uuf7szZSAlMhr,true,SV_6J3svun1r97AAHc,197,3,cloudresearch,America/Chicago,2026-06-08,69,White or Caucasian,Woman,More than 5 years,Bachelor's degree,true,Other,second_shift,4,3,4,4,3,2,2,2,2,2,1,1,1,1,1,1,1,1,1,5,1,2,1,3,2,,1,2,1,2,1,1,1,1,1,1,1,2,1,1,1,1,1,1,1,1,1,1,1,5,5,5,5,0,0,1,3.6,2.0,1.0,1.0,5,1,1.5,,1.2,1.0,1.25,1.0,1.0,5.0,1,
R_3pM9tYY0XW3etaj,true,SV_5nV942MJGubDmqq,166,1,cloudresearch,America/Los_Angeles,2026-06-08,35,White or Caucasian,Woman,3 to 5 years,"Some college, no degree",true,Employee - Full-Time (30 to 40+ hrs/week),early_shift,4,3,4,4,4,2,1,1,3,1,1,1,4,1,1,1,1,1,1,5,1,4,4,2,2,1,1,1,1,1,1,1,1,1,2,1,1,1,1,1,1,1,1,4,1,1,1,1,1,4,4,4,4,1,20,1,3.8,1.6,1.6,1.0,5,1,4.0,1.3333333333333333,1.0,1.3333333333333333,1.0,1.75,1.0,4.0,1,5
R_3pM9tYY0XW3etaj,true,SV_eRKl4lgMZDAurT8,151,2,cloudresearch,America/Los_Angeles,2026-06-08,35,White or Caucasian,Woman,3 to 5 years,"Some college, no degree",true,Employee - Full-Time (30 to 40+ hrs/week),early_shift,4,3,4,4,4,2,1,1,3,1,1,1,4,1,1,1,1,1,1,5,1,4,4,3,2,,2,2,1,1,2,1,2,1,2,2,2,1,1,1,1,1,1,2,1,1,1,1,1,4,4,4,4,0,0,1,3.8,1.6,1.6,1.0,5,1,4.0,,1.4,2.0,1.0,1.25,1.0,4.0,1,
R_3pM9tYY0XW3etaj,true,SV_6J3svun1r97AAHc,183,3,cloudresearch,America/Los_Angeles,2026-06-08,35,White or Caucasian,Woman,3 to 5 years,"Some college, no degree",true,Employee - Full-Time (30 to 40+ hrs/week),early_shift,4,3,4,4,4,2,1,1,3,1,1,1,4,1,1,1,1,1,1,5,1,4,4,3,2,,2,2,1,2,1,2,2,1,1,2,3,1,1,1,1,1,1,2,1,1,2,1,1,4,4,4,4,1,30,1,3.8,1.6,1.6,1.0,5,1,4.0,,1.6,2.0,1.0,1.25,1.25,4.0,1,
R_54H31s061i2B0LA,true,SV_5nV942MJGubDmqq,108,1,cloudresearch,America/New_York,2026-06-08,40,White or Caucasian,Man,More than 5 years,Bachelor's degree,false,Employee - Full-Time (30 to 40+ hrs/week),first_shift,2,2,4,4,4,2,2,1,3,2,1,1,2,2,2,1,1,1,1,5,1,1,1,3,2,3,1,1,1,2,2,2,3,1,1,2,1,1,1,1,1,1,2,2,3,1,1,1,2,5,5,5,5,1,40,1,3.2,2.0,1.6,1.0,5,1,1.0,1.8333333333333333,2.0,1.3333333333333333,1.0,2.0,1.25,5.0,1,5
R_54H31s061i2B0LA,true,SV_eRKl4lgMZDAurT8,105,2,cloudresearch,America/New_York,2026-06-08,40,White or Caucasian,Man,More than 5 years,Bachelor's degree,false,Employee - Full-Time (30 to 40+ hrs/week),first_shift,2,2,4,4,4,2,2,1,3,2,1,1,2,2,2,1,1,1,1,5,1,1,1,2,1,,1,1,1,2,1,1,2,2,1,1,2,2,1,1,1,2,1,4,1,1,1,1,2,5,5,5,5,0,0,1,3.2,2.0,1.6,1.0,5,1,1.0,,1.6,1.3333333333333333,1.25,2.0,1.25,5.0,1,
R_54H31s061i2B0LA,true,SV_6J3svun1r97AAHc,137,3,cloudresearch,America/New_York,2026-06-08,40,White or Caucasian,Man,More than 5 years,Bachelor's degree,false,Employee - Full-Time (30 to 40+ hrs/week),first_shift,2,2,4,4,4,2,2,1,3,2,1,1,2,2,2,1,1,1,1,5,1,1,1,3,2,,1,2,1,2,2,2,2,2,1,1,1,2,2,2,1,2,2,4,4,1,1,1,1,5,5,5,5,1,30,1,3.2,2.0,1.6,1.0,5,1,1.0,,2.0,1.0,1.75,3.0,1.0,5.0,1,
R_56IpEEDTgneCIvf,true,SV_5nV942MJGubDmqq,276,1,cloudresearch,America/New_York,2026-06-08,47,White or Caucasian,Woman,1 to 3 years,Bachelor's degree,true,Employee - Full-Time (30 to 40+ hrs/week),first_shift,2,1,2,3,3,5,3,5,5,5,4,5,5,4,5,5,4,5,5,1,5,5,4,5,5,5,5,5,5,5,5,5,5,5,5,5,5,4,5,5,3,2,5,5,4,4,5,5,3,5,5,5,5,0,0,5,2.2,4.6,4.6,4.75,1,5,4.5,5.0,5.0,5.0,4.25,4.0,4.25,5.0,5,1
R_56IpEEDTgneCIvf,true,SV_eRKl4lgMZDAurT8,225,2,cloudresearch,America/New_York,2026-06-08,47,White or Caucasian,Woman,1 to 3 years,Bachelor's degree,true,Employee - Full-Time (30 to 40+ hrs/week),first_shift,2,1,2,3,3,5,3,5,5,5,4,5,5,4,5,5,4,5,5,1,5,5,4,5,5,,5,5,4,5,5,5,4,5,3,5,5,3,4,3,3,4,3,5,4,3,4,2,3,5,5,5,5,1,49,5,2.2,4.6,4.6,4.75,1,5,4.5,,4.8,4.333333333333333,3.25,4.0,3.0,5.0,5,
R_56IpEEDTgneCIvf,true,SV_6J3svun1r97AAHc,212,3,cloudresearch,America/New_York,2026-06-08,47,White or Caucasian,Woman,1 to 3 years,Bachelor's degree,true,Employee - Full-Time (30 to 40+ hrs/week),first_shift,2,1,2,3,3,5,3,5,5,5,4,5,5,4,5,5,4,5,5,1,5,5,4,5,5,,5,5,5,5,4,5,5,5,5,4,5,3,3,5,5,5,3,4,5,4,3,4,3,5,5,5,5,0,0,5,2.2,4.6,4.6,4.75,1,5,4.5,,4.8,4.666666666666667,4.0,4.25,3.5,5.0,5,
R_5Hpnl68ruFjoLXM,true,SV_5nV942MJGubDmqq,181,1,cloudresearch,America/New_York,2026-06-08,52,White or Caucasian,Man,More than 5 years,"Some college, no degree",true,Employee - Full-Time (30 to 40+ hrs/week),second_shift,4,3,4,4,3,2,1,1,2,1,1,1,1,5,1,1,1,1,1,4,3,3,3,5,5,5,5,5,5,1,1,1,1,1,1,1,1,1,1,1,1,2,5,5,5,1,1,1,1,5,5,5,5,2,90,1,3.6,1.4,1.8,1.0,4,3,3.0,5.0,1.0,1.0,1.0,4.25,1.0,5.0,1,3
R_5Hpnl68ruFjoLXM,true,SV_eRKl4lgMZDAurT8,155,2,cloudresearch,America/New_York,2026-06-08,52,White or Caucasian,Man,More than 5 years,"Some college, no degree",true,Employee - Full-Time (30 to 40+ hrs/week),second_shift,4,3,4,4,3,2,1,1,2,1,1,1,1,5,1,1,1,1,1,4,3,3,3,5,5,,2,5,5,1,1,1,1,1,1,1,1,1,1,1,1,3,1,5,5,1,1,1,1,5,5,5,5,0,0,1,3.6,1.4,1.8,1.0,4,3,3.0,,1.0,1.0,1.0,3.5,1.0,5.0,1,
R_5Hpnl68ruFjoLXM,true,SV_6J3svun1r97AAHc,162,3,cloudresearch,America/New_York,2026-06-08,52,White or Caucasian,Man,More than 5 years,"Some college, no degree",true,Employee - Full-Time (30 to 40+ hrs/week),second_shift,4,3,4,4,3,2,1,1,2,1,1,1,1,5,1,1,1,1,1,4,3,3,3,5,5,,1,5,5,1,1,1,1,1,1,1,1,1,1,1,1,1,1,1,5,1,1,1,1,5,5,5,5,0,0,1,3.6,1.4,1.8,1.0,4,3,3.0,,1.0,1.0,1.0,2.0,1.0,5.0,1,
R_5LsrRiDps2iv4gV,true,SV_5nV942MJGubDmqq,202,1,cloudresearch,America/New_York,2026-06-08,28,White or Caucasian,Man,More than 5 years,Bachelor's degree,false,Employee - Full-Time (30 to 40+ hrs/week),early_shift,2,2,3,4,3,4,3,1,5,2,2,1,2,1,2,1,1,1,1,2,1,4,5,5,2,3,1,2,5,2,3,1,2,3,2,4,1,1,1,1,1,4,5,5,5,1,2,2,1,4,4,4,4,1,10,5,2.8,3.0,1.6,1.0,2,1,4.5,3.0,2.2,2.3333333333333335,1.0,4.75,1.5,4.0,5,1
R_5LsrRiDps2iv4gV,true,SV_eRKl4lgMZDAurT8,188,2,cloudresearch,America/New_York,2026-06-08,28,White or Caucasian,Man,More than 5 years,Bachelor's degree,false,Employee - Full-Time (30 to 40+ hrs/week),early_shift,2,2,3,4,3,4,3,1,5,2,2,1,2,1,2,1,1,1,1,2,1,4,5,5,2,,2,2,3,1,2,2,3,3,2,1,1,1,1,1,1,5,5,5,5,1,2,2,1,4,4,4,4,0,0,5,2.8,3.0,1.6,1.0,2,1,4.5,,2.2,1.3333333333333333,1.0,5.0,1.5,4.0,5,
R_5LsrRiDps2iv4gV,true,SV_6J3svun1r97AAHc,111,3,cloudresearch,America/New_York,2026-06-08,28,White or Caucasian,Man,More than 5 years,Bachelor's degree,false,Employee - Full-Time (30 to 40+ hrs/week),early_shift,2,2,3,4,3,4,3,1,5,2,2,1,2,1,2,1,1,1,1,2,1,4,5,2,2,,2,2,1,1,1,1,1,1,1,2,1,1,1,1,1,5,5,5,5,1,1,2,1,4,4,4,4,1,2,5,2.8,3.0,1.6,1.0,2,1,4.5,,1.0,1.3333333333333333,1.0,5.0,1.25,4.0,5,
R_5MdZtYrFJwy5hPX,true,SV_5nV942MJGubDmqq,96,1,cloudresearch,America/New_York,2026-06-08,28,White or Caucasian,Man,More than 5 years,Bachelor's degree,false,Employee - Full-Time (30 to 40+ hrs/week),first_shift,5,3,4,5,4,1,1,1,2,1,1,1,1,1,1,1,1,1,1,5,1,3,2,4,2,1,1,1,1,2,1,1,1,1,1,1,1,1,1,1,1,2,4,5,2,1,1,1,1,5,5,5,5,0,0,1,4.2,1.2,1.0,1.0,5,1,2.5,1.6666666666666667,1.2,1.0,1.0,3.25,1.0,5.0,1,5
R_5MdZtYrFJwy5hPX,true,SV_eRKl4lgMZDAurT8,81,2,cloudresearch,America/New_York,2026-06-08,28,White or Caucasian,Man,More than 5 years,Bachelor's degree,false,Employee - Full-Time (30 to 40+ hrs/week),first_shift,5,3,4,5,4,1,1,1,2,1,1,1,1,1,1,1,1,1,1,5,1,3,2,2,1,,1,1,1,1,1,1,1,1,1,1,1,1,1,1,1,1,2,5,2,1,1,1,1,5,5,5,5,1,30,1,4.2,1.2,1.0,1.0,5,1,2.5,,1.0,1.0,1.0,2.5,1.0,5.0,1,
R_5MdZtYrFJwy5hPX,true,SV_6J3svun1r97AAHc,73,3,cloudresearch,America/New_York,2026-06-08,28,White or Caucasian,Man,More than 5 years,Bachelor's degree,false,Employee - Full-Time (30 to 40+ hrs/week),first_shift,5,3,4,5,4,1,1,1,2,1,1,1,1,1,1,1,1,1,1,5,1,3,2,3,1,,1,1,1,1,1,1,1,1,1,1,1,1,1,1,1,1,3,4,4,1,1,1,1,5,5,5,5,0,0,1,4.2,1.2,1.0,1.0,5,1,2.5,,1.0,1.0,1.0,3.0,1.0,5.0,1,
R_5QE45GygTwclETU,true,SV_5nV942MJGubDmqq,260,1,cloudresearch,America/New_York,2026-06-08,47,White or Caucasian,Man,More than 5 years,Bachelor's degree,true,Independent Contractor or Freelancer (1099),early_shift,3,3,4,4,4,1,1,1,2,1,1,1,1,1,1,1,1,1,1,4,2,4,4,2,1,,1,2,1,2,2,1,1,1,1,1,1,1,1,1,1,1,1,1,1,1,1,1,1,5,5,5,5,1,20,1,3.6,1.2,1.0,1.0,4,2,4.0,,1.4,1.0,1.0,1.0,1.0,5.0,1,5
R_5QE45GygTwclETU,true,SV_eRKl4lgMZDAurT8,155,2,cloudresearch,America/New_York,2026-06-08,47,White or Caucasian,Man,More than 5 years,Bachelor's degree,true,Independent Contractor or Freelancer (1099),early_shift,3,3,4,4,4,1,1,1,2,1,1,1,1,1,1,1,1,1,1,4,2,4,4,2,2,,1,1,1,2,2,2,2,1,1,1,1,1,1,1,1,1,1,1,1,1,1,1,1,5,5,5,5,0,0,1,3.6,1.2,1.0,1.0,4,2,4.0,,1.8,1.0,1.0,1.0,1.0,5.0,1,
R_5QE45GygTwclETU,true,SV_6J3svun1r97AAHc,135,3,cloudresearch,America/New_York,2026-06-08,47,White or Caucasian,Man,More than 5 years,Bachelor's degree,true,Independent Contractor or Freelancer (1099),early_shift,3,3,4,4,4,1,1,1,2,1,1,1,1,1,1,1,1,1,1,4,2,4,4,2,2,,1,2,2,2,2,2,2,2,1,1,1,1,1,1,1,1,1,1,1,1,1,1,1,5,5,5,5,1,10,1,3.6,1.2,1.0,1.0,4,2,4.0,,2.0,1.0,1.0,1.0,1.0,5.0,1,
R_5Qa9DhyvnzUYfN5,true,SV_5nV942MJGubDmqq,165,1,cloudresearch,America/Denver,2026-06-08,34,White or Caucasian,Woman,More than 5 years,Bachelor's degree,true,Employee - Full-Time (30 to 40+ hrs/week),first_shift,4,2,4,4,4,2,1,2,3,2,1,2,2,2,1,1,1,2,2,3,4,2,2,2,2,2,1,2,1,1,1,1,1,1,1,1,1,1,1,1,1,1,4,4,4,1,1,1,1,4,4,5,4,0,0,1,3.6,2.0,1.6,1.5,3,4,2.0,1.6666666666666667,1.0,1.0,1.0,3.25,1.0,4.25,1,3
R_5Qa9DhyvnzUYfN5,true,SV_eRKl4lgMZDAurT8,551,2,cloudresearch,America/Denver,2026-06-08,34,White or Caucasian,Woman,More than 5 years,Bachelor's degree,true,Employee - Full-Time (30 to 40+ hrs/week),first_shift,4,2,4,4,4,2,1,2,3,2,1,2,2,2,1,1,1,2,2,3,4,2,2,2,3,,1,2,2,2,3,3,3,2,1,1,1,1,1,1,1,1,2,4,4,1,1,1,1,4,4,4,5,1,30,1,3.6,2.0,1.6,1.5,3,4,2.0,,2.6,1.0,1.0,2.75,1.0,4.25,1,
R_5Qa9DhyvnzUYfN5,true,SV_6J3svun1r97AAHc,217,3,cloudresearch,America/Denver,2026-06-08,34,White or Caucasian,Woman,More than 5 years,Bachelor's degree,true,Employee - Full-Time (30 to 40+ hrs/week),first_shift,4,2,4,4,4,2,1,2,3,2,1,2,2,2,1,1,1,2,2,3,4,2,2,4,3,,2,3,3,4,3,2,3,1,1,1,1,1,1,1,1,3,4,4,4,1,1,1,1,4,4,4,5,1,10,1,3.6,2.0,1.6,1.5,3,4,2.0,,2.6,1.0,1.0,3.75,1.0,4.25,1,
R_5WCICx8Wk1hDGKY,true,SV_5nV942MJGubDmqq,271,1,cloudresearch,America/Los_Angeles,2026-06-08,36,Asian,Man,More than 5 years,"High school diploma or equivalent (e.g., GED)",false,Employee - Full-Time (30 to 40+ hrs/week),first_shift,4,1,4,4,4,2,2,1,2,2,3,2,3,3,3,1,1,3,3,2,1,5,5,1,1,1,1,1,1,1,1,1,1,1,1,2,2,1,1,1,2,3,3,4,4,2,2,3,1,4,4,4,4,1,16,1,3.4,1.8,2.8,2.0,2,1,5.0,1.0,1.0,1.6666666666666667,1.25,3.5,2.0,4.0,1,4
R_5WCICx8Wk1hDGKY,true,SV_eRKl4lgMZDAurT8,135,2,cloudresearch,America/Los_Angeles,2026-06-08,36,Asian,Man,More than 5 years,"High school diploma or equivalent (e.g., GED)",false,Employee - Full-Time (30 to 40+ hrs/week),first_shift,4,1,4,4,4,2,2,1,2,2,3,2,3,3,3,1,1,3,3,2,1,5,5,1,5,,1,1,1,1,1,1,1,1,5,5,3,1,1,1,3,1,4,1,1,1,3,1,1,4,4,4,4,0,0,1,3.4,1.8,2.8,2.0,2,1,5.0,,1.0,4.333333333333333,1.5,1.75,1.5,4.0,1,
R_5WCICx8Wk1hDGKY,true,SV_6J3svun1r97AAHc,91,3,cloudresearch,America/Los_Angeles,2026-06-08,36,Asian,Man,More than 5 years,"High school diploma or equivalent (e.g., GED)",false,Employee - Full-Time (30 to 40+ hrs/week),first_shift,4,1,4,4,4,2,2,1,2,2,3,2,3,3,3,1,1,3,3,2,1,5,5,5,5,,1,5,5,5,5,5,3,4,1,5,5,1,1,2,1,1,1,1,1,1,1,1,1,4,4,4,4,0,0,1,3.4,1.8,2.8,2.0,2,1,5.0,,4.4,3.6666666666666665,1.25,1.0,1.0,4.0,1,
R_5c5zqaAYtzSUZnl,true,SV_5nV942MJGubDmqq,200,1,cloudresearch,America/Denver,2026-06-08,40,White or Caucasian,Man,3 to 5 years,"High school diploma or equivalent (e.g., GED)",false,Employee - Full-Time (30 to 40+ hrs/week),first_shift,5,4,4,5,4,2,1,1,1,2,1,1,1,1,1,1,1,1,1,5,1,3,4,2,1,1,1,1,2,1,1,1,1,1,1,1,1,1,1,1,1,1,1,3,1,1,1,1,1,4,5,5,5,0,0,1,4.4,1.4,1.0,1.0,5,1,3.5,1.3333333333333333,1.0,1.0,1.0,1.5,1.0,4.75,1,5
R_5c5zqaAYtzSUZnl,true,SV_eRKl4lgMZDAurT8,170,2,cloudresearch,America/Denver,2026-06-08,40,White or Caucasian,Man,3 to 5 years,"High school diploma or equivalent (e.g., GED)",false,Employee - Full-Time (30 to 40+ hrs/week),first_shift,5,4,4,5,4,2,1,1,1,2,1,1,1,1,1,1,1,1,1,5,1,3,4,1,1,,1,1,1,1,1,1,1,1,1,1,1,1,1,1,1,1,1,1,3,1,1,1,1,5,5,5,5,0,0,1,4.4,1.4,1.0,1.0,5,1,3.5,,1.0,1.0,1.0,1.5,1.0,5.0,1,
R_5c5zqaAYtzSUZnl,true,SV_6J3svun1r97AAHc,282,3,cloudresearch,America/Denver,2026-06-08,40,White or Caucasian,Man,3 to 5 years,"High school diploma or equivalent (e.g., GED)",false,Employee - Full-Time (30 to 40+ hrs/week),first_shift,5,4,4,5,4,2,1,1,1,2,1,1,1,1,1,1,1,1,1,5,1,3,4,2,1,,1,1,2,1,2,1,1,1,1,1,1,1,1,1,1,1,1,1,1,1,1,1,1,5,5,5,5,0,0,1,4.4,1.4,1.0,1.0,5,1,3.5,,1.2,1.0,1.0,1.0,1.0,5.0,1,
R_5dLAOo0zDRTRh7n,true,SV_5nV942MJGubDmqq,313,1,cloudresearch,America/New_York,2026-06-08,38,White or Caucasian,Woman,1 to 3 years,Professional or doctorate degree,true,Independent Contractor or Freelancer (1099),first_shift,3,3,3,4,4,2,2,2,3,2,2,4,3,4,3,2,2,2,3,4,3,3,2,2,2,2,1,2,1,2,2,2,2,2,1,1,2,2,2,2,4,1,2,2,1,2,3,1,2,5,5,5,5,0,0,1,3.4,2.2,3.2,2.25,4,3,2.5,1.6666666666666667,2.0,1.3333333333333333,2.5,1.5,2.0,5.0,1,4
R_5dLAOo0zDRTRh7n,true,SV_eRKl4lgMZDAurT8,282,2,cloudresearch,America/New_York,2026-06-08,38,White or Caucasian,Woman,1 to 3 years,Professional or doctorate degree,true,Independent Contractor or Freelancer (1099),first_shift,3,3,3,4,4,2,2,2,3,2,2,4,3,4,3,2,2,2,3,4,3,3,2,4,3,,1,3,3,4,3,3,3,3,2,2,1,2,2,2,5,2,3,4,4,1,3,1,3,5,5,5,5,0,0,1,3.4,2.2,3.2,2.25,4,3,2.5,,3.2,1.6666666666666667,2.75,3.25,2.0,5.0,1,
R_5dLAOo0zDRTRh7n,true,SV_6J3svun1r97AAHc,209,3,cloudresearch,America/New_York,2026-06-08,38,White or Caucasian,Woman,1 to 3 years,Professional or doctorate degree,true,Independent Contractor or Freelancer (1099),first_shift,3,3,3,4,4,2,2,2,3,2,2,4,3,4,3,2,2,2,3,4,3,3,2,3,2,,1,2,1,3,2,2,2,2,1,1,1,2,1,2,5,4,1,4,5,1,1,1,1,5,5,5,5,0,0,1,3.4,2.2,3.2,2.25,4,3,2.5,,2.2,1.0,2.5,3.5,1.0,5.0,1,
R_5dY8HJqR1A5NnCM,true,SV_5nV942MJGubDmqq,1546,1,cloudresearch,America/Chicago,2026-06-08,35,White or Caucasian,Man,3 to 5 years,Associate degree,true,Employee - Full-Time (30 to 40+ hrs/week),first_shift,4,4,4,4,5,2,2,2,3,3,2,2,1,3,2,1,1,2,1,5,4,2,2,2,1,1,1,1,1,2,2,2,2,2,1,1,1,1,2,1,1,2,2,5,4,1,1,1,1,4,4,3,4,0,0,1,4.2,2.4,2.0,1.25,5,4,2.0,1.1666666666666667,2.0,1.0,1.25,3.25,1.0,3.75,1,5
R_5dY8HJqR1A5NnCM,true,SV_eRKl4lgMZDAurT8,2576,2,cloudresearch,America/Chicago,2026-06-08,35,White or Caucasian,Man,3 to 5 years,Associate degree,true,Employee - Full-Time (30 to 40+ hrs/week),first_shift,4,4,4,4,5,2,2,2,3,3,2,2,1,3,2,1,1,2,1,5,4,2,2,2,2,,1,1,1,2,3,3,2,2,1,1,2,4,2,2,4,4,3,4,4,2,3,3,4,3,4,4,4,2,60,1,4.2,2.4,2.0,1.25,5,4,2.0,,2.4,1.3333333333333333,3.0,3.75,3.0,3.75,1,
R_5dY8HJqR1A5NnCM,true,SV_6J3svun1r97AAHc,663,3,cloudresearch,America/Chicago,2026-06-08,35,White or Caucasian,Man,3 to 5 years,Associate degree,true,Employee - Full-Time (30 to 40+ hrs/week),first_shift,4,4,4,4,5,2,2,2,3,3,2,2,1,3,2,1,1,2,1,5,4,2,2,2,2,,1,1,1,2,2,2,2,2,1,1,2,3,1,2,4,2,4,4,2,1,2,1,2,3,4,3,4,2,33,1,4.2,2.4,2.0,1.25,5,4,2.0,,2.0,1.3333333333333333,2.5,3.0,1.5,3.5,1,
R_5eaJJGdQaWXRKiR,true,SV_5nV942MJGubDmqq,156,1,cloudresearch,America/Chicago,2026-06-08,37,White or Caucasian,Man,1 to 3 years,Master's degree,true,Employee - Full-Time (30 to 40+ hrs/week),first_shift,1,4,4,5,3,2,1,1,3,3,2,3,1,2,3,1,1,2,1,2,4,5,3,2,2,2,1,1,1,1,1,1,1,2,1,2,1,3,2,3,2,1,3,1,2,1,1,1,1,5,5,5,5,0,0,1,3.4,2.0,2.2,1.25,2,4,4.0,1.5,1.2,1.3333333333333333,2.5,1.75,1.0,5.0,1,4
R_5eaJJGdQaWXRKiR,true,SV_eRKl4lgMZDAurT8,120,2,cloudresearch,America/Chicago,2026-06-08,37,White or Caucasian,Man,1 to 3 years,Master's degree,true,Employee - Full-Time (30 to 40+ hrs/week),first_shift,1,4,4,5,3,2,1,1,3,3,2,3,1,2,3,1,1,2,1,2,4,5,3,1,1,,1,1,1,2,1,1,1,2,1,1,1,1,1,1,1,3,1,1,1,1,1,1,3,5,4,4,5,2,61,2,3.4,2.0,2.2,1.25,2,4,4.0,,1.4,1.0,1.0,1.5,1.5,4.5,2,
R_5eaJJGdQaWXRKiR,true,SV_6J3svun1r97AAHc,91,3,cloudresearch,America/Chicago,2026-06-08,37,White or Caucasian,Man,1 to 3 years,Master's degree,true,Employee - Full-Time (30 to 40+ hrs/week),first_shift,1,4,4,5,3,2,1,1,3,3,2,3,1,2,3,1,1,2,1,2,4,5,3,2,2,,1,1,1,1,2,1,1,1,1,1,1,1,3,1,3,3,2,1,2,4,2,2,2,5,5,4,5,0,0,2,3.4,2.0,2.2,1.25,2,4,4.0,,1.2,1.0,2.0,2.0,2.5,4.75,2,
R_5ezMmFlG0LdabvD,true,SV_5nV942MJGubDmqq,326,1,cloudresearch,America/Chicago,2026-06-08,70,White or Caucasian,Man,3 to 5 years,Bachelor's degree,true,Independent Contractor or Freelancer (1099),first_shift,4,3,4,4,3,2,1,2,2,2,2,2,2,2,1,1,1,1,2,4,2,3,3,2,1,1,2,2,1,2,1,1,1,2,1,2,1,3,2,3,2,3,4,1,4,2,3,3,3,4,4,4,4,0,0,1,3.6,1.8,1.8,1.25,4,2,3.0,1.5,1.4,1.3333333333333333,2.5,3.0,2.75,4.0,1,4
R_5ezMmFlG0LdabvD,true,SV_eRKl4lgMZDAurT8,250,2,cloudresearch,America/Chicago,2026-06-08,70,White or Caucasian,Man,3 to 5 years,Bachelor's degree,true,Independent Contractor or Freelancer (1099),first_shift,4,3,4,4,3,2,1,2,2,2,2,2,2,2,1,1,1,1,2,4,2,3,3,1,1,,1,2,1,1,1,1,1,1,1,1,1,2,2,2,2,3,4,4,4,2,2,2,3,4,4,4,4,1,30,1,3.6,1.8,1.8,1.25,4,2,3.0,,1.0,1.0,2.0,3.75,2.25,4.0,1,
R_5ezMmFlG0LdabvD,true,SV_6J3svun1r97AAHc,232,3,cloudresearch,America/Chicago,2026-06-08,70,White or Caucasian,Man,3 to 5 years,Bachelor's degree,true,Independent Contractor or Freelancer (1099),first_shift,4,3,4,4,3,2,1,2,2,2,2,2,2,2,1,1,1,1,2,4,2,3,3,1,1,,1,1,1,1,1,1,1,1,1,1,1,2,2,2,2,2,4,4,4,2,2,2,2,4,5,4,4,2,60,1,3.6,1.8,1.8,1.25,4,2,3.0,,1.0,1.0,2.0,3.5,2.0,4.25,1,
R_5isxxKjCDE2DfQP,true,SV_5nV942MJGubDmqq,187,1,cloudresearch,America/New_York,2026-06-08,34,Black or African American,Prefer not to say,1 to 3 years,"Some college, no degree",true,Employee - Part-Time (<30 hrs/week),second_shift,3,4,3,3,3,2,1,2,3,2,3,3,3,3,3,3,3,3,3,3,4,3,3,2,1,1,1,1,1,2,1,1,2,1,1,1,1,1,3,1,4,3,1,3,3,5,4,4,3,5,5,5,5,0,0,2,3.2,2.0,3.0,3.0,3,4,3.0,1.1666666666666667,1.4,1.0,2.25,2.5,4.0,5.0,2,3
R_5isxxKjCDE2DfQP,true,SV_eRKl4lgMZDAurT8,139,2,cloudresearch,America/New_York,2026-06-08,34,Black or African American,Prefer not to say,1 to 3 years,"Some college, no degree",true,Employee - Part-Time (<30 hrs/week),second_shift,3,4,3,3,3,2,1,2,3,2,3,3,3,3,3,3,3,3,3,3,4,3,3,1,1,,1,1,1,2,1,1,1,1,2,2,2,4,3,4,4,3,3,3,3,3,3,4,2,5,5,5,5,0,0,2,3.2,2.0,3.0,3.0,3,4,3.0,,1.2,2.0,3.75,3.0,3.0,5.0,2,
R_5isxxKjCDE2DfQP,true,SV_6J3svun1r97AAHc,224,3,cloudresearch,America/New_York,2026-06-08,34,Black or African American,Prefer not to say,1 to 3 years,"Some college, no degree",true,Employee - Part-Time (<30 hrs/week),second_shift,3,4,3,3,3,2,1,2,3,2,3,3,3,3,3,3,3,3,3,3,4,3,3,2,1,,2,1,2,2,1,1,1,1,1,1,1,3,1,2,5,4,1,1,1,4,4,4,3,5,5,5,5,0,0,1,3.2,2.0,3.0,3.0,3,4,3.0,,1.2,1.0,2.75,1.75,3.75,5.0,1,
R_5n8BzEPBE07U9zj,true,SV_5nV942MJGubDmqq,235,1,cloudresearch,America/New_York,2026-06-08,52,White or Caucasian,Man,3 to 5 years,Master's degree,false,Employee - Full-Time (30 to 40+ hrs/week),second_shift,3,3,3,4,3,1,1,1,3,1,4,4,5,4,4,4,4,4,4,1,4,5,5,3,2,3,3,3,4,2,3,2,2,3,2,3,5,3,3,3,3,2,3,3,4,2,3,3,3,3,3,3,3,3,68,2,3.2,1.4,4.2,4.0,1,4,5.0,3.0,2.4,3.3333333333333335,3.0,3.0,2.75,3.0,2,2
R_5n8BzEPBE07U9zj,true,SV_eRKl4lgMZDAurT8,150,2,cloudresearch,America/New_York,2026-06-08,52,White or Caucasian,Man,3 to 5 years,Master's degree,false,Employee - Full-Time (30 to 40+ hrs/week),second_shift,3,3,3,4,3,1,1,1,3,1,4,4,5,4,4,4,4,4,4,1,4,5,5,2,2,,2,3,2,2,3,2,3,3,3,2,3,1,2,3,2,1,4,3,3,1,4,3,2,3,3,3,3,0,0,2,3.2,1.4,4.2,4.0,1,4,5.0,,2.6,2.6666666666666665,2.0,2.75,2.5,3.0,2,
R_5n8BzEPBE07U9zj,true,SV_6J3svun1r97AAHc,101,3,cloudresearch,America/New_York,2026-06-08,52,White or Caucasian,Man,3 to 5 years,Master's degree,false,Employee - Full-Time (30 to 40+ hrs/week),second_shift,3,3,3,4,3,1,1,1,3,1,4,4,5,4,4,4,4,4,4,1,4,5,5,3,3,,3,2,2,2,2,2,2,2,2,2,2,3,3,2,2,3,3,3,4,3,3,2,2,3,3,3,3,0,0,2,3.2,1.4,4.2,4.0,1,4,5.0,,2.0,2.0,2.5,3.25,2.5,3.0,2,
R_5njZRrjzhVNqt3l,true,SV_5nV942MJGubDmqq,106,1,cloudresearch,America/New_York,2026-06-08,29,White or Caucasian,Woman,Less than a year,"High school diploma or equivalent (e.g., GED)",true,Independent Contractor or Freelancer (1099),first_shift,3,3,3,3,4,2,2,2,3,2,2,1,1,1,1,1,1,1,1,4,1,1,3,2,1,1,1,1,2,2,3,1,2,1,1,1,1,2,1,1,1,2,2,2,2,2,2,2,2,5,5,5,4,1,16,1,3.2,2.2,1.2,1.0,4,1,2.0,1.3333333333333333,1.8,1.0,1.25,2.0,2.0,4.75,1,4
R_5njZRrjzhVNqt3l,true,SV_eRKl4lgMZDAurT8,89,2,cloudresearch,America/New_York,2026-06-08,29,White or Caucasian,Woman,Less than a year,"High school diploma or equivalent (e.g., GED)",true,Independent Contractor or Freelancer (1099),first_shift,3,3,3,3,4,2,2,2,3,2,2,1,1,1,1,1,1,1,1,4,1,1,3,3,2,,1,2,2,1,2,1,2,1,3,1,1,2,1,1,1,1,1,1,1,1,1,2,1,5,5,4,5,1,15,1,3.2,2.2,1.2,1.0,4,1,2.0,,1.4,1.6666666666666667,1.25,1.0,1.25,4.75,1,
R_5njZRrjzhVNqt3l,true,SV_6J3svun1r97AAHc,83,3,cloudresearch,America/New_York,2026-06-08,29,White or Caucasian,Woman,Less than a year,"High school diploma or equivalent (e.g., GED)",true,Independent Contractor or Freelancer (1099),first_shift,3,3,3,3,4,2,2,2,3,2,2,1,1,1,1,1,1,1,1,4,1,1,3,1,2,,2,2,1,1,1,2,1,1,2,1,1,2,1,1,2,2,1,2,2,2,1,1,1,4,5,5,5,1,16,1,3.2,2.2,1.2,1.0,4,1,2.0,,1.2,1.3333333333333333,1.5,1.75,1.25,4.75,1,
R_5stz7oDN7np7MAR,true,SV_5nV942MJGubDmqq,407,1,cloudresearch,America/New_York,2026-06-08,50,White or Caucasian,Man,More than 5 years,"High school diploma or equivalent (e.g., GED)",true,Employee - Full-Time (30 to 40+ hrs/week),first_shift,3,1,1,3,2,2,3,1,3,1,3,5,4,3,4,4,3,3,4,1,1,3,3,5,5,1,2,5,1,1,5,1,5,1,1,5,5,1,1,1,1,1,1,1,1,1,3,3,1,3,3,3,4,0,0,5,2.0,2.0,3.8,3.5,1,1,3.0,3.1666666666666665,2.6,3.6666666666666665,1.0,1.0,2.0,3.25,5,1
R_5stz7oDN7np7MAR,true,SV_eRKl4lgMZDAurT8,145,2,cloudresearch,America/New_York,2026-06-08,50,White or Caucasian,Man,More than 5 years,"High school diploma or equivalent (e.g., GED)",true,Employee - Full-Time (30 to 40+ hrs/week),first_shift,3,1,1,3,2,2,3,1,3,1,3,5,4,3,4,4,3,3,4,1,1,3,3,5,5,,5,5,5,5,5,1,5,1,1,1,1,1,1,1,1,1,1,1,1,1,1,3,1,3,3,4,3,0,0,5,2.0,2.0,3.8,3.5,1,1,3.0,,3.4,1.0,1.0,1.0,1.5,3.25,5,
R_5stz7oDN7np7MAR,true,SV_6J3svun1r97AAHc,117,3,cloudresearch,America/New_York,2026-06-08,50,White or Caucasian,Man,More than 5 years,"High school diploma or equivalent (e.g., GED)",true,Employee - Full-Time (30 to 40+ hrs/week),first_shift,3,1,1,3,2,2,3,1,3,1,3,5,4,3,4,4,3,3,4,1,1,3,3,5,5,,5,5,5,1,5,1,1,1,1,1,5,1,1,1,1,3,1,3,1,1,1,1,1,3,3,3,4,0,0,5,2.0,2.0,3.8,3.5,1,1,3.0,,1.8,2.3333333333333335,1.0,2.0,1.0,3.25,5,
R_6CJH2qQp51OsrMe,true,SV_5nV942MJGubDmqq,150,1,cloudresearch,America/Chicago,2026-06-08,44,White or Caucasian,Man,More than 5 years,Bachelor's degree,false,Employee - Full-Time (30 to 40+ hrs/week),first_shift,3,2,3,3,2,4,2,4,4,2,2,2,2,2,2,4,2,3,4,4,1,3,2,2,2,2,1,2,1,1,2,1,1,1,1,1,1,2,1,1,4,3,4,5,3,1,2,2,4,4,4,4,5,1,5,1,2.6,3.2,2.0,3.25,4,1,2.5,1.6666666666666667,1.2,1.0,2.0,3.75,2.25,4.25,1,4
R_6CJH2qQp51OsrMe,true,SV_eRKl4lgMZDAurT8,107,2,cloudresearch,America/Chicago,2026-06-08,44,White or Caucasian,Man,More than 5 years,Bachelor's degree,false,Employee - Full-Time (30 to 40+ hrs/week),first_shift,3,2,3,3,2,4,2,4,4,2,2,2,2,2,2,4,2,3,4,4,1,3,2,2,3,,1,2,2,2,2,1,2,1,1,1,1,1,2,1,2,1,1,2,1,1,1,1,2,4,5,5,4,0,0,1,2.6,3.2,2.0,3.25,4,1,2.5,,1.6,1.0,1.5,1.25,1.25,4.5,1,
R_6CJH2qQp51OsrMe,true,SV_6J3svun1r97AAHc,95,3,cloudresearch,America/Chicago,2026-06-08,44,White or Caucasian,Man,More than 5 years,Bachelor's degree,false,Employee - Full-Time (30 to 40+ hrs/week),first_shift,3,2,3,3,2,4,2,4,4,2,2,2,2,2,2,4,2,3,4,4,1,3,2,4,3,,1,3,2,1,1,1,2,1,1,1,1,1,1,1,2,1,1,1,2,1,2,2,2,4,5,4,4,0,0,1,2.6,3.2,2.0,3.25,4,1,2.5,,1.2,1.0,1.25,1.25,1.75,4.25,1,
R_6FK9JallQXoob6m,true,SV_5nV942MJGubDmqq,280,1,cloudresearch,America/Chicago,2026-06-08,42,White or Caucasian,Woman,3 to 5 years,Associate degree,true,Independent Contractor or Freelancer (1099),first_shift,3,3,3,4,3,2,2,2,3,2,1,1,2,1,1,2,1,1,1,4,2,3,3,5,2,2,1,3,2,2,1,1,1,1,1,1,1,1,1,2,3,2,2,3,3,2,2,2,2,4,4,4,4,0,0,1,3.2,2.2,1.2,1.25,4,2,3.0,2.5,1.2,1.0,1.75,2.5,2.0,4.0,1,4
R_6FK9JallQXoob6m,true,SV_eRKl4lgMZDAurT8,306,2,cloudresearch,America/Chicago,2026-06-08,42,White or Caucasian,Woman,3 to 5 years,Associate degree,true,Independent Contractor or Freelancer (1099),first_shift,3,3,3,4,3,2,2,2,3,2,1,1,2,1,1,2,1,1,1,4,2,3,3,4,3,,3,4,2,2,2,1,3,1,1,1,1,2,2,2,2,2,2,4,3,2,2,2,2,4,4,4,4,0,0,1,3.2,2.2,1.2,1.25,4,2,3.0,,1.8,1.0,2.0,2.75,2.0,4.0,1,
R_6FK9JallQXoob6m,true,SV_6J3svun1r97AAHc,170,3,cloudresearch,America/Chicago,2026-06-08,42,White or Caucasian,Woman,3 to 5 years,Associate degree,true,Independent Contractor or Freelancer (1099),first_shift,3,3,3,4,3,2,2,2,3,2,1,1,2,1,1,2,1,1,1,4,2,3,3,5,3,,2,2,3,1,2,1,1,1,1,1,1,2,1,2,2,2,3,4,3,2,2,2,2,4,4,4,4,0,0,1,3.2,2.2,1.2,1.25,4,2,3.0,,1.2,1.0,1.75,3.0,2.0,4.0,1,
R_6L1CO8QJBwDbuU9,true,SV_5nV942MJGubDmqq,123,1,cloudresearch,America/Chicago,2026-06-08,34,White or Caucasian,Man,More than 5 years,Bachelor's degree,true,Employee - Full-Time (30 to 40+ hrs/week),first_shift,4,3,4,4,4,1,1,1,2,1,1,1,1,1,1,1,1,1,1,4,2,2,2,1,1,1,1,1,1,1,1,2,1,1,1,1,1,1,1,1,1,1,1,2,1,1,1,1,1,5,5,5,5,0,0,1,3.8,1.2,1.0,1.0,4,2,2.0,1.0,1.2,1.0,1.0,1.25,1.0,5.0,1,4
R_6L1CO8QJBwDbuU9,true,SV_eRKl4lgMZDAurT8,122,2,cloudresearch,America/Chicago,2026-06-08,34,White or Caucasian,Man,More than 5 years,Bachelor's degree,true,Employee - Full-Time (30 to 40+ hrs/week),first_shift,4,3,4,4,4,1,1,1,2,1,1,1,1,1,1,1,1,1,1,4,2,2,2,1,1,,1,1,1,1,1,1,1,1,1,1,1,1,1,1,1,1,1,1,1,1,1,1,1,5,5,5,5,0,0,1,3.8,1.2,1.0,1.0,4,2,2.0,,1.0,1.0,1.0,1.0,1.0,5.0,1,
R_6L1CO8QJBwDbuU9,true,SV_6J3svun1r97AAHc,227,3,cloudresearch,America/Chicago,2026-06-08,34,White or Caucasian,Man,More than 5 years,Bachelor's degree,true,Employee - Full-Time (30 to 40+ hrs/week),first_shift,4,3,4,4,4,1,1,1,2,1,1,1,1,1,1,1,1,1,1,4,2,2,2,1,1,,1,1,1,1,1,1,1,1,1,1,1,1,1,1,1,1,1,1,1,1,1,1,1,5,5,5,5,0,0,1,3.8,1.2,1.0,1.0,4,2,2.0,,1.0,1.0,1.0,1.0,1.0,5.0,1,
R_6LApuXNMggC0lxu,true,SV_5nV942MJGubDmqq,542,1,cloudresearch,America/Los_Angeles,2026-06-08,29,White or Caucasian,Man,More than 5 years,"High school diploma or equivalent (e.g., GED)",false,Employee - Full-Time (30 to 40+ hrs/week),first_shift,5,3,4,5,4,2,1,2,2,2,1,2,1,2,1,1,1,1,1,5,1,1,2,3,1,2,2,1,1,1,1,1,1,1,1,1,1,2,1,2,1,2,2,4,4,1,1,1,1,4,5,4,4,2,25,1,4.2,1.8,1.4,1.0,5,1,1.5,1.6666666666666667,1.0,1.0,1.5,3.0,1.0,4.25,1,4
R_6LApuXNMggC0lxu,true,SV_eRKl4lgMZDAurT8,1336,2,cloudresearch,America/Los_Angeles,2026-06-08,29,White or Caucasian,Man,More than 5 years,"High school diploma or equivalent (e.g., GED)",false,Employee - Full-Time (30 to 40+ hrs/week),first_shift,5,3,4,5,4,2,1,2,2,2,1,2,1,2,1,1,1,1,1,5,1,1,2,4,4,,2,2,3,1,2,2,2,1,1,1,2,1,1,1,1,2,2,4,4,1,1,2,1,4,5,4,4,0,0,1,4.2,1.8,1.4,1.0,5,1,1.5,,1.6,1.3333333333333333,1.0,3.0,1.25,4.25,1,
R_6LApuXNMggC0lxu,true,SV_6J3svun1r97AAHc,220,3,cloudresearch,America/Los_Angeles,2026-06-08,29,White or Caucasian,Man,More than 5 years,"High school diploma or equivalent (e.g., GED)",false,Employee - Full-Time (30 to 40+ hrs/week),first_shift,5,3,4,5,4,2,1,2,2,2,1,2,1,2,1,1,1,1,1,5,1,1,2,5,5,,1,5,5,1,2,2,2,2,1,1,1,1,1,1,1,2,1,4,1,1,1,1,1,4,5,4,4,1,10,1,4.2,1.8,1.4,1.0,5,1,1.5,,1.8,1.0,1.0,2.0,1.0,4.25,1,
R_6OTkHNK327NwZwm,false,SV_5nV942MJGubDmqq,220,1,snowball,America/New_York,2026-06-08,32,White or Caucasian,Woman,More than 5 years,Bachelor's degree,true,Employee - Full-Time (30 to 40+ hrs/week),second_shift,3,2,3,4,2,2,2,2,3,2,2,2,2,3,2,4,2,2,4,2,3,3,3,2,3,3,3,4,2,1,1,1,2,1,1,2,1,5,2,2,2,1,4,4,5,2,4,1,2,5,5,5,5,3,75,2,2.8,2.2,2.2,3.0,2,3,3.0,2.8333333333333335,1.2,1.3333333333333333,2.75,3.5,2.25,5.0,2,3
R_6OTkHNK327NwZwm,false,SV_eRKl4lgMZDAurT8,179,2,snowball,America/New_York,2026-06-08,32,White or Caucasian,Woman,More than 5 years,Bachelor's degree,true,Employee - Full-Time (30 to 40+ hrs/week),second_shift,3,2,3,4,2,2,2,2,3,2,2,2,2,3,2,4,2,2,4,2,3,3,3,2,3,,1,2,2,1,1,1,2,1,1,2,1,4,2,2,1,3,4,4,4,2,2,1,1,5,5,5,5,1,55,1,2.8,2.2,2.2,3.0,2,3,3.0,,1.2,1.3333333333333333,2.25,3.75,1.5,5.0,1,
R_6OTkHNK327NwZwm,false,SV_6J3svun1r97AAHc,184,3,snowball,America/New_York,2026-06-08,32,White or Caucasian,Woman,More than 5 years,Bachelor's degree,true,Employee - Full-Time (30 to 40+ hrs/week),second_shift,3,2,3,4,2,2,2,2,3,2,2,2,2,3,2,4,2,2,4,2,3,3,3,3,3,,2,3,2,2,3,1,2,1,1,2,2,4,4,4,2,4,4,4,5,2,3,2,1,5,5,5,5,2,50,2,2.8,2.2,2.2,3.0,2,3,3.0,,1.8,1.6666666666666667,3.5,4.25,2.0,5.0,2,
R_6PMi1xo2lYybqaO,true,SV_5nV942MJGubDmqq,267,1,cloudresearch,America/Chicago,2026-06-08,34,Black or African American,Woman,More than 5 years,Master's degree,true,Employee - Full-Time (30 to 40+ hrs/week),first_shift,4,4,4,4,4,2,2,2,2,2,2,2,2,1,2,2,1,1,1,4,3,5,5,5,5,4,1,4,1,1,1,1,1,1,1,1,1,1,1,1,1,2,1,4,4,1,1,1,1,5,5,4,4,0,0,1,4.0,2.0,1.8,1.25,4,3,5.0,3.3333333333333335,1.0,1.0,1.0,2.75,1.0,4.5,1,4
R_6PMi1xo2lYybqaO,true,SV_eRKl4lgMZDAurT8,188,2,cloudresearch,America/Chicago,2026-06-08,34,Black or African American,Woman,More than 5 years,Master's degree,true,Employee - Full-Time (30 to 40+ hrs/week),first_shift,4,4,4,4,4,2,2,2,2,2,2,2,2,1,2,2,1,1,1,4,3,5,5,1,1,,1,1,1,1,2,1,1,1,2,2,2,1,1,1,1,4,1,4,5,1,1,1,1,4,4,4,4,1,30,1,4.0,2.0,1.8,1.25,4,3,5.0,,1.2,2.0,1.0,3.5,1.0,4.0,1,
R_6PMi1xo2lYybqaO,true,SV_6J3svun1r97AAHc,548,3,cloudresearch,America/Chicago,2026-06-08,34,Black or African American,Woman,More than 5 years,Master's degree,true,Employee - Full-Time (30 to 40+ hrs/week),first_shift,4,4,4,4,4,2,2,2,2,2,2,2,2,1,2,2,1,1,1,4,3,5,5,4,5,,1,4,2,1,3,1,1,1,1,1,1,1,1,1,1,5,1,1,5,1,1,1,1,4,2,4,2,0,0,1,4.0,2.0,1.8,1.25,4,3,5.0,,1.4,1.0,1.0,3.0,1.0,3.0,1,
R_6PgBIVQFGljohTH,true,SV_5nV942MJGubDmqq,283,1,cloudresearch,America/New_York,2026-06-08,42,White or Caucasian,Man,More than 5 years,Bachelor's degree,true,Employee - Full-Time (30 to 40+ hrs/week),first_shift,4,2,3,4,2,2,2,2,3,2,1,1,1,1,1,1,1,1,1,5,1,2,2,5,5,5,1,5,1,5,5,5,5,3,1,1,1,1,1,1,1,1,1,1,1,1,1,1,1,5,5,5,5,0,0,1,3.0,2.2,1.0,1.0,5,1,2.0,3.6666666666666665,4.6,1.0,1.0,1.0,1.0,5.0,1,5
R_6PgBIVQFGljohTH,true,SV_eRKl4lgMZDAurT8,113,2,cloudresearch,America/New_York,2026-06-08,42,White or Caucasian,Man,More than 5 years,Bachelor's degree,true,Employee - Full-Time (30 to 40+ hrs/week),first_shift,4,2,3,4,2,2,2,2,3,2,1,1,1,1,1,1,1,1,1,5,1,2,2,5,5,,1,5,1,5,5,5,5,5,1,1,1,1,1,1,1,1,1,1,1,1,1,1,1,5,5,5,5,0,0,1,3.0,2.2,1.0,1.0,5,1,2.0,,5.0,1.0,1.0,1.0,1.0,5.0,1,
R_6PgBIVQFGljohTH,true,SV_6J3svun1r97AAHc,241,3,cloudresearch,America/New_York,2026-06-08,42,White or Caucasian,Man,More than 5 years,Bachelor's degree,true,Employee - Full-Time (30 to 40+ hrs/week),first_shift,4,2,3,4,2,2,2,2,3,2,1,1,1,1,1,1,1,1,1,5,1,2,2,5,5,,1,5,1,5,5,5,5,5,1,1,1,1,1,1,1,1,1,1,1,1,1,1,1,5,5,5,5,0,0,1,3.0,2.2,1.0,1.0,5,1,2.0,,5.0,1.0,1.0,1.0,1.0,5.0,1,
R_6SyWVx1xQmJ5cNr,true,SV_5nV942MJGubDmqq,1483,1,cloudresearch,America/New_York,2026-06-08,34,White or Caucasian,Woman,More than 5 years,"Some college, no degree",false,Employee - Full-Time (30 to 40+ hrs/week),second_shift,4,3,3,4,3,4,2,3,5,4,2,2,3,3,4,4,3,3,4,1,1,2,2,5,3,5,2,3,4,2,4,2,3,3,2,2,2,2,1,1,3,4,4,3,2,1,1,3,1,5,5,5,5,0,0,2,3.4,3.6,2.8,3.5,1,1,2.0,3.6666666666666665,2.8,2.0,1.75,3.25,1.5,5.0,2,3
R_6SyWVx1xQmJ5cNr,true,SV_eRKl4lgMZDAurT8,198,2,cloudresearch,America/New_York,2026-06-08,34,White or Caucasian,Woman,More than 5 years,"Some college, no degree",false,Employee - Full-Time (30 to 40+ hrs/week),second_shift,4,3,3,4,3,4,2,3,5,4,2,2,3,3,4,4,3,3,4,1,1,2,2,5,5,,5,3,5,5,4,3,3,3,5,2,2,1,2,4,3,3,1,4,3,1,4,1,1,5,5,5,5,0,0,5,3.4,3.6,2.8,3.5,1,1,2.0,,3.6,3.0,2.5,2.75,1.75,5.0,5,
R_6SyWVx1xQmJ5cNr,true,SV_6J3svun1r97AAHc,145,3,cloudresearch,America/New_York,2026-06-08,34,White or Caucasian,Woman,More than 5 years,"Some college, no degree",false,Employee - Full-Time (30 to 40+ hrs/week),second_shift,4,3,3,4,3,4,2,3,5,4,2,2,3,3,4,4,3,3,4,1,1,2,2,5,5,,4,5,5,5,3,5,2,2,3,3,3,1,1,3,1,5,1,5,4,1,4,1,1,5,5,5,5,0,0,5,3.4,3.6,2.8,3.5,1,1,2.0,,3.4,3.0,1.5,3.75,1.75,5.0,5,
R_6T9jHRbDiwVWVRn,true,SV_5nV942MJGubDmqq,177,1,cloudresearch,America/Chicago,2026-06-08,38,White or Caucasian,Woman,More than 5 years,"High school diploma or equivalent (e.g., GED)",false,Employee - Full-Time (30 to 40+ hrs/week),first_shift,4,3,4,5,4,2,2,2,3,2,1,1,1,1,1,1,1,1,1,5,1,2,1,1,1,1,1,1,1,1,1,1,1,1,1,1,1,1,1,1,1,2,1,2,2,1,1,1,1,5,5,5,5,0,0,1,4.0,2.2,1.0,1.0,5,1,1.5,1.0,1.0,1.0,1.0,1.75,1.0,5.0,1,5
R_6T9jHRbDiwVWVRn,true,SV_eRKl4lgMZDAurT8,140,2,cloudresearch,America/Chicago,2026-06-08,38,White or Caucasian,Woman,More than 5 years,"High school diploma or equivalent (e.g., GED)",false,Employee - Full-Time (30 to 40+ hrs/week),first_shift,4,3,4,5,4,2,2,2,3,2,1,1,1,1,1,1,1,1,1,5,1,2,1,2,2,,1,1,1,2,2,1,2,1,1,1,1,1,1,1,1,1,1,1,1,1,1,1,1,5,5,5,5,1,21,1,4.0,2.2,1.0,1.0,5,1,1.5,,1.6,1.0,1.0,1.0,1.0,5.0,1,
R_6T9jHRbDiwVWVRn,true,SV_6J3svun1r97AAHc,162,3,cloudresearch,America/Chicago,2026-06-08,38,White or Caucasian,Woman,More than 5 years,"High school diploma or equivalent (e.g., GED)",false,Employee - Full-Time (30 to 40+ hrs/week),first_shift,4,3,4,5,4,2,2,2,3,2,1,1,1,1,1,1,1,1,1,5,1,2,1,3,3,,1,1,1,3,3,2,3,2,1,1,1,2,2,1,2,4,4,4,4,1,1,1,1,5,5,5,5,0,0,1,4.0,2.2,1.0,1.0,5,1,1.5,,2.6,1.0,1.75,4.0,1.0,5.0,1,
R_6bZviGfRcUpMbnD,true,SV_5nV942MJGubDmqq,509,1,cloudresearch,America/New_York,2026-06-08,23,White or Caucasian,Man,1 to 3 years,Bachelor's degree,true,Employee - Part-Time (<30 hrs/week),first_shift,4,4,5,4,5,2,2,1,2,1,1,1,1,1,1,1,1,1,1,5,2,3,4,2,1,2,1,1,1,2,2,2,2,3,1,1,1,2,1,2,1,1,4,5,3,1,1,1,1,5,4,5,4,1,30,1,4.4,1.6,1.0,1.0,5,2,3.5,1.3333333333333333,2.2,1.0,1.5,3.25,1.0,4.5,1,5
R_6bZviGfRcUpMbnD,true,SV_eRKl4lgMZDAurT8,336,2,cloudresearch,America/New_York,2026-06-08,23,White or Caucasian,Man,1 to 3 years,Bachelor's degree,true,Employee - Part-Time (<30 hrs/week),first_shift,4,4,5,4,5,2,2,1,2,1,1,1,1,1,1,1,1,1,1,5,2,3,4,2,1,,1,1,1,2,2,2,1,2,1,1,1,1,1,1,4,2,1,5,2,1,2,1,1,4,4,5,5,1,15,1,4.4,1.6,1.0,1.0,5,2,3.5,,1.8,1.0,1.75,2.5,1.25,4.5,1,
R_6bZviGfRcUpMbnD,true,SV_6J3svun1r97AAHc,118,3,cloudresearch,America/New_York,2026-06-08,23,White or Caucasian,Man,1 to 3 years,Bachelor's degree,true,Employee - Part-Time (<30 hrs/week),first_shift,4,4,5,4,5,2,2,1,2,1,1,1,1,1,1,1,1,1,1,5,2,3,4,2,1,,1,1,1,2,1,1,1,2,1,1,1,1,1,2,2,1,2,5,3,1,1,1,1,5,4,5,4,0,0,1,4.4,1.6,1.0,1.0,5,2,3.5,,1.4,1.0,1.5,2.75,1.0,4.5,1,
R_6dUlB8R1EJHsG53,false,SV_5nV942MJGubDmqq,525,1,snowball,America/New_York,2026-06-08,34,Two or more races,Man,1 to 3 years,"High school diploma or equivalent (e.g., GED)",true,Employee - Full-Time (30 to 40+ hrs/week),first_shift,4,3,5,4,4,3,3,2,2,3,4,4,4,4,4,4,4,4,4,2,1,3,3,2,1,1,2,1,2,1,1,1,1,1,1,1,1,1,1,1,5,1,1,4,3,1,1,1,1,3,3,4,3,0,0,2,4.0,2.6,4.0,4.0,2,1,3.0,1.5,1.0,1.0,2.0,2.25,1.0,3.25,2,1
R_6dUlB8R1EJHsG53,false,SV_eRKl4lgMZDAurT8,275,2,snowball,America/New_York,2026-06-08,34,Two or more races,Man,1 to 3 years,"High school diploma or equivalent (e.g., GED)",true,Employee - Full-Time (30 to 40+ hrs/week),first_shift,4,3,5,4,4,3,3,2,2,3,4,4,4,4,4,4,4,4,4,2,1,3,3,1,1,,2,1,2,1,1,1,1,1,1,1,1,2,1,1,5,1,1,5,4,1,2,1,1,3,3,3,4,0,0,2,4.0,2.6,4.0,4.0,2,1,3.0,,1.0,1.0,2.25,2.75,1.25,3.25,2,
R_6dUlB8R1EJHsG53,false,SV_6J3svun1r97AAHc,149,3,snowball,America/New_York,2026-06-08,34,Two or more races,Man,1 to 3 years,"High school diploma or equivalent (e.g., GED)",true,Employee - Full-Time (30 to 40+ hrs/week),first_shift,4,3,5,4,4,3,3,2,2,3,4,4,4,4,4,4,4,4,4,2,1,3,3,1,1,,1,1,1,1,1,1,1,1,1,1,1,1,1,1,1,1,1,1,1,1,1,1,1,3,4,4,3,0,0,2,4.0,2.6,4.0,4.0,2,1,3.0,,1.0,1.0,1.0,1.0,1.0,3.5,2,
R_6e2le5DVTROAw0I,true,SV_5nV942MJGubDmqq,379,1,cloudresearch,America/New_York,2026-06-08,39,White or Caucasian,Woman,More than 5 years,Master's degree,true,Employee - Part-Time (<30 hrs/week),first_shift,3,4,3,4,3,2,3,3,1,3,4,4,4,2,4,4,3,3,3,5,4,4,3,3,3,3,3,4,2,3,1,4,3,2,2,2,4,4,4,4,4,3,4,4,5,5,4,3,3,5,5,4,5,2,201,2,3.4,2.4,3.6,3.25,5,4,3.5,3.0,2.6,2.6666666666666665,4.0,4.0,3.75,4.75,2,5
R_6e2le5DVTROAw0I,true,SV_eRKl4lgMZDAurT8,144,2,cloudresearch,America/New_York,2026-06-08,39,White or Caucasian,Woman,More than 5 years,Master's degree,true,Employee - Part-Time (<30 hrs/week),first_shift,3,4,3,4,3,2,3,3,1,3,4,4,4,2,4,4,3,3,3,5,4,4,3,4,4,,3,2,2,3,4,2,4,3,2,2,4,4,5,5,3,4,3,3,4,4,2,3,4,5,3,4,4,3,185,2,3.4,2.4,3.6,3.25,5,4,3.5,,3.2,2.6666666666666665,4.25,3.5,3.25,4.0,2,
R_6e2le5DVTROAw0I,true,SV_6J3svun1r97AAHc,125,3,cloudresearch,America/New_York,2026-06-08,39,White or Caucasian,Woman,More than 5 years,Master's degree,true,Employee - Part-Time (<30 hrs/week),first_shift,3,4,3,4,3,2,3,3,1,3,4,4,4,2,4,4,3,3,3,5,4,4,3,5,2,,3,4,3,3,2,4,2,4,2,4,2,4,2,3,5,4,3,4,4,3,3,4,3,4,4,5,5,2,192,2,3.4,2.4,3.6,3.25,5,4,3.5,,3.0,2.6666666666666665,3.5,3.75,3.25,4.5,2,
R_6fdE3SkEL0g5dwz,true,SV_5nV942MJGubDmqq,182,1,cloudresearch,America/New_York,2026-06-08,36,White or Caucasian,Man,More than 5 years,Master's degree,true,Employee - Part-Time (<30 hrs/week),first_shift,5,5,1,5,5,3,1,1,1,3,3,3,3,4,4,4,2,3,4,4,3,3,4,2,3,2,2,4,3,3,2,4,2,2,3,2,3,4,5,4,3,3,4,3,4,4,4,3,2,4,3,5,5,3,189,3,4.2,1.8,3.4,3.25,4,3,3.5,2.6666666666666665,2.6,2.6666666666666665,4.0,3.5,3.25,4.25,3,5
R_6fdE3SkEL0g5dwz,true,SV_eRKl4lgMZDAurT8,485,2,cloudresearch,America/New_York,2026-06-08,36,White or Caucasian,Man,More than 5 years,Master's degree,true,Employee - Part-Time (<30 hrs/week),first_shift,5,5,1,5,5,3,1,1,1,3,3,3,3,4,4,4,2,3,4,4,3,3,4,2,2,,3,4,3,2,2,3,3,4,3,2,3,3,5,2,4,3,4,4,4,3,3,4,3,3,4,4,4,1,205,2,4.2,1.8,3.4,3.25,4,3,3.5,,2.8,2.6666666666666665,3.5,3.75,3.25,3.75,2,
R_6fdE3SkEL0g5dwz,true,SV_6J3svun1r97AAHc,111,3,cloudresearch,America/New_York,2026-06-08,36,White or Caucasian,Man,More than 5 years,Master's degree,true,Employee - Part-Time (<30 hrs/week),first_shift,5,5,1,5,5,3,1,1,1,3,3,3,3,4,4,4,2,3,4,4,3,3,4,4,3,,2,2,2,2,3,3,3,3,3,4,3,2,4,4,4,3,1,4,3,3,4,2,5,4,4,5,4,3,181,2,4.2,1.8,3.4,3.25,4,3,3.5,,2.8,3.3333333333333335,3.5,2.75,3.5,4.25,2,
R_6njHbehS7Ws9O5J,true,SV_5nV942MJGubDmqq,194,1,cloudresearch,America/New_York,2026-06-08,47,White or Caucasian,Man,More than 5 years,Master's degree,true,Employee - Full-Time (30 to 40+ hrs/week),first_shift,4,3,3,3,4,2,2,1,2,1,1,1,1,1,1,1,1,1,1,5,2,2,2,1,1,1,1,1,1,1,1,1,1,1,1,1,1,1,1,1,1,1,1,2,1,1,1,1,1,5,5,5,5,0,0,1,3.4,1.6,1.0,1.0,5,2,2.0,1.0,1.0,1.0,1.0,1.25,1.0,5.0,1,5
R_6njHbehS7Ws9O5J,true,SV_eRKl4lgMZDAurT8,777,2,cloudresearch,America/New_York,2026-06-08,47,White or Caucasian,Man,More than 5 years,Master's degree,true,Employee - Full-Time (30 to 40+ hrs/week),first_shift,4,3,3,3,4,2,2,1,2,1,1,1,1,1,1,1,1,1,1,5,2,2,2,1,1,,1,1,1,1,1,1,1,1,1,1,1,1,1,1,1,1,1,3,1,1,1,1,1,4,5,4,5,0,0,1,3.4,1.6,1.0,1.0,5,2,2.0,,1.0,1.0,1.0,1.5,1.0,4.5,1,
R_6njHbehS7Ws9O5J,true,SV_6J3svun1r97AAHc,109,3,cloudresearch,America/New_York,2026-06-08,47,White or Caucasian,Man,More than 5 years,Master's degree,true,Employee - Full-Time (30 to 40+ hrs/week),first_shift,4,3,3,3,4,2,2,1,2,1,1,1,1,1,1,1,1,1,1,5,2,2,2,2,2,,1,1,1,2,2,1,1,1,1,1,1,1,1,1,1,1,1,4,1,1,1,1,1,5,5,4,5,0,0,1,3.4,1.6,1.0,1.0,5,2,2.0,,1.4,1.0,1.0,1.75,1.0,4.75,1,
R_6qVRkFCKmsaYaDI,true,SV_5nV942MJGubDmqq,256,1,cloudresearch,America/Chicago,2026-06-08,57,White or Caucasian,Woman,More than 5 years,Bachelor's degree,true,Independent Contractor or Freelancer (1099),first_shift,4,3,5,4,4,2,1,1,3,2,1,2,1,1,1,1,1,1,2,4,3,2,2,3,2,3,3,3,4,1,1,1,2,1,1,1,1,3,2,3,1,1,4,5,5,3,4,2,1,4,4,4,4,0,0,1,4.0,1.8,1.2,1.25,4,3,2.0,3.0,1.2,1.0,2.25,3.75,2.5,4.0,1,3
R_6qVRkFCKmsaYaDI,true,SV_eRKl4lgMZDAurT8,291,2,cloudresearch,America/Chicago,2026-06-08,57,White or Caucasian,Woman,More than 5 years,Bachelor's degree,true,Independent Contractor or Freelancer (1099),first_shift,4,3,5,4,4,2,1,1,3,2,1,2,1,1,1,1,1,1,2,4,3,2,2,4,4,,2,4,3,2,3,2,2,3,1,2,2,3,2,2,2,3,2,3,4,2,2,2,1,4,4,4,4,1,90,1,4.0,1.8,1.2,1.25,4,3,2.0,,2.4,1.6666666666666667,2.25,3.0,1.75,4.0,1,
R_6qVRkFCKmsaYaDI,true,SV_6J3svun1r97AAHc,159,3,cloudresearch,America/Chicago,2026-06-08,57,White or Caucasian,Woman,More than 5 years,Bachelor's degree,true,Independent Contractor or Freelancer (1099),first_shift,4,3,5,4,4,2,1,1,3,2,1,2,1,1,1,1,1,1,2,4,3,2,2,2,2,,1,1,2,2,2,1,3,1,1,1,1,1,1,1,1,2,1,2,5,1,1,1,1,4,4,4,4,1,15,1,4.0,1.8,1.2,1.25,4,3,2.0,,1.8,1.0,1.0,2.5,1.0,4.0,1,
R_6rH4XYlxwAxkXUT,false,SV_5nV942MJGubDmqq,393,1,snowball,America/New_York,2026-06-08,31,White or Caucasian,Woman,Less than a year,Master's degree,false,Employee - Full-Time (30 to 40+ hrs/week),first_shift,3,4,4,3,4,2,1,1,4,3,4,3,4,4,3,4,4,3,4,2,2,3,3,3,2,2,2,2,2,3,2,2,2,2,1,3,2,3,3,4,4,3,4,4,2,3,3,4,3,5,3,4,3,1,60,4,3.6,2.2,3.6,3.75,2,2,3.0,2.1666666666666665,2.2,2.0,3.5,3.25,3.25,3.75,4,2
R_6rH4XYlxwAxkXUT,false,SV_eRKl4lgMZDAurT8,401,2,snowball,America/New_York,2026-06-08,31,White or Caucasian,Woman,Less than a year,Master's degree,false,Employee - Full-Time (30 to 40+ hrs/week),first_shift,3,4,4,3,4,2,1,1,4,3,4,3,4,4,3,4,4,3,4,2,2,3,3,3,2,,2,2,2,1,2,2,2,2,2,2,2,4,3,4,4,4,4,4,4,3,4,4,3,4,4,4,4,2,60,2,3.6,2.2,3.6,3.75,2,2,3.0,,1.8,2.0,3.75,4.0,3.5,4.0,2,
R_6rH4XYlxwAxkXUT,false,SV_6J3svun1r97AAHc,260,3,snowball,America/New_York,2026-06-08,31,White or Caucasian,Woman,Less than a year,Master's degree,false,Employee - Full-Time (30 to 40+ hrs/week),first_shift,3,4,4,3,4,2,1,1,4,3,4,3,4,4,3,4,4,3,4,2,2,3,3,3,4,,2,3,2,4,3,2,3,2,2,2,2,4,3,4,4,4,4,4,4,3,4,4,3,4,5,4,4,2,118,3,3.6,2.2,3.6,3.75,2,2,3.0,,2.8,2.0,3.75,4.0,3.5,4.25,3,
R_71GJleHmk001EHg,true,SV_5nV942MJGubDmqq,172,1,cloudresearch,America/New_York,2026-06-08,46,White or Caucasian,Man,More than 5 years,Professional or doctorate degree,false,Employee - Full-Time (30 to 40+ hrs/week),first_shift,4,3,4,4,3,2,1,1,2,1,1,2,2,4,3,1,2,1,3,4,2,3,3,1,1,1,1,1,1,1,1,1,1,1,1,1,1,1,1,1,1,1,1,2,1,1,1,1,1,4,4,4,4,1,50,1,3.6,1.4,2.4,1.75,4,2,3.0,1.0,1.0,1.0,1.0,1.25,1.0,4.0,1,4
R_71GJleHmk001EHg,true,SV_eRKl4lgMZDAurT8,671,2,cloudresearch,America/New_York,2026-06-08,46,White or Caucasian,Man,More than 5 years,Professional or doctorate degree,false,Employee - Full-Time (30 to 40+ hrs/week),first_shift,4,3,4,4,3,2,1,1,2,1,1,2,2,4,3,1,2,1,3,4,2,3,3,1,1,,1,1,1,1,1,1,1,1,1,1,1,1,1,1,1,1,1,1,1,1,1,1,1,4,4,4,4,0,0,1,3.6,1.4,2.4,1.75,4,2,3.0,,1.0,1.0,1.0,1.0,1.0,4.0,1,
R_71GJleHmk001EHg,true,SV_6J3svun1r97AAHc,122,3,cloudresearch,America/New_York,2026-06-08,46,White or Caucasian,Man,More than 5 years,Professional or doctorate degree,false,Employee - Full-Time (30 to 40+ hrs/week),first_shift,4,3,4,4,3,2,1,1,2,1,1,2,2,4,3,1,2,1,3,4,2,3,3,1,1,,1,1,1,1,1,1,1,1,1,1,1,1,1,1,1,1,1,4,1,1,1,1,1,4,4,4,4,0,0,1,3.6,1.4,2.4,1.75,4,2,3.0,,1.0,1.0,1.0,1.75,1.0,4.0,1,
R_7KxvoKei7JYBRNA,true,SV_5nV942MJGubDmqq,116,1,cloudresearch,America/Los_Angeles,2026-06-08,44,White or Caucasian,Man,1 to 3 years,Bachelor's degree,false,Employee - Part-Time (<30 hrs/week),first_shift,3,2,2,3,3,2,2,2,3,2,2,2,2,2,1,1,2,2,3,3,3,3,3,2,3,4,2,2,3,3,3,3,2,2,2,2,3,3,3,3,3,3,3,3,3,3,3,3,3,4,4,4,4,0,0,1,2.6,2.2,1.8,2.0,3,3,3.0,2.6666666666666665,2.6,2.3333333333333335,3.0,3.0,3.0,4.0,1,3
R_7KxvoKei7JYBRNA,true,SV_eRKl4lgMZDAurT8,109,2,cloudresearch,America/Los_Angeles,2026-06-08,44,White or Caucasian,Man,1 to 3 years,Bachelor's degree,false,Employee - Part-Time (<30 hrs/week),first_shift,3,2,2,3,3,2,2,2,3,2,2,2,2,2,1,1,2,2,3,3,3,3,3,3,2,,3,2,2,2,2,2,2,2,2,2,2,2,2,1,2,2,3,2,3,1,2,1,2,4,4,4,4,0,0,2,2.6,2.2,1.8,2.0,3,3,3.0,,2.0,2.0,1.75,2.5,1.5,4.0,2,
R_7KxvoKei7JYBRNA,true,SV_6J3svun1r97AAHc,280,3,cloudresearch,America/Los_Angeles,2026-06-08,44,White or Caucasian,Man,1 to 3 years,Bachelor's degree,false,Employee - Part-Time (<30 hrs/week),first_shift,3,2,2,3,3,2,2,2,3,2,2,2,2,2,1,1,2,2,3,3,3,3,3,3,2,,2,2,2,4,2,2,2,1,2,3,2,2,1,2,2,2,2,3,3,1,1,1,2,4,4,5,4,0,0,2,2.6,2.2,1.8,2.0,3,3,3.0,,2.2,2.3333333333333335,1.75,2.5,1.25,4.25,2,
R_7c8DRxNJTIfNvZb,true,SV_5nV942MJGubDmqq,126,1,cloudresearch,America/Chicago,2026-06-08,20,White or Caucasian,Man,3 to 5 years,"High school diploma or equivalent (e.g., GED)",false,Employee - Full-Time (30 to 40+ hrs/week),second_shift,3,3,3,3,4,2,2,3,3,2,1,2,2,2,2,2,3,2,3,2,3,4,4,2,1,1,1,2,1,2,2,1,3,1,3,3,2,1,2,3,4,2,3,4,2,2,3,3,1,5,4,4,4,0,0,2,3.2,2.4,1.8,2.5,2,3,4.0,1.3333333333333333,1.8,2.6666666666666665,2.5,2.75,2.25,4.25,2,2
R_7c8DRxNJTIfNvZb,true,SV_eRKl4lgMZDAurT8,1330,2,cloudresearch,America/Chicago,2026-06-08,20,White or Caucasian,Man,3 to 5 years,"High school diploma or equivalent (e.g., GED)",false,Employee - Full-Time (30 to 40+ hrs/week),second_shift,3,3,3,3,4,2,2,3,3,2,1,2,2,2,2,2,3,2,3,2,3,4,4,1,2,,1,1,2,1,3,2,2,2,1,2,2,1,2,3,4,3,4,4,4,2,3,2,1,4,4,4,4,0,0,1,3.2,2.4,1.8,2.5,2,3,4.0,,2.0,1.6666666666666667,2.5,3.75,2.0,4.0,1,
R_7c8DRxNJTIfNvZb,true,SV_6J3svun1r97AAHc,69,3,cloudresearch,America/Chicago,2026-06-08,20,White or Caucasian,Man,3 to 5 years,"High school diploma or equivalent (e.g., GED)",false,Employee - Full-Time (30 to 40+ hrs/week),second_shift,3,3,3,3,4,2,2,3,3,2,1,2,2,2,2,2,3,2,3,2,3,4,4,1,2,,1,1,1,1,2,1,2,2,1,1,1,1,2,2,4,4,3,3,3,1,3,2,1,4,4,5,4,0,0,1,3.2,2.4,1.8,2.5,2,3,4.0,,1.6,1.0,2.25,3.25,1.75,4.25,1,
R_7hisMNMqM7bkf4J,true,SV_5nV942MJGubDmqq,115,1,cloudresearch,America/Denver,2026-06-08,43,White or Caucasian,Man,More than 5 years,Bachelor's degree,false,Employee - Full-Time (30 to 40+ hrs/week),first_shift,5,4,4,5,5,1,1,1,1,1,1,1,1,1,1,1,1,1,1,5,1,2,2,2,1,1,1,1,1,1,1,1,1,1,1,1,1,1,1,1,1,1,3,1,4,1,1,1,1,5,5,5,5,0,0,1,4.6,1.0,1.0,1.0,5,1,2.0,1.1666666666666667,1.0,1.0,1.0,2.25,1.0,5.0,1,5
R_7hisMNMqM7bkf4J,true,SV_eRKl4lgMZDAurT8,158,2,cloudresearch,America/Denver,2026-06-08,43,White or Caucasian,Man,More than 5 years,Bachelor's degree,false,Employee - Full-Time (30 to 40+ hrs/week),first_shift,5,4,4,5,5,1,1,1,1,1,1,1,1,1,1,1,1,1,1,5,1,2,2,3,2,,1,2,3,1,1,1,1,1,1,1,1,1,1,1,1,1,2,2,4,1,1,1,1,5,5,5,5,1,15,1,4.6,1.0,1.0,1.0,5,1,2.0,,1.0,1.0,1.0,2.25,1.0,5.0,1,
R_7hisMNMqM7bkf4J,true,SV_6J3svun1r97AAHc,103,3,cloudresearch,America/Denver,2026-06-08,43,White or Caucasian,Man,More than 5 years,Bachelor's degree,false,Employee - Full-Time (30 to 40+ hrs/week),first_shift,5,4,4,5,5,1,1,1,1,1,1,1,1,1,1,1,1,1,1,5,1,2,2,3,2,,2,3,2,1,1,1,1,1,1,2,2,1,1,1,1,1,1,2,1,1,1,1,1,5,5,5,5,0,0,1,4.6,1.0,1.0,1.0,5,1,2.0,,1.0,1.6666666666666667,1.0,1.25,1.0,5.0,1,
R_7jPAnVJr0ItR9OF,true,SV_5nV942MJGubDmqq,261,1,cloudresearch,America/Denver,2026-06-08,34,Black or African American,Woman,1 to 3 years,Bachelor's degree,false,Employee - Full-Time (30 to 40+ hrs/week),second_shift,4,2,3,4,4,3,2,2,3,2,4,4,4,4,4,2,2,4,4,1,1,2,2,5,3,1,3,2,3,2,2,2,2,1,2,1,1,1,1,1,1,4,1,5,4,1,1,5,1,2,2,2,2,2,122,1,3.4,2.4,4.0,3.0,1,1,2.0,2.8333333333333335,1.8,1.3333333333333333,1.0,3.5,2.0,2.0,1,1
R_7jPAnVJr0ItR9OF,true,SV_eRKl4lgMZDAurT8,550,2,cloudresearch,America/Denver,2026-06-08,34,Black or African American,Woman,1 to 3 years,Bachelor's degree,false,Employee - Full-Time (30 to 40+ hrs/week),second_shift,4,2,3,4,4,3,2,2,3,2,4,4,4,4,4,2,2,4,4,1,1,2,2,3,1,,1,1,2,1,1,1,1,1,1,1,1,1,1,1,1,1,1,1,1,1,1,1,1,1,1,1,1,0,0,1,3.4,2.4,4.0,3.0,1,1,2.0,,1.0,1.0,1.0,1.0,1.0,1.0,1,
R_7jPAnVJr0ItR9OF,true,SV_6J3svun1r97AAHc,122,3,cloudresearch,America/Denver,2026-06-08,34,Black or African American,Woman,1 to 3 years,Bachelor's degree,false,Employee - Full-Time (30 to 40+ hrs/week),second_shift,4,2,3,4,4,3,2,2,3,2,4,4,4,4,4,2,2,4,4,1,1,2,2,3,1,,1,1,2,2,1,1,2,2,1,1,1,1,1,1,1,1,1,1,1,1,1,1,1,1,1,1,1,0,0,1,3.4,2.4,4.0,3.0,1,1,2.0,,1.6,1.0,1.0,1.0,1.0,1.0,1,
R_7lfqpAaJqxALdnN,true,SV_5nV942MJGubDmqq,213,1,cloudresearch,America/New_York,2026-06-08,42,White or Caucasian,Woman,More than 5 years,"Some college, no degree",true,Employee - Full-Time (30 to 40+ hrs/week),first_shift,4,5,4,3,3,3,3,3,4,5,3,3,2,3,1,2,1,1,1,4,1,5,4,3,2,3,5,5,4,5,5,3,4,5,5,1,3,5,4,5,5,4,5,4,4,3,5,5,5,5,4,5,5,1,9,5,3.8,3.6,2.4,1.25,4,1,4.5,3.6666666666666665,4.4,3.0,4.75,4.25,4.5,4.75,5,1
R_7lfqpAaJqxALdnN,true,SV_eRKl4lgMZDAurT8,112,2,cloudresearch,America/New_York,2026-06-08,42,White or Caucasian,Woman,More than 5 years,"Some college, no degree",true,Employee - Full-Time (30 to 40+ hrs/week),first_shift,4,5,4,3,3,3,3,3,4,5,3,3,2,3,1,2,1,1,1,4,1,5,4,2,2,,5,3,4,3,4,2,5,5,3,4,1,5,5,5,5,5,4,4,5,4,4,3,3,5,5,5,5,8,61,5,3.8,3.6,2.4,1.25,4,1,4.5,,3.8,2.6666666666666665,5.0,4.5,3.5,5.0,5,
R_7lfqpAaJqxALdnN,true,SV_6J3svun1r97AAHc,166,3,cloudresearch,America/New_York,2026-06-08,42,White or Caucasian,Woman,More than 5 years,"Some college, no degree",true,Employee - Full-Time (30 to 40+ hrs/week),first_shift,4,5,4,3,3,3,3,3,4,5,3,3,2,3,1,2,1,1,1,4,1,5,4,5,4,,3,3,5,3,5,4,3,5,5,2,4,4,5,5,4,5,4,4,4,1,1,1,1,5,5,5,5,4,41,5,3.8,3.6,2.4,1.25,4,1,4.5,,4.0,3.6666666666666665,4.5,4.25,1.0,5.0,5,
R_7r5qxqFYUSG7l6x,true,SV_5nV942MJGubDmqq,138,1,cloudresearch,America/Chicago,2026-06-08,52,White or Caucasian,Man,3 to 5 years,Associate degree,false,Employee - Full-Time (30 to 40+ hrs/week),first_shift,5,1,5,5,5,2,2,1,1,1,3,3,4,3,3,4,4,3,3,1,3,4,5,1,5,1,2,1,5,1,1,1,1,1,2,5,2,1,1,1,2,3,4,4,3,2,3,3,2,5,5,5,5,1,6,5,4.2,1.4,3.2,3.5,1,3,4.5,2.5,1.0,3.0,1.25,3.5,2.5,5.0,5,1
R_7r5qxqFYUSG7l6x,true,SV_eRKl4lgMZDAurT8,120,2,cloudresearch,America/Chicago,2026-06-08,52,White or Caucasian,Man,3 to 5 years,Associate degree,false,Employee - Full-Time (30 to 40+ hrs/week),first_shift,5,1,5,5,5,2,2,1,1,1,3,3,4,3,3,4,4,3,3,1,3,4,5,5,1,,5,1,5,1,1,1,1,1,1,5,1,1,1,1,3,3,4,4,4,3,2,3,1,3,3,3,3,0,0,5,4.2,1.4,3.2,3.5,1,3,4.5,,1.0,2.3333333333333335,1.5,3.75,2.25,3.0,5,
R_7r5qxqFYUSG7l6x,true,SV_6J3svun1r97AAHc,140,3,cloudresearch,America/Chicago,2026-06-08,52,White or Caucasian,Man,3 to 5 years,Associate degree,false,Employee - Full-Time (30 to 40+ hrs/week),first_shift,5,1,5,5,5,2,2,1,1,1,3,3,4,3,3,4,4,3,3,1,3,4,5,1,1,,1,1,1,1,1,1,1,1,1,1,1,1,1,1,1,2,1,3,1,1,1,1,1,1,1,1,1,0,0,5,4.2,1.4,3.2,3.5,1,3,4.5,,1.0,1.0,1.0,1.75,1.0,1.0,5,
R_7s1w8ZXmIlZCukt,true,SV_5nV942MJGubDmqq,173,1,cloudresearch,America/Los_Angeles,2026-06-08,39,White or Caucasian,Man,3 to 5 years,Professional or doctorate degree,true,Employee - Full-Time (30 to 40+ hrs/week),second_shift,3,3,3,3,4,2,1,1,2,2,1,1,1,1,1,1,2,1,1,4,2,3,2,3,2,2,1,2,1,2,2,2,2,1,1,1,1,2,2,2,1,1,3,2,1,2,1,2,1,5,5,5,5,0,0,1,3.2,1.6,1.0,1.25,4,2,2.5,1.8333333333333333,1.8,1.0,1.75,1.75,1.5,5.0,1,4
R_7s1w8ZXmIlZCukt,true,SV_eRKl4lgMZDAurT8,104,2,cloudresearch,America/Los_Angeles,2026-06-08,39,White or Caucasian,Man,3 to 5 years,Professional or doctorate degree,true,Employee - Full-Time (30 to 40+ hrs/week),second_shift,3,3,3,3,4,2,1,1,2,2,1,1,1,1,1,1,2,1,1,4,2,3,2,3,3,,1,3,2,3,3,3,3,3,2,2,3,1,1,1,1,1,1,1,1,1,1,1,1,5,5,5,5,1,16,1,3.2,1.6,1.0,1.25,4,2,2.5,,3.0,2.3333333333333335,1.0,1.0,1.0,5.0,1,
R_7s1w8ZXmIlZCukt,true,SV_6J3svun1r97AAHc,135,3,cloudresearch,America/Los_Angeles,2026-06-08,39,White or Caucasian,Man,3 to 5 years,Professional or doctorate degree,true,Employee - Full-Time (30 to 40+ hrs/week),second_shift,3,3,3,3,4,2,1,1,2,2,1,1,1,1,1,1,2,1,1,4,2,3,2,3,4,,2,4,2,4,4,3,3,3,4,2,2,2,1,1,1,3,1,4,4,1,1,1,1,5,5,5,5,1,33,1,3.2,1.6,1.0,1.25,4,2,2.5,,3.4,2.6666666666666665,1.25,3.0,1.0,5.0,1,
R_7uETwOArA73UObf,true,SV_5nV942MJGubDmqq,122,1,cloudresearch,America/New_York,2026-06-08,40,Asian,Non-binary,More than 5 years,Associate degree,true,Independent Contractor or Freelancer (1099),first_shift,3,2,3,3,2,3,3,2,4,2,3,4,4,4,4,4,3,3,4,1,2,4,4,5,5,5,2,5,5,5,5,5,5,5,1,1,1,2,1,2,2,3,3,4,4,3,3,3,2,4,4,4,4,0,0,1,2.6,2.8,3.8,3.5,1,2,4.0,4.5,5.0,1.0,1.75,3.5,2.75,4.0,1,2
R_7uETwOArA73UObf,true,SV_eRKl4lgMZDAurT8,200,2,cloudresearch,America/New_York,2026-06-08,40,Asian,Non-binary,More than 5 years,Associate degree,true,Independent Contractor or Freelancer (1099),first_shift,3,2,3,3,2,3,3,2,4,2,3,4,4,4,4,4,3,3,4,1,2,4,4,5,5,,5,5,5,5,5,5,5,5,2,5,2,2,2,2,4,4,4,5,4,2,3,2,2,4,4,4,4,0,0,5,2.6,2.8,3.8,3.5,1,2,4.0,,5.0,3.0,2.5,4.25,2.25,4.0,5,
R_7uETwOArA73UObf,true,SV_6J3svun1r97AAHc,101,3,cloudresearch,America/New_York,2026-06-08,40,Asian,Non-binary,More than 5 years,Associate degree,true,Independent Contractor or Freelancer (1099),first_shift,3,2,3,3,2,3,3,2,4,2,3,4,4,4,4,4,3,3,4,1,2,4,4,5,5,,5,5,5,5,5,5,5,5,3,5,5,2,2,3,4,4,3,4,4,2,2,2,2,4,4,4,4,0,0,5,2.6,2.8,3.8,3.5,1,2,4.0,,5.0,4.333333333333333,2.75,3.75,2.0,4.0,5,
R_7vI2L9F3y5vvkZz,false,SV_5nV942MJGubDmqq,157,1,snowball,America/New_York,2026-06-08,39,White or Caucasian,Woman,More than 5 years,Professional or doctorate degree,true,Employee - Full-Time (30 to 40+ hrs/week),first_shift,4,3,5,4,5,2,1,2,2,1,2,1,1,1,3,1,1,1,2,4,1,4,4,1,1,1,1,1,1,1,1,1,1,1,1,1,1,1,1,1,1,1,1,1,1,1,1,1,1,5,5,5,5,0,0,1,4.2,1.6,1.6,1.25,4,1,4.0,1.0,1.0,1.0,1.0,1.0,1.0,5.0,1,3
R_7vI2L9F3y5vvkZz,false,SV_eRKl4lgMZDAurT8,129,2,snowball,America/New_York,2026-06-08,39,White or Caucasian,Woman,More than 5 years,Professional or doctorate degree,true,Employee - Full-Time (30 to 40+ hrs/week),first_shift,4,3,5,4,5,2,1,2,2,1,2,1,1,1,3,1,1,1,2,4,1,4,4,1,1,,2,1,1,1,3,1,1,1,2,1,2,1,1,1,1,1,1,1,1,1,1,1,1,5,5,5,5,1,30,1,4.2,1.6,1.6,1.25,4,1,4.0,,1.4,1.6666666666666667,1.0,1.0,1.0,5.0,1,
R_7vI2L9F3y5vvkZz,false,SV_6J3svun1r97AAHc,121,3,snowball,America/New_York,2026-06-08,39,White or Caucasian,Woman,More than 5 years,Professional or doctorate degree,true,Employee - Full-Time (30 to 40+ hrs/week),first_shift,4,3,5,4,5,2,1,2,2,1,2,1,1,1,3,1,1,1,2,4,1,4,4,3,1,,2,2,1,1,1,1,1,1,2,1,1,1,1,1,1,1,1,1,1,1,1,1,1,5,5,5,5,2,60,2,4.2,1.6,1.6,1.25,4,1,4.0,,1.0,1.3333333333333333,1.0,1.0,1.0,5.0,2,
R_1pPS5dmj3bBCN3F,true,SV_5nV942MJGubDmqq,411,1,cloudresearch,America/New_York,2026-06-07,43,White or Caucasian,Woman,More than 5 years,Bachelor's degree,false,Employee - Full-Time (30 to 40+ hrs/week),third_shift,4,3,3,4,3,3,2,3,3,3,1,1,1,1,1,2,2,1,2,3,2,3,3,3,2,2,2,5,5,2,3,2,2,2,1,1,1,2,1,1,3,3,2,3,4,3,3,4,1,5,5,5,5,0,0,1,3.4,2.8,1.0,1.75,3,2,3.0,3.1666666666666665,2.2,1.0,1.75,3.0,2.75,5.0,1,3
R_1pPS5dmj3bBCN3F,true,SV_eRKl4lgMZDAurT8,251,2,cloudresearch,America/New_York,2026-06-07,43,White or Caucasian,Woman,More than 5 years,Bachelor's degree,false,Employee - Full-Time (30 to 40+ hrs/week),third_shift,4,3,3,4,3,3,2,3,3,3,1,1,1,1,1,2,2,1,2,3,2,3,3,4,2,,3,2,5,2,1,1,2,2,1,1,1,1,2,3,3,3,2,3,3,4,4,4,1,5,5,5,5,0,0,2,3.4,2.8,1.0,1.75,3,2,3.0,,1.6,1.0,2.25,2.75,3.25,5.0,2,
R_1pPS5dmj3bBCN3F,true,SV_6J3svun1r97AAHc,289,3,cloudresearch,America/New_York,2026-06-07,43,White or Caucasian,Woman,More than 5 years,Bachelor's degree,false,Employee - Full-Time (30 to 40+ hrs/week),third_shift,4,3,3,4,3,3,2,3,3,3,1,1,1,1,1,2,2,1,2,3,2,3,3,4,2,,3,3,4,2,2,1,1,1,1,1,1,2,2,2,3,3,3,4,3,4,5,4,1,5,5,5,5,0,0,1,3.4,2.8,1.0,1.75,3,2,3.0,,1.4,1.0,2.25,3.25,3.5,5.0,1,
R_3TAsDp8fIflm5C9,true,SV_5nV942MJGubDmqq,118,1,cloudresearch,America/New_York,2026-06-07,38,White or Caucasian,Non-binary,More than 5 years,Associate degree,true,Other,first_shift,4,3,4,4,4,3,1,2,3,3,3,3,3,3,3,3,3,3,3,5,1,1,1,1,1,1,1,1,1,1,1,1,1,1,1,1,1,1,1,1,1,1,1,1,1,1,1,1,1,5,5,5,5,0,0,1,3.8,2.4,3.0,3.0,5,1,1.0,1.0,1.0,1.0,1.0,1.0,1.0,5.0,1,5
R_3TAsDp8fIflm5C9,true,SV_eRKl4lgMZDAurT8,94,2,cloudresearch,America/New_York,2026-06-07,38,White or Caucasian,Non-binary,More than 5 years,Associate degree,true,Other,first_shift,4,3,4,4,4,3,1,2,3,3,3,3,3,3,3,3,3,3,3,5,1,1,1,1,1,,1,1,1,1,1,1,1,1,1,1,1,1,1,1,1,1,1,1,1,1,1,1,1,5,5,5,5,0,0,1,3.8,2.4,3.0,3.0,5,1,1.0,,1.0,1.0,1.0,1.0,1.0,5.0,1,
R_3TAsDp8fIflm5C9,true,SV_6J3svun1r97AAHc,84,3,cloudresearch,America/New_York,2026-06-07,38,White or Caucasian,Non-binary,More than 5 years,Associate degree,true,Other,first_shift,4,3,4,4,4,3,1,2,3,3,3,3,3,3,3,3,3,3,3,5,1,1,1,1,1,,1,1,1,1,1,1,1,1,1,1,1,1,1,1,1,1,1,1,1,1,1,1,1,5,5,5,5,0,0,1,3.8,2.4,3.0,3.0,5,1,1.0,,1.0,1.0,1.0,1.0,1.0,5.0,1,
R_3ToX2Lg2T9vZlgu,true,SV_5nV942MJGubDmqq,451,1,cloudresearch,America/New_York,2026-06-07,36,Black or African American,Man,More than 5 years,Associate degree,true,Employee - Full-Time (30 to 40+ hrs/week),second_shift,4,5,4,4,4,2,2,2,3,2,1,1,1,1,1,2,1,1,3,5,1,5,5,3,3,4,3,3,3,3,3,3,3,2,1,2,1,1,4,1,1,4,1,5,4,1,4,1,1,5,5,5,5,8,30,2,4.2,2.2,1.0,1.75,5,1,5.0,3.1666666666666665,2.8,1.3333333333333333,1.75,3.5,1.75,5.0,2,5
R_3ToX2Lg2T9vZlgu,true,SV_eRKl4lgMZDAurT8,216,2,cloudresearch,America/New_York,2026-06-07,36,Black or African American,Man,More than 5 years,Associate degree,true,Employee - Full-Time (30 to 40+ hrs/week),second_shift,4,5,4,4,4,2,2,2,3,2,1,1,1,1,1,2,1,1,3,5,1,5,5,3,3,,1,3,3,3,2,3,3,3,2,3,1,1,1,2,3,3,1,1,2,1,1,1,2,5,5,5,5,1,14,2,4.2,2.2,1.0,1.75,5,1,5.0,,2.8,2.0,1.75,1.75,1.25,5.0,2,
R_3ToX2Lg2T9vZlgu,true,SV_6J3svun1r97AAHc,331,3,cloudresearch,America/New_York,2026-06-07,36,Black or African American,Man,More than 5 years,Associate degree,true,Employee - Full-Time (30 to 40+ hrs/week),second_shift,4,5,4,4,4,2,2,2,3,2,1,1,1,1,1,2,1,1,3,5,1,5,5,3,3,,2,3,3,3,3,3,3,3,3,2,3,5,1,1,4,2,2,1,3,1,4,4,4,5,5,5,5,2,11,2,4.2,2.2,1.0,1.75,5,1,5.0,,3.0,2.6666666666666665,2.75,2.0,3.25,5.0,2,
R_6r08yVweST7RxqJ,true,SV_5nV942MJGubDmqq,346,1,cloudresearch,America/Los_Angeles,2026-06-07,32,Black or African American,Man,3 to 5 years,"Some college, no degree",true,Employee - Full-Time (30 to 40+ hrs/week),first_shift,4,5,5,5,5,3,1,1,2,2,1,1,1,1,1,1,1,1,1,5,1,5,4,2,2,2,1,1,1,1,2,1,1,1,1,1,1,2,1,1,1,2,4,5,4,1,1,3,4,5,4,5,4,1,60,1,4.8,1.8,1.0,1.0,5,1,4.5,1.5,1.2,1.0,1.25,3.75,2.25,4.5,1,5
R_6r08yVweST7RxqJ,true,SV_eRKl4lgMZDAurT8,358,2,cloudresearch,America/Los_Angeles,2026-06-07,32,Black or African American,Man,3 to 5 years,"Some college, no degree",true,Employee - Full-Time (30 to 40+ hrs/week),first_shift,4,5,5,5,5,3,1,1,2,2,1,1,1,1,1,1,1,1,1,5,1,5,4,2,2,,2,1,2,1,1,1,1,1,1,1,1,1,1,1,1,1,1,4,1,1,1,1,4,4,4,4,4,1,60,1,4.8,1.8,1.0,1.0,5,1,4.5,,1.0,1.0,1.0,1.75,1.75,4.0,1,
R_6r08yVweST7RxqJ,true,SV_6J3svun1r97AAHc,417,3,cloudresearch,America/Los_Angeles,2026-06-07,32,Black or African American,Man,3 to 5 years,"Some college, no degree",true,Employee - Full-Time (30 to 40+ hrs/week),first_shift,4,5,5,5,5,3,1,1,2,2,1,1,1,1,1,1,1,1,1,5,1,5,4,1,2,,2,1,2,1,1,1,1,1,1,1,1,2,2,1,2,2,4,5,4,2,1,2,4,4,4,4,4,1,60,1,4.8,1.8,1.0,1.0,5,1,4.5,,1.0,1.0,1.75,3.75,2.25,4.0,1,
R_7VEj9aDAS2g6lRH,true,SV_5nV942MJGubDmqq,165,1,cloudresearch,America/New_York,2026-06-07,35,White or Caucasian,Man,More than 5 years,Associate degree,true,Independent Contractor or Freelancer (1099),second_shift,4,4,5,5,4,3,2,2,3,3,1,1,1,2,1,2,1,1,1,4,1,2,2,2,1,5,1,1,2,1,2,2,4,1,1,1,1,1,2,1,1,5,1,5,4,1,2,1,4,5,5,5,5,0,0,1,4.4,2.6,1.2,1.25,4,1,2.0,2.0,2.0,1.0,1.25,3.75,2.0,5.0,1,5
R_7VEj9aDAS2g6lRH,true,SV_eRKl4lgMZDAurT8,163,2,cloudresearch,America/New_York,2026-06-07,35,White or Caucasian,Man,More than 5 years,Associate degree,true,Independent Contractor or Freelancer (1099),second_shift,4,4,5,5,4,3,2,2,3,3,1,1,1,2,1,2,1,1,1,4,1,2,2,4,2,,3,4,3,3,1,4,2,1,1,1,1,1,2,1,3,5,5,5,2,1,1,1,2,5,5,5,5,0,0,1,4.4,2.6,1.2,1.25,4,1,2.0,,2.2,1.0,1.75,4.25,1.25,5.0,1,
R_7VEj9aDAS2g6lRH,true,SV_6J3svun1r97AAHc,154,3,cloudresearch,America/New_York,2026-06-07,35,White or Caucasian,Man,More than 5 years,Associate degree,true,Independent Contractor or Freelancer (1099),second_shift,4,4,5,5,4,3,2,2,3,3,1,1,1,2,1,2,1,1,1,4,1,2,2,5,4,,1,5,3,4,4,3,2,4,1,1,1,1,1,1,2,5,5,5,4,2,2,2,2,5,5,5,5,0,0,1,4.4,2.6,1.2,1.25,4,1,2.0,,3.4,1.0,1.25,4.75,2.0,5.0,1,
R_14cuNSOssNdyWBj,true,SV_5nV942MJGubDmqq,227,1,cloudresearch,America/New_York,2026-06-06,23,Two or more races,Woman,1 to 3 years,Associate degree,true,Employee - Full-Time (30 to 40+ hrs/week),second_shift,5,3,5,4,5,4,2,4,5,4,4,5,4,4,5,4,4,4,5,1,4,5,5,5,4,3,3,4,5,5,5,3,5,2,5,4,4,4,5,4,5,4,5,5,5,2,5,4,5,5,5,5,5,0,0,5,4.4,3.8,4.4,4.25,1,4,5.0,4.0,4.0,4.333333333333333,4.5,4.75,4.0,5.0,5,1
R_14cuNSOssNdyWBj,true,SV_eRKl4lgMZDAurT8,113,2,cloudresearch,America/New_York,2026-06-06,23,Two or more races,Woman,1 to 3 years,Associate degree,true,Employee - Full-Time (30 to 40+ hrs/week),second_shift,5,3,5,4,5,4,2,4,5,4,4,5,4,4,5,4,4,4,5,1,4,5,5,5,5,,5,5,4,5,4,5,5,4,4,5,5,5,4,4,5,5,5,4,5,3,5,5,4,5,4,4,4,0,10,5,4.4,3.8,4.4,4.25,1,4,5.0,,4.6,4.666666666666667,4.5,4.75,4.25,4.25,5,
R_14cuNSOssNdyWBj,true,SV_6J3svun1r97AAHc,145,3,cloudresearch,America/New_York,2026-06-06,23,Two or more races,Woman,1 to 3 years,Associate degree,true,Employee - Full-Time (30 to 40+ hrs/week),second_shift,5,3,5,4,5,4,2,4,5,4,4,5,4,4,5,4,4,4,5,1,4,5,5,5,5,,5,5,5,4,5,5,5,4,4,5,5,5,4,4,5,4,5,5,5,4,5,5,5,5,5,5,5,0,0,5,4.4,3.8,4.4,4.25,1,4,5.0,,4.6,4.666666666666667,4.5,4.75,4.75,5.0,5,
R_1P4TFzHZRjnwLTA,true,SV_5nV942MJGubDmqq,516,1,cloudresearch,America/Chicago,2026-06-06,42,White or Caucasian,Woman,More than 5 years,Bachelor's degree,true,Employee - Full-Time (30 to 40+ hrs/week),second_shift,4,5,5,4,4,2,1,2,4,3,2,2,1,1,2,1,1,1,2,5,1,4,4,3,1,5,,2,3,1,2,2,2,2,1,2,1,2,3,2,4,2,3,3,3,1,1,2,1,5,4,5,4,2,120,1,4.4,2.4,1.6,1.25,5,1,4.0,,1.8,1.3333333333333333,2.75,2.75,1.25,4.5,1,5
R_1P4TFzHZRjnwLTA,true,SV_eRKl4lgMZDAurT8,446,2,cloudresearch,America/Chicago,2026-06-06,42,White or Caucasian,Woman,More than 5 years,Bachelor's degree,true,Employee - Full-Time (30 to 40+ hrs/week),second_shift,4,5,5,4,4,2,1,2,4,3,2,2,1,1,2,1,1,1,2,5,1,4,4,5,5,,5,3,3,1,5,5,3,5,1,1,1,3,4,1,4,4,4,4,4,1,1,1,2,4,5,4,4,1,15,2,4.4,2.4,1.6,1.25,5,1,4.0,,3.8,1.0,3.0,4.0,1.25,4.25,2,
R_1P4TFzHZRjnwLTA,true,SV_6J3svun1r97AAHc,299,3,cloudresearch,America/Chicago,2026-06-06,42,White or Caucasian,Woman,More than 5 years,Bachelor's degree,true,Employee - Full-Time (30 to 40+ hrs/week),second_shift,4,5,5,4,4,2,1,2,4,3,2,2,1,1,2,1,1,1,2,5,1,4,4,4,4,,3,2,2,2,3,2,1,2,2,1,1,1,3,2,2,3,4,4,4,1,2,1,2,5,5,5,4,0,0,1,4.4,2.4,1.6,1.25,5,1,4.0,,2.0,1.3333333333333333,2.0,3.75,1.5,4.75,1,
R_1dDPvzNWEGKjRik,true,SV_5nV942MJGubDmqq,181,1,cloudresearch,America/Chicago,2026-06-06,28,White or Caucasian,Woman,3 to 5 years,"Some college, no degree",true,Employee - Part-Time (<30 hrs/week),first_shift,2,3,3,4,4,2,1,1,5,3,1,1,2,1,1,1,1,1,1,5,2,3,4,2,2,2,2,1,1,1,3,1,2,1,1,2,1,1,4,1,2,1,1,1,1,2,4,4,1,5,5,5,5,1,20,1,3.2,2.4,1.2,1.0,5,2,3.5,1.6666666666666667,1.6,1.3333333333333333,2.0,1.0,2.75,5.0,1,4
R_1dDPvzNWEGKjRik,true,SV_eRKl4lgMZDAurT8,96,2,cloudresearch,America/Chicago,2026-06-06,28,White or Caucasian,Woman,3 to 5 years,"Some college, no degree",true,Employee - Part-Time (<30 hrs/week),first_shift,2,3,3,4,4,2,1,1,5,3,1,1,2,1,1,1,1,1,1,5,2,3,4,2,1,,1,1,1,1,1,2,2,1,1,1,1,1,1,1,1,1,1,1,1,1,1,1,1,5,5,5,5,1,19,1,3.2,2.4,1.2,1.0,5,2,3.5,,1.4,1.0,1.0,1.0,1.0,5.0,1,
R_1dDPvzNWEGKjRik,true,SV_6J3svun1r97AAHc,283,3,cloudresearch,America/Chicago,2026-06-06,28,White or Caucasian,Woman,3 to 5 years,"Some college, no degree",true,Employee - Part-Time (<30 hrs/week),first_shift,2,3,3,4,4,2,1,1,5,3,1,1,2,1,1,1,1,1,1,5,2,3,4,1,2,,1,1,1,1,1,2,1,1,1,1,1,1,1,1,1,1,1,1,2,1,1,2,1,4,4,4,4,1,29,1,3.2,2.4,1.2,1.0,5,2,3.5,,1.2,1.0,1.0,1.25,1.25,4.0,1,
R_1oBJqopzDNtwLRJ,true,SV_5nV942MJGubDmqq,632,1,cloudresearch,America/Chicago,2026-06-06,52,White or Caucasian,Man,More than 5 years,Bachelor's degree,false,Employee - Full-Time (30 to 40+ hrs/week),second_shift,4,3,4,4,4,2,1,2,2,2,1,1,1,1,1,1,1,1,1,5,1,3,3,3,2,2,1,1,1,1,1,1,2,1,1,1,1,1,1,1,1,1,1,4,4,1,1,1,1,4,5,5,5,2,120,1,3.8,1.8,1.0,1.0,5,1,3.0,1.6666666666666667,1.2,1.0,1.0,2.5,1.0,4.75,1,5
R_1oBJqopzDNtwLRJ,true,SV_eRKl4lgMZDAurT8,178,2,cloudresearch,America/Chicago,2026-06-06,52,White or Caucasian,Man,More than 5 years,Bachelor's degree,false,Employee - Full-Time (30 to 40+ hrs/week),second_shift,4,3,4,4,4,2,1,2,2,2,1,1,1,1,1,1,1,1,1,5,1,3,3,1,1,,1,1,1,1,1,1,1,1,1,1,1,1,1,1,1,1,1,1,1,1,1,1,1,5,5,5,5,1,31,1,3.8,1.8,1.0,1.0,5,1,3.0,,1.0,1.0,1.0,1.0,1.0,5.0,1,
R_1oBJqopzDNtwLRJ,true,SV_6J3svun1r97AAHc,159,3,cloudresearch,America/Chicago,2026-06-06,52,White or Caucasian,Man,More than 5 years,Bachelor's degree,false,Employee - Full-Time (30 to 40+ hrs/week),second_shift,4,3,4,4,4,2,1,2,2,2,1,1,1,1,1,1,1,1,1,5,1,3,3,1,1,,1,1,1,1,1,1,1,1,1,1,1,1,1,1,1,1,1,1,1,1,1,1,1,5,5,5,5,0,0,1,3.8,1.8,1.0,1.0,5,1,3.0,,1.0,1.0,1.0,1.0,1.0,5.0,1,
R_5Gwytehlq6uI2Yl,true,SV_5nV942MJGubDmqq,312,1,cloudresearch,America/Chicago,2026-06-06,36,Hispanic or Latino,Woman,3 to 5 years,Bachelor's degree,true,Independent Contractor or Freelancer (1099),first_shift,5,4,4,4,4,3,3,2,4,4,1,1,1,1,2,1,2,2,4,4,4,3,3,2,1,1,1,2,1,2,1,1,3,2,1,2,1,2,1,1,2,1,5,5,4,1,1,1,1,5,5,5,5,0,0,1,4.2,3.2,1.2,2.25,4,4,3.0,1.3333333333333333,1.8,1.3333333333333333,1.5,3.75,1.0,5.0,1,4
R_5Gwytehlq6uI2Yl,true,SV_eRKl4lgMZDAurT8,264,2,cloudresearch,America/Chicago,2026-06-06,36,Hispanic or Latino,Woman,3 to 5 years,Bachelor's degree,true,Independent Contractor or Freelancer (1099),first_shift,5,4,4,4,4,3,3,2,4,4,1,1,1,1,2,1,2,2,4,4,4,3,3,2,2,,1,1,1,1,2,1,2,1,1,1,1,1,1,1,1,1,4,3,3,1,1,1,1,5,5,5,5,0,0,1,4.2,3.2,1.2,2.25,4,4,3.0,,1.4,1.0,1.0,2.75,1.0,5.0,1,
R_5Gwytehlq6uI2Yl,true,SV_6J3svun1r97AAHc,265,3,cloudresearch,America/Chicago,2026-06-06,36,Hispanic or Latino,Woman,3 to 5 years,Bachelor's degree,true,Independent Contractor or Freelancer (1099),first_shift,5,4,4,4,4,3,3,2,4,4,1,1,1,1,2,1,2,2,4,4,4,3,3,3,2,,1,1,1,2,3,3,3,2,1,2,2,1,1,1,1,1,4,3,3,1,1,1,1,5,5,5,5,0,0,1,4.2,3.2,1.2,2.25,4,4,3.0,,2.6,1.6666666666666667,1.0,2.75,1.0,5.0,1,
R_5IENNKJB0zpUeTc,true,SV_5nV942MJGubDmqq,138,1,cloudresearch,Pacific/Honolulu,2026-06-06,32,Asian,Man,More than 5 years,Bachelor's degree,false,Employee - Full-Time (30 to 40+ hrs/week),second_shift,3,1,2,3,1,1,1,1,1,1,1,1,3,1,1,1,1,1,1,4,4,2,1,3,2,2,1,1,1,1,1,1,1,1,1,1,1,4,3,4,1,1,1,4,4,1,1,1,1,5,5,5,5,0,0,1,2.0,1.0,1.4,1.0,4,4,1.5,1.6666666666666667,1.0,1.0,3.0,2.5,1.0,5.0,1,5
R_5IENNKJB0zpUeTc,true,SV_eRKl4lgMZDAurT8,111,2,cloudresearch,Pacific/Honolulu,2026-06-06,32,Asian,Man,More than 5 years,Bachelor's degree,false,Employee - Full-Time (30 to 40+ hrs/week),second_shift,3,1,2,3,1,1,1,1,1,1,1,1,3,1,1,1,1,1,1,4,4,2,1,3,1,,1,2,2,3,1,1,1,1,1,1,1,4,4,1,4,1,1,5,5,1,1,1,1,5,5,5,5,0,0,1,2.0,1.0,1.4,1.0,4,4,1.5,,1.4,1.0,3.25,3.0,1.0,5.0,1,
R_5IENNKJB0zpUeTc,true,SV_6J3svun1r97AAHc,118,3,cloudresearch,Pacific/Honolulu,2026-06-06,32,Asian,Man,More than 5 years,Bachelor's degree,false,Employee - Full-Time (30 to 40+ hrs/week),second_shift,3,1,2,3,1,1,1,1,1,1,1,1,3,1,1,1,1,1,1,4,4,2,1,4,5,,2,4,4,5,3,3,3,3,1,1,1,4,1,1,1,4,4,5,4,1,1,1,1,5,5,5,5,0,0,1,2.0,1.0,1.4,1.0,4,4,1.5,,3.4,1.0,1.75,4.25,1.0,5.0,1,
R_5uO4GSxBBAQFtDC,true,SV_5nV942MJGubDmqq,282,1,cloudresearch,America/New_York,2026-06-06,37,White or Caucasian,Man,More than 5 years,Bachelor's degree,true,Employee - Full-Time (30 to 40+ hrs/week),second_shift,4,3,2,4,3,2,1,3,4,2,1,2,4,1,4,2,1,1,4,1,1,5,4,1,1,1,1,1,1,1,1,1,1,1,1,1,1,1,1,1,2,1,1,1,1,1,1,1,1,5,5,4,5,0,0,2,3.2,2.4,2.4,2.0,1,1,4.5,1.0,1.0,1.0,1.25,1.0,1.0,4.75,2,1
R_5uO4GSxBBAQFtDC,true,SV_eRKl4lgMZDAurT8,289,2,cloudresearch,America/New_York,2026-06-06,37,White or Caucasian,Man,More than 5 years,Bachelor's degree,true,Employee - Full-Time (30 to 40+ hrs/week),second_shift,4,3,2,4,3,2,1,3,4,2,1,2,4,1,4,2,1,1,4,1,1,5,4,1,1,,1,1,2,1,1,1,1,1,1,1,1,1,1,1,1,1,1,2,1,1,1,1,1,5,5,4,5,0,0,2,3.2,2.4,2.4,2.0,1,1,4.5,,1.0,1.0,1.0,1.25,1.0,4.75,2,
R_5uO4GSxBBAQFtDC,true,SV_6J3svun1r97AAHc,176,3,cloudresearch,America/New_York,2026-06-06,37,White or Caucasian,Man,More than 5 years,Bachelor's degree,true,Employee - Full-Time (30 to 40+ hrs/week),second_shift,4,3,2,4,3,2,1,3,4,2,1,2,4,1,4,2,1,1,4,1,1,5,4,2,1,,1,2,2,2,3,1,3,2,1,1,1,1,1,1,1,1,1,2,1,1,1,1,1,5,5,4,5,0,0,2,3.2,2.4,2.4,2.0,1,1,4.5,,2.2,1.0,1.0,1.25,1.0,4.75,2,
R_611Q09DkHMIEzLu,true,SV_5nV942MJGubDmqq,237,1,cloudresearch,America/New_York,2026-06-06,39,White or Caucasian,Man,More than 5 years,Bachelor's degree,false,Employee - Part-Time (<30 hrs/week),first_shift,3,3,3,4,3,3,3,3,3,2,2,2,2,2,2,3,4,2,2,4,2,4,4,2,1,1,1,1,1,1,1,1,1,1,1,1,1,2,2,2,2,2,4,4,2,2,2,2,2,4,4,4,4,0,0,2,3.2,2.8,2.0,2.75,4,2,4.0,1.1666666666666667,1.0,1.0,2.0,3.0,2.0,4.0,2,4
R_611Q09DkHMIEzLu,true,SV_eRKl4lgMZDAurT8,224,2,cloudresearch,America/New_York,2026-06-06,39,White or Caucasian,Man,More than 5 years,Bachelor's degree,false,Employee - Part-Time (<30 hrs/week),first_shift,3,3,3,4,3,3,3,3,3,2,2,2,2,2,2,3,4,2,2,4,2,4,4,3,2,,1,1,1,1,1,1,1,1,1,2,3,2,2,2,2,4,2,4,4,2,2,2,2,5,4,4,4,1,19,1,3.2,2.8,2.0,2.75,4,2,4.0,,1.0,2.0,2.0,3.5,2.0,4.25,1,
R_611Q09DkHMIEzLu,true,SV_6J3svun1r97AAHc,154,3,cloudresearch,America/New_York,2026-06-06,39,White or Caucasian,Man,More than 5 years,Bachelor's degree,false,Employee - Part-Time (<30 hrs/week),first_shift,3,3,3,4,3,3,3,3,3,2,2,2,2,2,2,3,4,2,2,4,2,4,4,3,1,,1,1,1,1,1,1,1,1,1,1,1,2,4,2,2,4,4,4,4,2,1,2,2,4,4,5,4,0,0,1,3.2,2.8,2.0,2.75,4,2,4.0,,1.0,1.0,2.5,4.0,1.75,4.25,1,
R_6Krplc7cUR4qR6Y,true,SV_5nV942MJGubDmqq,121,1,cloudresearch,America/New_York,2026-06-06,36,Two or more races,Man,3 to 5 years,Bachelor's degree,true,Employee - Full-Time (30 to 40+ hrs/week),second_shift,4,4,4,4,4,2,2,2,2,2,1,2,1,1,1,1,1,1,1,5,4,4,3,3,2,1,1,1,2,2,2,2,2,1,1,1,1,4,1,2,1,2,1,1,1,1,1,1,1,4,4,4,5,1,45,1,4.0,2.0,1.2,1.0,5,4,3.5,1.6666666666666667,1.8,1.0,2.0,1.25,1.0,4.25,1,5
R_6Krplc7cUR4qR6Y,true,SV_eRKl4lgMZDAurT8,177,2,cloudresearch,America/New_York,2026-06-06,36,Two or more races,Man,3 to 5 years,Bachelor's degree,true,Employee - Full-Time (30 to 40+ hrs/week),second_shift,4,4,4,4,4,2,2,2,2,2,1,2,1,1,1,1,1,1,1,5,4,4,3,2,1,,1,1,2,2,2,2,2,1,1,1,1,2,2,2,1,2,1,5,4,3,3,2,1,5,4,5,4,0,0,1,4.0,2.0,1.2,1.0,5,4,3.5,,1.8,1.0,1.75,3.0,2.25,4.5,1,
R_6Krplc7cUR4qR6Y,true,SV_6J3svun1r97AAHc,285,3,cloudresearch,America/New_York,2026-06-06,36,Two or more races,Man,3 to 5 years,Bachelor's degree,true,Employee - Full-Time (30 to 40+ hrs/week),second_shift,4,4,4,4,4,2,2,2,2,2,1,2,1,1,1,1,1,1,1,5,4,4,3,2,2,,1,1,2,2,2,2,2,1,1,1,1,3,1,1,4,2,3,4,4,1,1,1,1,5,4,5,5,1,15,1,4.0,2.0,1.2,1.0,5,4,3.5,,1.8,1.0,2.25,3.25,1.0,4.75,1,
R_7Jfq2mjzCkxQLo2,true,SV_5nV942MJGubDmqq,296,1,cloudresearch,America/New_York,2026-06-06,62,White or Caucasian,Woman,3 to 5 years,Associate degree,true,Independent Contractor or Freelancer (1099),second_shift,5,4,5,5,4,2,1,1,2,2,1,1,1,1,1,1,1,1,1,5,1,2,2,5,2,3,1,1,2,2,2,1,2,3,1,1,1,1,1,1,1,1,1,1,1,1,1,1,1,4,4,4,5,0,5,1,4.6,1.6,1.0,1.0,5,1,2.0,2.3333333333333335,2.0,1.0,1.0,1.0,1.0,4.25,1,4
R_7Jfq2mjzCkxQLo2,true,SV_eRKl4lgMZDAurT8,171,2,cloudresearch,America/New_York,2026-06-06,62,White or Caucasian,Woman,3 to 5 years,Associate degree,true,Independent Contractor or Freelancer (1099),second_shift,5,4,5,5,4,2,1,1,2,2,1,1,1,1,1,1,1,1,1,5,1,2,2,2,2,,1,3,2,2,3,1,1,1,1,1,1,1,1,1,1,1,1,1,1,1,1,1,1,4,4,5,5,0,0,1,4.6,1.6,1.0,1.0,5,1,2.0,,1.6,1.0,1.0,1.0,1.0,4.5,1,
R_7Jfq2mjzCkxQLo2,true,SV_6J3svun1r97AAHc,160,3,cloudresearch,America/New_York,2026-06-06,62,White or Caucasian,Woman,3 to 5 years,Associate degree,true,Independent Contractor or Freelancer (1099),second_shift,5,4,5,5,4,2,1,1,2,2,1,1,1,1,1,1,1,1,1,5,1,2,2,5,4,,1,4,2,3,3,3,3,2,1,1,1,1,1,1,1,1,2,1,3,1,1,1,1,5,5,5,5,0,3,1,4.6,1.6,1.0,1.0,5,1,2.0,,2.8,1.0,1.0,1.75,1.0,5.0,1,
R_7X5JcH2GA0a6C3D,true,SV_5nV942MJGubDmqq,157,1,cloudresearch,America/New_York,2026-06-06,36,White or Caucasian,Woman,More than 5 years,Bachelor's degree,true,Employee - Full-Time (30 to 40+ hrs/week),first_shift,4,3,4,4,4,2,1,2,3,2,1,2,1,1,2,2,1,1,2,5,1,2,2,4,3,2,2,2,2,3,4,3,3,4,2,1,2,2,1,2,1,1,1,4,4,1,1,1,2,5,5,5,5,1,60,1,3.8,2.0,1.4,1.5,5,1,2.0,2.5,3.4,1.6666666666666667,1.5,2.5,1.25,5.0,1,4
R_7X5JcH2GA0a6C3D,true,SV_eRKl4lgMZDAurT8,128,2,cloudresearch,America/New_York,2026-06-06,36,White or Caucasian,Woman,More than 5 years,Bachelor's degree,true,Employee - Full-Time (30 to 40+ hrs/week),first_shift,4,3,4,4,4,2,1,2,3,2,1,2,1,1,2,2,1,1,2,5,1,2,2,2,2,,1,1,1,1,1,1,1,1,1,1,2,1,1,1,1,1,4,4,4,1,1,1,1,5,5,5,5,0,3,1,3.8,2.0,1.4,1.5,5,1,2.0,,1.0,1.3333333333333333,1.0,3.25,1.0,5.0,1,
R_7X5JcH2GA0a6C3D,true,SV_6J3svun1r97AAHc,126,3,cloudresearch,America/New_York,2026-06-06,36,White or Caucasian,Woman,More than 5 years,Bachelor's degree,true,Employee - Full-Time (30 to 40+ hrs/week),first_shift,4,3,4,4,4,2,1,2,3,2,1,2,1,1,2,2,1,1,2,5,1,2,2,3,2,,1,1,1,2,2,2,3,1,1,2,1,1,1,1,1,1,4,4,4,1,1,1,1,5,5,5,5,1,31,1,3.8,2.0,1.4,1.5,5,1,2.0,,2.0,1.3333333333333333,1.0,3.25,1.0,5.0,1,
R_7bKqwOHOkwqOtfT,true,SV_5nV942MJGubDmqq,295,1,cloudresearch,America/Chicago,2026-06-06,58,Two or more races,Woman,3 to 5 years,Associate degree,false,Employee - Part-Time (<30 hrs/week),second_shift,4,2,4,4,4,3,3,2,3,3,1,2,1,2,2,1,1,1,1,4,2,2,1,4,4,3,2,3,3,4,4,4,4,3,3,3,3,1,1,1,1,2,2,2,4,1,1,1,1,5,5,5,5,0,0,1,3.6,2.8,1.6,1.0,4,2,1.5,3.1666666666666665,3.8,3.0,1.0,2.5,1.0,5.0,1,4
R_7bKqwOHOkwqOtfT,true,SV_eRKl4lgMZDAurT8,244,2,cloudresearch,America/Chicago,2026-06-06,58,Two or more races,Woman,3 to 5 years,Associate degree,false,Employee - Part-Time (<30 hrs/week),second_shift,4,2,4,4,4,3,3,2,3,3,1,2,1,2,2,1,1,1,1,4,2,2,1,5,5,,5,4,5,5,4,3,4,4,1,1,1,1,1,2,1,4,4,4,4,1,1,2,1,5,5,5,5,0,0,3,3.6,2.8,1.6,1.0,4,2,1.5,,4.0,1.0,1.25,4.0,1.25,5.0,3,
R_7bKqwOHOkwqOtfT,true,SV_6J3svun1r97AAHc,200,3,cloudresearch,America/Chicago,2026-06-06,58,Two or more races,Woman,3 to 5 years,Associate degree,false,Employee - Part-Time (<30 hrs/week),second_shift,4,2,4,4,4,3,3,2,3,3,1,2,1,2,2,1,1,1,1,4,2,2,1,1,1,,1,1,1,1,1,1,1,1,2,1,2,1,1,1,1,2,2,4,2,1,1,1,1,5,5,5,5,0,0,1,3.6,2.8,1.6,1.0,4,2,1.5,,1.0,1.6666666666666667,1.0,2.5,1.0,5.0,1,
R_7ioh8BNpSxNOAaR,true,SV_5nV942MJGubDmqq,150,1,cloudresearch,America/New_York,2026-06-06,51,White or Caucasian,Man,3 to 5 years,"High school diploma or equivalent (e.g., GED)",false,Employee - Part-Time (<30 hrs/week),second_shift,3,4,4,4,4,1,1,1,1,1,1,1,1,1,1,1,1,1,1,5,2,1,3,1,1,1,1,1,1,1,1,1,1,1,1,1,1,2,1,1,1,1,3,5,2,1,1,1,1,5,5,5,4,0,0,1,3.8,1.0,1.0,1.0,5,2,2.0,1.0,1.0,1.0,1.25,2.75,1.0,4.75,1,5
R_7ioh8BNpSxNOAaR,true,SV_eRKl4lgMZDAurT8,122,2,cloudresearch,America/New_York,2026-06-06,51,White or Caucasian,Man,3 to 5 years,"High school diploma or equivalent (e.g., GED)",false,Employee - Part-Time (<30 hrs/week),second_shift,3,4,4,4,4,1,1,1,1,1,1,1,1,1,1,1,1,1,1,5,2,1,3,1,1,,1,1,1,1,1,1,1,1,1,1,1,2,1,1,1,1,1,1,1,1,1,1,1,5,5,5,5,0,0,1,3.8,1.0,1.0,1.0,5,2,2.0,,1.0,1.0,1.25,1.0,1.0,5.0,1,
R_7ioh8BNpSxNOAaR,true,SV_6J3svun1r97AAHc,91,3,cloudresearch,America/New_York,2026-06-06,51,White or Caucasian,Man,3 to 5 years,"High school diploma or equivalent (e.g., GED)",false,Employee - Part-Time (<30 hrs/week),second_shift,3,4,4,4,4,1,1,1,1,1,1,1,1,1,1,1,1,1,1,5,2,1,3,1,1,,1,1,1,1,1,1,1,1,1,1,1,1,1,1,1,1,1,1,1,1,1,1,1,5,5,5,5,0,0,2,3.8,1.0,1.0,1.0,5,2,2.0,,1.0,1.0,1.0,1.0,1.0,5.0,2,
R_7qxqj0A9nJVbDBD,true,SV_5nV942MJGubDmqq,123,1,cloudresearch,America/Chicago,2026-06-06,31,White or Caucasian,Man,Less than a year,Master's degree,false,Employee - Full-Time (30 to 40+ hrs/week),early_shift,4,3,5,3,4,3,2,2,2,2,2,2,2,1,1,2,1,1,2,4,1,4,5,2,2,2,1,2,2,1,2,1,3,1,2,2,2,4,4,1,1,3,4,2,4,1,3,1,1,5,5,5,5,0,0,1,3.8,2.2,1.6,1.5,4,1,4.5,1.8333333333333333,1.6,2.0,2.5,3.25,1.5,5.0,1,4
R_7qxqj0A9nJVbDBD,true,SV_eRKl4lgMZDAurT8,154,2,cloudresearch,America/Chicago,2026-06-06,31,White or Caucasian,Man,Less than a year,Master's degree,false,Employee - Full-Time (30 to 40+ hrs/week),early_shift,4,3,5,3,4,3,2,2,2,2,2,2,2,1,1,2,1,1,2,4,1,4,5,3,2,,1,1,1,1,2,1,2,1,1,2,1,4,2,3,1,1,4,3,2,1,1,2,1,5,5,5,5,0,0,1,3.8,2.2,1.6,1.5,4,1,4.5,,1.4,1.3333333333333333,2.5,2.5,1.25,5.0,1,
R_7qxqj0A9nJVbDBD,true,SV_6J3svun1r97AAHc,176,3,cloudresearch,America/Chicago,2026-06-06,31,White or Caucasian,Man,Less than a year,Master's degree,false,Employee - Full-Time (30 to 40+ hrs/week),early_shift,4,3,5,3,4,3,2,2,2,2,2,2,2,1,1,2,1,1,2,4,1,4,5,4,3,,2,3,2,2,2,2,3,2,2,2,2,2,2,2,2,1,2,4,4,1,3,1,2,5,5,5,5,0,0,1,3.8,2.2,1.6,1.5,4,1,4.5,,2.2,2.0,2.0,2.75,1.75,5.0,1,
R_11gQkfhD7AiL8ml,true,SV_5nV942MJGubDmqq,468,1,cloudresearch,America/Chicago,2026-06-05,40,Hispanic or Latino,Woman,1 to 3 years,"Some college, no degree",true,Employee - Part-Time (<30 hrs/week),first_shift,4,5,4,5,4,2,1,2,2,2,1,1,1,1,1,1,1,1,1,4,3,3,2,2,2,3,1,2,2,2,3,2,4,3,1,2,1,1,1,3,4,1,1,1,4,1,3,4,1,5,5,5,4,0,5,1,4.4,1.8,1.0,1.0,4,3,2.5,2.0,2.8,1.3333333333333333,2.25,1.75,2.25,4.75,1,5
R_11gQkfhD7AiL8ml,true,SV_eRKl4lgMZDAurT8,325,2,cloudresearch,America/Chicago,2026-06-05,40,Hispanic or Latino,Woman,1 to 3 years,"Some college, no degree",true,Employee - Part-Time (<30 hrs/week),first_shift,4,5,4,5,4,2,1,2,2,2,1,1,1,1,1,1,1,1,1,4,3,3,2,3,3,,2,3,2,3,2,4,4,4,1,2,2,1,1,2,3,1,2,4,4,1,2,3,2,5,5,5,5,0,0,1,4.4,1.8,1.0,1.0,4,3,2.5,,3.4,1.6666666666666667,1.75,2.75,2.0,5.0,1,
R_11gQkfhD7AiL8ml,true,SV_6J3svun1r97AAHc,400,3,cloudresearch,America/Chicago,2026-06-05,40,Hispanic or Latino,Woman,1 to 3 years,"Some college, no degree",true,Employee - Part-Time (<30 hrs/week),first_shift,4,5,4,5,4,2,1,2,2,2,1,1,1,1,1,1,1,1,1,4,3,3,2,4,3,,4,4,4,4,4,4,3,4,3,3,2,2,1,2,1,2,4,1,2,3,2,2,1,4,4,5,5,1,19,1,4.4,1.8,1.0,1.0,4,3,2.5,,3.8,2.6666666666666665,1.5,2.25,2.0,4.5,1,
R_1JEfbeRO3c8hqtP,true,SV_5nV942MJGubDmqq,216,1,cloudresearch,America/Chicago,2026-06-05,40,Black or African American,Woman,More than 5 years,Master's degree,false,Employee - Full-Time (30 to 40+ hrs/week),first_shift,4,2,5,5,3,2,1,2,4,3,3,3,3,3,3,1,2,2,1,2,1,4,3,3,2,5,5,5,3,3,3,2,3,5,2,3,1,4,4,4,4,3,3,4,4,2,2,2,2,5,5,5,5,0,0,5,3.8,2.4,3.0,1.5,2,1,3.5,3.8333333333333335,3.2,2.0,4.0,3.5,2.0,5.0,5,1
R_1JEfbeRO3c8hqtP,true,SV_eRKl4lgMZDAurT8,260,2,cloudresearch,America/Chicago,2026-06-05,40,Black or African American,Woman,More than 5 years,Master's degree,false,Employee - Full-Time (30 to 40+ hrs/week),first_shift,4,2,5,5,3,2,1,2,4,3,3,3,3,3,3,1,2,2,1,2,1,4,3,4,3,,3,4,3,3,4,3,3,2,3,2,1,4,4,4,4,3,4,3,5,4,4,4,2,5,5,5,1,0,0,5,3.8,2.4,3.0,1.5,2,1,3.5,,3.0,2.0,4.0,3.75,3.5,4.0,5,
R_1JEfbeRO3c8hqtP,true,SV_6J3svun1r97AAHc,186,3,cloudresearch,America/Chicago,2026-06-05,40,Black or African American,Woman,More than 5 years,Master's degree,false,Employee - Full-Time (30 to 40+ hrs/week),first_shift,4,2,5,5,3,2,1,2,4,3,3,3,3,3,3,1,2,2,1,2,1,4,3,5,2,,3,3,4,2,3,3,2,4,2,1,1,4,5,4,5,2,3,4,5,4,4,4,4,5,5,5,5,0,0,5,3.8,2.4,3.0,1.5,2,1,3.5,,2.8,1.3333333333333333,4.5,3.5,4.0,5.0,5,
R_1NvTgTbWzkphQoX,false,SV_5nV942MJGubDmqq,334,1,snowball,America/New_York,2026-06-05,34,White or Caucasian,Woman,More than 5 years,Master's degree,true,Employee - Full-Time (30 to 40+ hrs/week),first_shift,4,4,3,4,3,2,1,2,3,2,2,2,2,4,2,2,4,2,4,2,2,2,2,3,2,3,2,2,2,2,4,2,2,2,1,2,1,1,4,4,2,1,5,5,5,1,1,4,4,5,5,5,5,0,0,2,3.6,2.0,2.4,3.0,2,2,2.0,2.3333333333333335,2.4,1.3333333333333333,2.75,4.0,2.5,5.0,2,2
R_1NvTgTbWzkphQoX,false,SV_eRKl4lgMZDAurT8,329,2,snowball,America/New_York,2026-06-05,34,White or Caucasian,Woman,More than 5 years,Master's degree,true,Employee - Full-Time (30 to 40+ hrs/week),first_shift,4,4,3,4,3,2,1,2,3,2,2,2,2,4,2,2,4,2,4,2,2,2,2,2,2,,1,2,2,1,2,2,1,2,1,1,1,5,4,5,2,2,5,5,5,4,5,4,4,5,5,5,5,2,97,1,3.6,2.0,2.4,3.0,2,2,2.0,,1.6,1.0,4.0,4.25,4.25,5.0,1,
R_1NvTgTbWzkphQoX,false,SV_6J3svun1r97AAHc,257,3,snowball,America/New_York,2026-06-05,34,White or Caucasian,Woman,More than 5 years,Master's degree,true,Employee - Full-Time (30 to 40+ hrs/week),first_shift,4,4,3,4,3,2,1,2,3,2,2,2,2,4,2,2,4,2,4,2,2,2,2,2,2,,1,1,1,1,1,1,1,1,1,1,1,4,2,4,4,4,4,5,5,1,1,4,1,5,5,5,5,0,0,1,3.6,2.0,2.4,3.0,2,2,2.0,,1.0,1.0,3.5,4.5,1.75,5.0,1,
R_1OOPBpnJu0Xb6pj,true,SV_5nV942MJGubDmqq,373,1,cloudresearch,America/New_York,2026-06-05,48,White or Caucasian,Man,3 to 5 years,Master's degree,false,Employee - Full-Time (30 to 40+ hrs/week),second_shift,5,4,5,5,4,2,1,1,1,1,4,5,5,5,5,4,5,3,5,1,1,5,5,2,1,1,5,1,1,1,1,1,1,1,1,2,5,4,1,2,2,2,2,3,3,1,1,3,5,5,5,5,5,0,0,5,4.6,1.2,4.8,4.25,1,1,5.0,1.8333333333333333,1.0,2.6666666666666665,2.25,2.5,2.5,5.0,5,1
R_1OOPBpnJu0Xb6pj,true,SV_eRKl4lgMZDAurT8,153,2,cloudresearch,America/New_York,2026-06-05,48,White or Caucasian,Man,3 to 5 years,Master's degree,false,Employee - Full-Time (30 to 40+ hrs/week),second_shift,5,4,5,5,4,2,1,1,1,1,4,5,5,5,5,4,5,3,5,1,1,5,5,2,2,,4,1,2,1,1,1,1,1,1,3,5,4,4,3,4,3,3,4,4,2,4,3,4,5,5,5,5,0,0,5,4.6,1.2,4.8,4.25,1,1,5.0,,1.0,3.0,3.75,3.5,3.25,5.0,5,
R_1OOPBpnJu0Xb6pj,true,SV_6J3svun1r97AAHc,196,3,cloudresearch,America/New_York,2026-06-05,48,White or Caucasian,Man,3 to 5 years,Master's degree,false,Employee - Full-Time (30 to 40+ hrs/week),second_shift,5,4,5,5,4,2,1,1,1,1,4,5,5,5,5,4,5,3,5,1,1,5,5,1,1,,4,1,2,1,1,1,1,1,1,1,4,2,2,2,2,2,1,4,4,2,3,2,4,5,5,5,5,1,5,5,4.6,1.2,4.8,4.25,1,1,5.0,,1.0,2.0,2.0,2.75,2.75,5.0,5,
R_1Om1kxYG5IMw9kR,true,SV_5nV942MJGubDmqq,249,1,cloudresearch,America/Chicago,2026-06-05,55,White or Caucasian,Woman,More than 5 years,Master's degree,true,Employee - Full-Time (30 to 40+ hrs/week),first_shift,4,2,3,4,4,2,3,1,3,2,3,3,3,3,3,4,3,3,4,3,2,2,2,3,3,1,1,1,1,3,3,2,2,2,1,1,1,1,1,1,1,1,1,4,1,2,2,3,1,5,5,5,5,1,30,1,3.4,2.2,3.0,3.5,3,2,2.0,1.6666666666666667,2.4,1.0,1.0,1.75,2.0,5.0,1,4
R_1Om1kxYG5IMw9kR,true,SV_eRKl4lgMZDAurT8,168,2,cloudresearch,America/Chicago,2026-06-05,55,White or Caucasian,Woman,More than 5 years,Master's degree,true,Employee - Full-Time (30 to 40+ hrs/week),first_shift,4,2,3,4,4,2,3,1,3,2,3,3,3,3,3,4,3,3,4,3,2,2,2,5,5,,2,5,5,5,5,1,1,2,1,1,1,2,1,2,3,4,4,4,5,1,3,3,2,5,5,5,5,2,90,3,3.4,2.2,3.0,3.5,3,2,2.0,,2.8,1.0,2.0,4.25,2.25,5.0,3,
R_1Om1kxYG5IMw9kR,true,SV_6J3svun1r97AAHc,551,3,cloudresearch,America/Chicago,2026-06-05,55,White or Caucasian,Woman,More than 5 years,Master's degree,true,Employee - Full-Time (30 to 40+ hrs/week),first_shift,4,2,3,4,4,2,3,1,3,2,3,3,3,3,3,4,3,3,4,3,2,2,2,1,1,,2,1,1,1,1,1,1,1,1,1,1,1,1,1,3,1,3,3,5,1,1,1,1,5,5,5,5,0,3,1,3.4,2.2,3.0,3.5,3,2,2.0,,1.0,1.0,1.5,3.0,1.0,5.0,1,
R_1TtJHFzJM55Ng2q,true,SV_5nV942MJGubDmqq,322,1,cloudresearch,America/Chicago,2026-06-05,27,Hispanic or Latino,Man,Less than a year,Associate degree,false,Employee - Full-Time (30 to 40+ hrs/week),first_shift,2,2,2,3,3,2,2,2,2,2,1,1,1,1,1,1,1,1,1,4,2,2,2,5,5,5,2,5,5,1,1,1,1,1,1,1,1,1,1,1,1,1,4,3,3,1,1,1,1,3,3,3,3,0,0,1,2.4,2.0,1.0,1.0,4,2,2.0,4.5,1.0,1.0,1.0,2.75,1.0,3.0,1,4
R_1TtJHFzJM55Ng2q,true,SV_eRKl4lgMZDAurT8,216,2,cloudresearch,America/Chicago,2026-06-05,27,Hispanic or Latino,Man,Less than a year,Associate degree,false,Employee - Full-Time (30 to 40+ hrs/week),first_shift,2,2,2,3,3,2,2,2,2,2,1,1,1,1,1,1,1,1,1,4,2,2,2,5,1,,1,2,1,1,1,1,1,1,1,1,1,1,1,1,1,1,4,4,4,1,1,1,1,3,3,3,3,1,60,1,2.4,2.0,1.0,1.0,4,2,2.0,,1.0,1.0,1.0,3.25,1.0,3.0,1,
R_1TtJHFzJM55Ng2q,true,SV_6J3svun1r97AAHc,1146,3,cloudresearch,America/Chicago,2026-06-05,27,Hispanic or Latino,Man,Less than a year,Associate degree,false,Employee - Full-Time (30 to 40+ hrs/week),first_shift,2,2,2,3,3,2,2,2,2,2,1,1,1,1,1,1,1,1,1,4,2,2,2,5,5,,1,5,1,5,5,1,5,1,1,1,1,1,1,1,1,1,4,4,4,1,1,1,1,3,3,3,3,0,0,1,2.4,2.0,1.0,1.0,4,2,2.0,,3.4,1.0,1.0,3.25,1.0,3.0,1,
R_1guTgET99N9SLAT,true,SV_5nV942MJGubDmqq,191,1,cloudresearch,America/New_York,2026-06-05,34,Hispanic or Latino,Woman,1 to 3 years,Master's degree,false,Employee - Full-Time (30 to 40+ hrs/week),second_shift,4,4,4,4,4,3,2,2,3,2,2,2,2,2,2,2,2,2,4,2,2,4,4,1,1,1,1,1,1,1,1,1,1,1,1,1,1,3,3,3,3,3,3,3,3,3,3,3,3,3,3,3,3,0,4,1,4.0,2.4,2.0,2.5,2,2,4.0,1.0,1.0,1.0,3.0,3.0,3.0,3.0,1,3
R_1guTgET99N9SLAT,true,SV_eRKl4lgMZDAurT8,149,2,cloudresearch,America/New_York,2026-06-05,34,Hispanic or Latino,Woman,1 to 3 years,Master's degree,false,Employee - Full-Time (30 to 40+ hrs/week),second_shift,4,4,4,4,4,3,2,2,3,2,2,2,2,2,2,2,2,2,4,2,2,4,4,2,2,,2,2,2,2,2,2,2,2,1,1,2,4,4,4,2,4,4,4,5,2,4,3,2,4,4,4,4,1,13,2,4.0,2.4,2.0,2.5,2,2,4.0,,2.0,1.3333333333333333,3.5,4.25,2.75,4.0,2,
R_1guTgET99N9SLAT,true,SV_6J3svun1r97AAHc,140,3,cloudresearch,America/New_York,2026-06-05,34,Hispanic or Latino,Woman,1 to 3 years,Master's degree,false,Employee - Full-Time (30 to 40+ hrs/week),second_shift,4,4,4,4,4,3,2,2,3,2,2,2,2,2,2,2,2,2,4,2,2,4,4,3,3,,3,4,3,2,4,2,3,2,2,2,2,2,4,4,4,4,4,4,5,2,4,2,2,3,3,3,4,0,0,3,4.0,2.4,2.0,2.5,2,2,4.0,,2.6,2.0,3.5,4.25,2.5,3.25,3,
R_1rfDBzpTyXvi5li,true,SV_5nV942MJGubDmqq,234,1,cloudresearch,America/Chicago,2026-06-05,54,White or Caucasian,Woman,More than 5 years,"High school diploma or equivalent (e.g., GED)",false,Other,second_shift,4,2,3,4,2,3,2,2,2,2,1,1,1,1,1,1,1,1,1,2,1,3,3,1,1,1,1,1,1,1,1,1,1,1,1,1,1,1,1,1,1,1,1,1,1,1,1,1,1,4,4,4,4,0,0,1,3.0,2.2,1.0,1.0,2,1,3.0,1.0,1.0,1.0,1.0,1.0,1.0,4.0,1,4
R_1rfDBzpTyXvi5li,true,SV_eRKl4lgMZDAurT8,169,2,cloudresearch,America/Chicago,2026-06-05,54,White or Caucasian,Woman,More than 5 years,"High school diploma or equivalent (e.g., GED)",false,Other,second_shift,4,2,3,4,2,3,2,2,2,2,1,1,1,1,1,1,1,1,1,2,1,3,3,1,1,,1,1,1,1,1,1,1,1,1,1,1,1,1,1,1,1,1,1,1,1,1,1,1,4,4,4,4,0,0,1,3.0,2.2,1.0,1.0,2,1,3.0,,1.0,1.0,1.0,1.0,1.0,4.0,1,
R_1rfDBzpTyXvi5li,true,SV_6J3svun1r97AAHc,132,3,cloudresearch,America/Chicago,2026-06-05,54,White or Caucasian,Woman,More than 5 years,"High school diploma or equivalent (e.g., GED)",false,Other,second_shift,4,2,3,4,2,3,2,2,2,2,1,1,1,1,1,1,1,1,1,2,1,3,3,1,1,,1,1,1,1,1,1,1,1,1,1,1,1,1,1,1,1,1,1,1,1,1,1,1,4,4,4,4,0,0,1,3.0,2.2,1.0,1.0,2,1,3.0,,1.0,1.0,1.0,1.0,1.0,4.0,1,
R_1vWHfIBgxc3PtMB,true,SV_5nV942MJGubDmqq,165,1,cloudresearch,America/New_York,2026-06-05,26,Asian,Man,1 to 3 years,Bachelor's degree,false,Employee - Full-Time (30 to 40+ hrs/week),first_shift,3,2,3,3,2,3,2,3,3,3,1,2,2,1,1,2,2,2,2,5,1,3,3,5,1,5,2,2,5,5,5,5,5,5,1,1,1,3,1,2,3,1,2,1,3,2,2,2,1,5,5,5,5,0,2,1,2.6,2.8,1.4,2.0,5,1,3.0,3.3333333333333335,5.0,1.0,2.25,1.75,1.75,5.0,1,4
R_1vWHfIBgxc3PtMB,true,SV_eRKl4lgMZDAurT8,169,2,cloudresearch,America/New_York,2026-06-05,26,Asian,Man,1 to 3 years,Bachelor's degree,false,Employee - Full-Time (30 to 40+ hrs/week),first_shift,3,2,3,3,2,3,2,3,3,3,1,2,2,1,1,2,2,2,2,5,1,3,3,5,4,,5,5,1,5,5,5,5,5,1,1,1,1,1,1,1,1,1,1,1,1,1,1,1,5,5,4,5,0,0,1,2.6,2.8,1.4,2.0,5,1,3.0,,5.0,1.0,1.0,1.0,1.0,4.75,1,
R_1vWHfIBgxc3PtMB,true,SV_6J3svun1r97AAHc,93,3,cloudresearch,America/New_York,2026-06-05,26,Asian,Man,1 to 3 years,Bachelor's degree,false,Employee - Full-Time (30 to 40+ hrs/week),first_shift,3,2,3,3,2,3,2,3,3,3,1,2,2,1,1,2,2,2,2,5,1,3,3,1,1,,1,1,1,1,1,1,5,1,1,1,1,1,1,1,1,1,1,1,1,1,1,1,1,5,5,5,5,0,0,1,2.6,2.8,1.4,2.0,5,1,3.0,,1.8,1.0,1.0,1.0,1.0,5.0,1,
R_1xihgqGmAqbng2t,true,SV_5nV942MJGubDmqq,492,1,cloudresearch,America/New_York,2026-06-05,42,White or Caucasian,Man,More than 5 years,Bachelor's degree,true,Employee - Full-Time (30 to 40+ hrs/week),first_shift,4,3,4,4,4,2,2,2,3,3,1,1,1,1,1,1,1,1,1,5,1,3,3,2,2,1,1,1,1,1,1,1,1,1,1,1,1,1,3,2,3,1,3,4,4,1,4,2,5,4,4,5,4,1,48,1,3.8,2.4,1.0,1.0,5,1,3.0,1.3333333333333333,1.0,1.0,2.25,3.0,3.0,4.25,1,4
R_1xihgqGmAqbng2t,true,SV_eRKl4lgMZDAurT8,278,2,cloudresearch,America/New_York,2026-06-05,42,White or Caucasian,Man,More than 5 years,Bachelor's degree,true,Employee - Full-Time (30 to 40+ hrs/week),first_shift,4,3,4,4,4,2,2,2,3,3,1,1,1,1,1,1,1,1,1,5,1,3,3,3,1,,2,2,2,2,2,3,1,1,1,1,2,4,1,3,3,2,4,1,2,1,3,2,2,4,4,4,4,2,50,1,3.8,2.4,1.0,1.0,5,1,3.0,,1.8,1.3333333333333333,2.75,2.25,2.0,4.0,1,
R_1xihgqGmAqbng2t,true,SV_6J3svun1r97AAHc,830,3,cloudresearch,America/New_York,2026-06-05,42,White or Caucasian,Man,More than 5 years,Bachelor's degree,true,Employee - Full-Time (30 to 40+ hrs/week),first_shift,4,3,4,4,4,2,2,2,3,3,1,1,1,1,1,1,1,1,1,5,1,3,3,4,4,,3,3,2,3,3,2,3,3,2,2,2,3,4,1,2,1,3,2,4,1,2,1,4,4,4,4,4,1,20,1,3.8,2.4,1.0,1.0,5,1,3.0,,2.8,2.0,2.5,2.5,2.0,4.0,1,
R_229jV2s6Jekzhsk,true,SV_5nV942MJGubDmqq,209,1,cloudresearch,America/New_York,2026-06-05,31,White or Caucasian,Woman,1 to 3 years,"Some college, no degree",false,Employee - Full-Time (30 to 40+ hrs/week),first_shift,2,1,2,2,2,4,2,1,4,2,2,2,2,3,2,1,1,1,1,4,3,3,2,2,3,3,3,2,3,1,2,1,1,1,1,1,1,1,1,1,1,1,4,2,3,1,1,1,1,5,5,5,5,1,19,2,1.8,2.6,2.2,1.0,4,3,2.5,2.6666666666666665,1.2,1.0,1.0,2.5,1.0,5.0,2,4
R_229jV2s6Jekzhsk,true,SV_eRKl4lgMZDAurT8,142,2,cloudresearch,America/New_York,2026-06-05,31,White or Caucasian,Woman,1 to 3 years,"Some college, no degree",false,Employee - Full-Time (30 to 40+ hrs/week),first_shift,2,1,2,2,2,4,2,1,4,2,2,2,2,3,2,1,1,1,1,4,3,3,2,4,4,,3,3,3,2,2,2,2,2,1,2,1,1,1,1,1,1,1,1,1,1,1,1,1,4,4,5,4,0,0,1,1.8,2.6,2.2,1.0,4,3,2.5,,2.0,1.3333333333333333,1.0,1.0,1.0,4.25,1,
R_229jV2s6Jekzhsk,true,SV_6J3svun1r97AAHc,162,3,cloudresearch,America/New_York,2026-06-05,31,White or Caucasian,Woman,1 to 3 years,"Some college, no degree",false,Employee - Full-Time (30 to 40+ hrs/week),first_shift,2,1,2,2,2,4,2,1,4,2,2,2,2,3,2,1,1,1,1,4,3,3,2,4,3,,3,4,4,3,3,2,3,3,1,2,2,1,1,1,1,1,1,1,1,1,1,1,1,4,4,5,4,0,0,2,1.8,2.6,2.2,1.0,4,3,2.5,,2.8,1.6666666666666667,1.0,1.0,1.0,4.25,2,
R_3075A4nWkFNOmHG,true,SV_5nV942MJGubDmqq,343,1,cloudresearch,America/Chicago,2026-06-05,50,Black or African American,Woman,More than 5 years,Bachelor's degree,false,Employee - Part-Time (<30 hrs/week),third_shift,5,5,5,5,5,3,3,1,3,2,2,2,2,1,2,2,2,1,2,4,1,4,4,5,5,5,1,4,3,3,2,2,3,2,1,2,1,1,1,1,1,1,1,5,4,1,1,1,1,5,5,5,5,2,40,3,5.0,2.4,1.8,1.75,4,1,4.0,3.8333333333333335,2.4,1.3333333333333333,1.0,2.75,1.0,5.0,3,2
R_3075A4nWkFNOmHG,true,SV_eRKl4lgMZDAurT8,399,2,cloudresearch,America/Chicago,2026-06-05,50,Black or African American,Woman,More than 5 years,Bachelor's degree,false,Employee - Part-Time (<30 hrs/week),third_shift,5,5,5,5,5,3,3,1,3,2,2,2,2,1,2,2,2,1,2,4,1,4,4,4,4,,2,3,3,4,2,1,2,1,1,1,1,1,1,1,1,1,3,3,4,1,1,1,1,5,5,5,5,2,40,3,5.0,2.4,1.8,1.75,4,1,4.0,,2.0,1.0,1.0,2.75,1.0,5.0,3,
R_3075A4nWkFNOmHG,true,SV_6J3svun1r97AAHc,352,3,cloudresearch,America/Chicago,2026-06-05,50,Black or African American,Woman,More than 5 years,Bachelor's degree,false,Employee - Part-Time (<30 hrs/week),third_shift,5,5,5,5,5,3,3,1,3,2,2,2,2,1,2,2,2,1,2,4,1,4,4,4,3,,2,4,2,4,2,2,2,2,1,1,1,1,1,1,1,1,1,1,1,1,1,1,1,5,5,5,5,2,40,4,5.0,2.4,1.8,1.75,4,1,4.0,,2.4,1.0,1.0,1.0,1.0,5.0,4,
R_31783gNk07yVEqq,true,SV_5nV942MJGubDmqq,195,1,cloudresearch,America/New_York,2026-06-05,37,White or Caucasian,Woman,More than 5 years,Bachelor's degree,true,Employee - Full-Time (30 to 40+ hrs/week),first_shift,4,4,4,4,4,3,2,2,3,2,1,2,1,2,1,1,1,1,1,4,1,2,4,2,3,1,1,2,2,2,1,4,5,2,1,2,1,1,1,2,4,1,2,4,3,1,4,4,1,5,5,5,5,0,0,1,4.0,2.4,1.4,1.0,4,1,3.0,1.8333333333333333,2.8,1.3333333333333333,2.0,2.5,2.5,5.0,1,5
R_31783gNk07yVEqq,true,SV_eRKl4lgMZDAurT8,260,2,cloudresearch,America/New_York,2026-06-05,37,White or Caucasian,Woman,More than 5 years,Bachelor's degree,true,Employee - Full-Time (30 to 40+ hrs/week),first_shift,4,4,4,4,4,3,2,2,3,2,1,2,1,2,1,1,1,1,1,4,1,2,4,1,1,,2,1,1,1,2,2,4,2,2,2,2,1,1,1,1,1,2,4,3,2,4,1,1,5,5,5,5,0,0,1,4.0,2.4,1.4,1.0,4,1,3.0,,2.2,2.0,1.0,2.5,2.0,5.0,1,
R_31783gNk07yVEqq,true,SV_6J3svun1r97AAHc,148,3,cloudresearch,America/New_York,2026-06-05,37,White or Caucasian,Woman,More than 5 years,Bachelor's degree,true,Employee - Full-Time (30 to 40+ hrs/week),first_shift,4,4,4,4,4,3,2,2,3,2,1,2,1,2,1,1,1,1,1,4,1,2,4,2,3,,3,3,1,3,4,4,3,2,2,2,1,1,1,1,1,2,1,1,2,1,1,1,1,5,5,5,5,0,8,1,4.0,2.4,1.4,1.0,4,1,3.0,,3.2,1.6666666666666667,1.0,1.5,1.0,5.0,1,
R_31E2GmX4vgJN4Ln,true,SV_5nV942MJGubDmqq,228,1,cloudresearch,America/New_York,2026-06-05,44,White or Caucasian,Man,More than 5 years,Bachelor's degree,true,Employee - Full-Time (30 to 40+ hrs/week),second_shift,3,3,2,4,3,3,2,1,3,2,2,2,3,2,2,2,2,2,1,4,3,3,3,5,3,4,1,2,2,3,3,4,3,2,1,1,1,3,4,3,2,2,4,4,4,2,3,3,2,4,5,4,4,1,10,1,3.0,2.2,2.2,1.75,4,3,3.0,2.8333333333333335,3.0,1.0,3.0,3.5,2.5,4.25,1,3
R_31E2GmX4vgJN4Ln,true,SV_eRKl4lgMZDAurT8,169,2,cloudresearch,America/New_York,2026-06-05,44,White or Caucasian,Man,More than 5 years,Bachelor's degree,true,Employee - Full-Time (30 to 40+ hrs/week),second_shift,3,3,2,4,3,3,2,1,3,2,2,2,3,2,2,2,2,2,1,4,3,3,3,2,4,,3,2,2,2,3,3,3,2,1,1,1,4,3,2,2,3,3,4,5,2,2,1,1,4,4,5,4,2,92,1,3.0,2.2,2.2,1.75,4,3,3.0,,2.6,1.0,2.75,3.75,1.5,4.25,1,
R_31E2GmX4vgJN4Ln,true,SV_6J3svun1r97AAHc,116,3,cloudresearch,America/New_York,2026-06-05,44,White or Caucasian,Man,More than 5 years,Bachelor's degree,true,Employee - Full-Time (30 to 40+ hrs/week),second_shift,3,3,2,4,3,3,2,1,3,2,2,2,3,2,2,2,2,2,1,4,3,3,3,2,1,,1,1,1,2,2,1,1,1,1,1,1,2,2,2,2,3,3,2,3,1,1,1,1,5,5,4,5,0,0,1,3.0,2.2,2.2,1.75,4,3,3.0,,1.4,1.0,2.0,2.75,1.0,4.75,1,
R_37Pjh2oxL2VyQWR,true,SV_5nV942MJGubDmqq,324,1,cloudresearch,America/Los_Angeles,2026-06-05,40,White or Caucasian,Woman,More than 5 years,Bachelor's degree,true,Independent Contractor or Freelancer (1099),second_shift,4,3,4,4,4,2,2,1,3,2,3,3,3,4,2,2,3,2,2,4,1,2,2,4,3,3,1,2,3,3,3,3,3,3,1,2,2,2,4,4,2,2,3,4,2,3,3,4,5,5,5,5,5,1,60,1,3.8,2.0,3.0,2.25,4,1,2.0,2.6666666666666665,3.0,1.6666666666666667,3.0,2.75,3.75,5.0,1,4
R_37Pjh2oxL2VyQWR,true,SV_eRKl4lgMZDAurT8,295,2,cloudresearch,America/Los_Angeles,2026-06-05,40,White or Caucasian,Woman,More than 5 years,Bachelor's degree,true,Independent Contractor or Freelancer (1099),second_shift,4,3,4,4,4,2,2,1,3,2,3,3,3,4,2,2,3,2,2,4,1,2,2,1,1,,1,1,1,2,2,2,2,2,1,1,1,2,2,2,2,2,3,4,4,2,2,2,4,5,5,5,5,0,0,1,3.8,2.0,3.0,2.25,4,1,2.0,,2.0,1.0,2.0,3.25,2.5,5.0,1,
R_37Pjh2oxL2VyQWR,true,SV_6J3svun1r97AAHc,202,3,cloudresearch,America/Los_Angeles,2026-06-05,40,White or Caucasian,Woman,More than 5 years,Bachelor's degree,true,Independent Contractor or Freelancer (1099),second_shift,4,3,4,4,4,2,2,1,3,2,3,3,3,4,2,2,3,2,2,4,1,2,2,3,3,,1,3,3,3,3,3,3,3,1,2,1,2,2,2,1,3,2,4,4,1,1,1,3,5,5,5,5,1,30,1,3.8,2.0,3.0,2.25,4,1,2.0,,3.0,1.3333333333333333,1.75,3.25,1.5,5.0,1,
R_3GVy7TZg9iKaBaU,false,SV_5nV942MJGubDmqq,224,1,snowball,America/New_York,2026-06-05,34,White or Caucasian,Woman,3 to 5 years,Bachelor's degree,true,Employee - Full-Time (30 to 40+ hrs/week),first_shift,4,3,3,4,4,2,2,2,3,2,1,1,1,1,1,1,1,1,2,4,3,4,3,1,1,1,1,1,1,1,1,1,1,1,1,1,1,1,1,1,1,1,1,1,1,1,1,1,1,4,4,4,4,0,0,1,3.6,2.2,1.0,1.25,4,3,3.5,1.0,1.0,1.0,1.0,1.0,1.0,4.0,1,4
R_3GVy7TZg9iKaBaU,false,SV_eRKl4lgMZDAurT8,147,2,snowball,America/New_York,2026-06-05,34,White or Caucasian,Woman,3 to 5 years,Bachelor's degree,true,Employee - Full-Time (30 to 40+ hrs/week),first_shift,4,3,3,4,4,2,2,2,3,2,1,1,1,1,1,1,1,1,2,4,3,4,3,2,1,,1,1,1,1,2,1,1,1,1,1,1,1,1,2,2,1,1,2,2,1,1,2,1,4,4,4,4,2,45,1,3.6,2.2,1.0,1.25,4,3,3.5,,1.2,1.0,1.5,1.5,1.25,4.0,1,
R_3GVy7TZg9iKaBaU,false,SV_6J3svun1r97AAHc,129,3,snowball,America/New_York,2026-06-05,34,White or Caucasian,Woman,3 to 5 years,Bachelor's degree,true,Employee - Full-Time (30 to 40+ hrs/week),first_shift,4,3,3,4,4,2,2,2,3,2,1,1,1,1,1,1,1,1,2,4,3,4,3,2,2,,1,1,1,2,2,1,3,1,1,1,1,1,2,1,2,2,1,1,2,1,2,1,2,4,4,4,4,0,0,1,3.6,2.2,1.0,1.25,4,3,3.5,,1.8,1.0,1.5,1.5,1.5,4.0,1,
R_3Jh0VYZT6w2pujR,true,SV_5nV942MJGubDmqq,222,1,cloudresearch,America/New_York,2026-06-05,32,White or Caucasian,Man,More than 5 years,"Some college, no degree",true,Employee - Full-Time (30 to 40+ hrs/week),first_shift,2,4,3,3,3,2,1,1,2,1,2,1,2,2,2,2,1,2,2,4,3,3,4,3,4,3,3,3,3,2,2,2,2,2,2,2,2,1,3,3,4,4,2,1,3,2,2,3,3,5,5,5,5,0,0,2,3.0,1.4,1.8,1.75,4,3,3.5,3.1666666666666665,2.0,2.0,2.75,2.5,2.5,5.0,2,4
R_3Jh0VYZT6w2pujR,true,SV_eRKl4lgMZDAurT8,204,2,cloudresearch,America/New_York,2026-06-05,32,White or Caucasian,Man,More than 5 years,"Some college, no degree",true,Employee - Full-Time (30 to 40+ hrs/week),first_shift,2,4,3,3,3,2,1,1,2,1,2,1,2,2,2,2,1,2,2,4,3,3,4,3,3,,2,2,2,2,2,3,2,2,1,1,2,3,3,2,1,1,1,3,2,2,2,2,3,5,5,5,5,1,6,2,3.0,1.4,1.8,1.75,4,3,3.5,,2.2,1.3333333333333333,2.25,1.75,2.25,5.0,2,
R_3Jh0VYZT6w2pujR,true,SV_6J3svun1r97AAHc,182,3,cloudresearch,America/New_York,2026-06-05,32,White or Caucasian,Man,More than 5 years,"Some college, no degree",true,Employee - Full-Time (30 to 40+ hrs/week),first_shift,2,4,3,3,3,2,1,1,2,1,2,1,2,2,2,2,1,2,2,4,3,3,4,3,4,,3,3,4,3,2,2,2,2,2,2,2,3,3,3,3,4,4,4,4,4,4,1,3,5,5,5,5,0,0,2,3.0,1.4,1.8,1.75,4,3,3.5,,2.2,2.0,3.0,4.0,3.0,5.0,2,
R_3cZo7qRIVJgeo7Y,true,SV_5nV942MJGubDmqq,248,1,cloudresearch,America/New_York,2026-06-05,43,Black or African American,Man,3 to 5 years,Bachelor's degree,true,Employee - Part-Time (<30 hrs/week),second_shift,3,4,4,4,3,1,1,2,2,2,2,2,3,2,3,2,2,3,3,4,2,2,3,3,2,2,1,3,2,2,2,2,3,3,1,1,1,3,2,2,4,2,3,4,1,2,1,2,1,4,5,4,5,0,0,1,3.6,1.6,2.4,2.5,4,2,2.5,2.1666666666666665,2.4,1.0,2.75,2.5,1.5,4.5,1,4
R_3cZo7qRIVJgeo7Y,true,SV_eRKl4lgMZDAurT8,263,2,cloudresearch,America/New_York,2026-06-05,43,Black or African American,Man,3 to 5 years,Bachelor's degree,true,Employee - Part-Time (<30 hrs/week),second_shift,3,4,4,4,3,1,1,2,2,2,2,2,3,2,3,2,2,3,3,4,2,2,3,1,2,,1,2,2,2,3,2,2,2,1,1,1,3,2,2,3,2,3,4,2,2,2,2,1,4,5,5,4,0,0,1,3.6,1.6,2.4,2.5,4,2,2.5,,2.2,1.0,2.5,2.75,1.75,4.5,1,
R_3cZo7qRIVJgeo7Y,true,SV_6J3svun1r97AAHc,284,3,cloudresearch,America/New_York,2026-06-05,43,Black or African American,Man,3 to 5 years,Bachelor's degree,true,Employee - Part-Time (<30 hrs/week),second_shift,3,4,4,4,3,1,1,2,2,2,2,2,3,2,3,2,2,3,3,4,2,2,3,1,1,,1,1,2,1,2,2,2,2,1,1,1,3,4,2,3,2,2,4,3,2,1,2,1,4,4,5,5,0,0,1,3.6,1.6,2.4,2.5,4,2,2.5,,1.8,1.0,3.0,2.75,1.5,4.5,1,
R_3hKhkORJXIwYftq,false,SV_5nV942MJGubDmqq,182,1,snowball,America/New_York,2026-06-05,38,White or Caucasian,Woman,3 to 5 years,Master's degree,true,Employee - Full-Time (30 to 40+ hrs/week),first_shift,3,3,4,3,2,3,3,2,4,3,2,3,3,2,4,4,5,4,5,5,5,4,3,5,5,5,5,5,5,5,1,3,5,3,2,2,1,5,4,4,5,4,4,5,4,4,5,5,5,4,4,4,4,0,0,5,3.0,3.0,2.8,4.5,5,5,3.5,5.0,3.4,1.6666666666666667,4.5,4.25,4.75,4.0,5,2
R_3hKhkORJXIwYftq,false,SV_eRKl4lgMZDAurT8,262,2,snowball,America/New_York,2026-06-05,38,White or Caucasian,Woman,3 to 5 years,Master's degree,true,Employee - Full-Time (30 to 40+ hrs/week),first_shift,3,3,4,3,2,3,3,2,4,3,2,3,3,2,4,4,5,4,5,5,5,4,3,5,5,,4,5,5,5,5,5,5,3,2,5,5,3,4,4,3,2,4,3,3,3,5,5,1,3,4,4,4,1,27,5,3.0,3.0,2.8,4.5,5,5,3.5,,4.6,4.0,3.5,3.0,3.5,3.75,5,
R_3hKhkORJXIwYftq,false,SV_6J3svun1r97AAHc,126,3,snowball,America/New_York,2026-06-05,38,White or Caucasian,Woman,3 to 5 years,Master's degree,true,Employee - Full-Time (30 to 40+ hrs/week),first_shift,3,3,4,3,2,3,3,2,4,3,2,3,3,2,4,4,5,4,5,5,5,4,3,5,5,,4,5,3,5,5,3,3,4,2,5,3,4,2,4,5,5,4,4,5,4,2,4,2,4,4,4,4,3,77,5,3.0,3.0,2.8,4.5,5,5,3.5,,4.0,3.3333333333333335,3.75,4.5,3.0,4.0,5,
R_3hL9GoTCzZEmCzW,true,SV_5nV942MJGubDmqq,213,1,cloudresearch,America/Chicago,2026-06-05,42,White or Caucasian,Woman,More than 5 years,Bachelor's degree,false,Employee - Full-Time (30 to 40+ hrs/week),early_shift,4,3,3,4,3,2,2,2,3,2,1,2,2,2,2,1,1,1,1,4,2,3,3,2,2,2,1,2,1,2,2,1,2,1,1,1,1,1,1,1,2,2,2,2,2,1,1,1,1,5,5,5,5,0,0,1,3.4,2.2,1.8,1.0,4,2,3.0,1.6666666666666667,1.6,1.0,1.25,2.0,1.0,5.0,1,4
R_3hL9GoTCzZEmCzW,true,SV_eRKl4lgMZDAurT8,214,2,cloudresearch,America/Chicago,2026-06-05,42,White or Caucasian,Woman,More than 5 years,Bachelor's degree,false,Employee - Full-Time (30 to 40+ hrs/week),early_shift,4,3,3,4,3,2,2,2,3,2,1,2,2,2,2,1,1,1,1,4,2,3,3,2,1,,1,1,1,1,1,1,1,1,1,1,1,1,1,1,1,2,1,2,2,1,1,1,1,5,5,5,5,0,0,1,3.4,2.2,1.8,1.0,4,2,3.0,,1.0,1.0,1.0,1.75,1.0,5.0,1,
R_3hL9GoTCzZEmCzW,true,SV_6J3svun1r97AAHc,114,3,cloudresearch,America/Chicago,2026-06-05,42,White or Caucasian,Woman,More than 5 years,Bachelor's degree,false,Employee - Full-Time (30 to 40+ hrs/week),early_shift,4,3,3,4,3,2,2,2,3,2,1,2,2,2,2,1,1,1,1,4,2,3,3,2,2,,1,2,1,1,2,1,2,1,1,1,1,1,1,1,1,1,1,1,1,1,1,1,1,5,5,5,5,0,0,1,3.4,2.2,1.8,1.0,4,2,3.0,,1.4,1.0,1.0,1.0,1.0,5.0,1,
R_3hSkzQxcHCjbUZj,true,SV_5nV942MJGubDmqq,199,1,cloudresearch,America/Chicago,2026-06-05,22,Two or more races,Woman,Less than a year,Bachelor's degree,true,Employee - Part-Time (<30 hrs/week),first_shift,3,3,3,3,3,3,1,2,3,2,1,1,1,1,1,1,1,1,1,4,5,3,3,2,1,2,1,1,1,1,1,1,1,1,1,1,1,1,1,1,1,1,2,1,1,1,1,1,1,5,5,5,5,0,0,1,3.0,2.2,1.0,1.0,4,5,3.0,1.3333333333333333,1.0,1.0,1.0,1.25,1.0,5.0,1,4
R_3hSkzQxcHCjbUZj,true,SV_eRKl4lgMZDAurT8,192,2,cloudresearch,America/Chicago,2026-06-05,22,Two or more races,Woman,Less than a year,Bachelor's degree,true,Employee - Part-Time (<30 hrs/week),first_shift,3,3,3,3,3,3,1,2,3,2,1,1,1,1,1,1,1,1,1,4,5,3,3,4,2,,1,2,2,1,1,1,1,1,1,1,1,1,1,1,1,1,1,1,3,1,1,1,1,5,5,5,5,0,0,1,3.0,2.2,1.0,1.0,4,5,3.0,,1.0,1.0,1.0,1.5,1.0,5.0,1,
R_3hSkzQxcHCjbUZj,true,SV_6J3svun1r97AAHc,97,3,cloudresearch,America/Chicago,2026-06-05,22,Two or more races,Woman,Less than a year,Bachelor's degree,true,Employee - Part-Time (<30 hrs/week),first_shift,3,3,3,3,3,3,1,2,3,2,1,1,1,1,1,1,1,1,1,4,5,3,3,2,2,,1,1,2,2,2,2,2,1,1,1,1,1,1,1,1,1,1,1,1,1,1,1,1,5,5,5,5,0,0,1,3.0,2.2,1.0,1.0,4,5,3.0,,1.8,1.0,1.0,1.0,1.0,5.0,1,
R_3lUcOEbdvLWp6OB,true,SV_5nV942MJGubDmqq,162,1,cloudresearch,America/New_York,2026-06-05,37,White or Caucasian,Man,More than 5 years,"Some college, no degree",true,Independent Contractor or Freelancer (1099),second_shift,4,3,4,4,4,2,2,2,2,1,1,1,1,1,1,1,1,1,1,5,1,2,2,2,1,1,1,1,1,1,1,1,1,1,1,1,1,1,1,1,1,1,1,1,1,1,1,1,1,4,3,3,4,0,0,1,3.8,1.8,1.0,1.0,5,1,2.0,1.1666666666666667,1.0,1.0,1.0,1.0,1.0,3.5,1,5
R_3lUcOEbdvLWp6OB,true,SV_eRKl4lgMZDAurT8,122,2,cloudresearch,America/New_York,2026-06-05,37,White or Caucasian,Man,More than 5 years,"Some college, no degree",true,Independent Contractor or Freelancer (1099),second_shift,4,3,4,4,4,2,2,2,2,1,1,1,1,1,1,1,1,1,1,5,1,2,2,3,1,,1,1,1,2,1,1,1,1,1,1,1,1,1,1,1,1,1,1,1,1,1,1,1,3,4,4,3,0,0,1,3.8,1.8,1.0,1.0,5,1,2.0,,1.2,1.0,1.0,1.0,1.0,3.5,1,
R_3lUcOEbdvLWp6OB,true,SV_6J3svun1r97AAHc,731,3,cloudresearch,America/New_York,2026-06-05,37,White or Caucasian,Man,More than 5 years,"Some college, no degree",true,Independent Contractor or Freelancer (1099),second_shift,4,3,4,4,4,2,2,2,2,1,1,1,1,1,1,1,1,1,1,5,1,2,2,3,2,,1,1,1,2,1,1,1,1,1,1,1,1,1,1,1,1,1,1,1,1,1,1,1,3,3,3,3,0,0,1,3.8,1.8,1.0,1.0,5,1,2.0,,1.2,1.0,1.0,1.0,1.0,3.0,1,
R_3npzY58RVm1dJn3,true,SV_5nV942MJGubDmqq,206,1,cloudresearch,America/New_York,2026-06-05,25,White or Caucasian,Woman,Less than a year,Bachelor's degree,true,Employee - Full-Time (30 to 40+ hrs/week),first_shift,3,3,4,3,5,2,2,1,3,3,1,1,1,1,1,1,1,1,1,5,1,1,1,4,2,3,2,3,4,3,3,3,3,4,2,3,3,1,1,2,1,1,1,1,1,1,1,1,1,4,4,4,4,1,20,1,3.6,2.2,1.0,1.0,5,1,1.0,3.0,3.2,2.6666666666666665,1.25,1.0,1.0,4.0,1,4
R_3npzY58RVm1dJn3,true,SV_eRKl4lgMZDAurT8,128,2,cloudresearch,America/New_York,2026-06-05,25,White or Caucasian,Woman,Less than a year,Bachelor's degree,true,Employee - Full-Time (30 to 40+ hrs/week),first_shift,3,3,4,3,5,2,2,1,3,3,1,1,1,1,1,1,1,1,1,5,1,1,1,3,2,,3,3,3,3,4,3,2,2,2,3,3,2,3,3,3,3,3,3,3,2,4,1,3,4,5,4,5,0,0,1,3.6,2.2,1.0,1.0,5,1,1.0,,2.8,2.6666666666666665,2.75,3.0,2.5,4.5,1,
R_3npzY58RVm1dJn3,true,SV_6J3svun1r97AAHc,130,3,cloudresearch,America/New_York,2026-06-05,25,White or Caucasian,Woman,Less than a year,Bachelor's degree,true,Employee - Full-Time (30 to 40+ hrs/week),first_shift,3,3,4,3,5,2,2,1,3,3,1,1,1,1,1,1,1,1,1,5,1,1,1,2,3,,2,1,2,2,2,2,3,2,3,2,1,1,1,1,1,2,1,1,2,1,2,1,1,5,4,5,5,0,0,1,3.6,2.2,1.0,1.0,5,1,1.0,,2.2,2.0,1.0,1.5,1.25,4.75,1,
R_3u8Kr79ULjS3pHr,true,SV_5nV942MJGubDmqq,159,1,cloudresearch,America/New_York,2026-06-05,32,White or Caucasian,Man,More than 5 years,Bachelor's degree,false,Employee - Full-Time (30 to 40+ hrs/week),first_shift,5,4,5,5,4,2,1,2,1,2,1,1,1,1,2,1,1,1,1,5,1,4,4,2,1,2,1,2,1,1,1,1,1,1,1,2,1,1,1,1,1,1,1,1,2,1,1,1,2,4,5,4,5,1,15,1,4.6,1.6,1.2,1.0,5,1,4.0,1.5,1.0,1.3333333333333333,1.0,1.25,1.25,4.5,1,5
R_3u8Kr79ULjS3pHr,true,SV_eRKl4lgMZDAurT8,173,2,cloudresearch,America/New_York,2026-06-05,32,White or Caucasian,Man,More than 5 years,Bachelor's degree,false,Employee - Full-Time (30 to 40+ hrs/week),first_shift,5,4,5,5,4,2,1,2,1,2,1,1,1,1,2,1,1,1,1,5,1,4,4,3,1,,1,1,2,1,2,3,1,1,1,1,1,1,1,1,1,1,1,2,1,1,1,1,2,5,4,5,5,2,43,1,4.6,1.6,1.2,1.0,5,1,4.0,,1.6,1.0,1.0,1.25,1.25,4.75,1,
R_3u8Kr79ULjS3pHr,true,SV_6J3svun1r97AAHc,133,3,cloudresearch,America/New_York,2026-06-05,32,White or Caucasian,Man,More than 5 years,Bachelor's degree,false,Employee - Full-Time (30 to 40+ hrs/week),first_shift,5,4,5,5,4,2,1,2,1,2,1,1,1,1,2,1,1,1,1,5,1,4,4,2,2,,1,2,2,1,1,1,1,1,1,1,1,1,1,1,1,1,1,2,3,1,1,1,1,4,5,4,4,1,48,1,4.6,1.6,1.2,1.0,5,1,4.0,,1.0,1.0,1.0,1.75,1.0,4.25,1,
R_3ym6CeURVgpMcrS,true,SV_5nV942MJGubDmqq,143,1,snowball,America/Chicago,2026-06-05,59,White or Caucasian,Woman,Less than a year,Professional or doctorate degree,true,Employee - Full-Time (30 to 40+ hrs/week),first_shift,4,3,3,4,4,2,1,2,2,1,1,1,1,1,1,1,1,1,1,5,1,4,3,2,1,1,1,1,1,1,1,1,1,1,1,1,2,1,1,1,1,1,3,3,1,1,1,3,1,5,5,5,5,0,0,1,3.6,1.6,1.0,1.0,5,1,3.5,1.1666666666666667,1.0,1.3333333333333333,1.0,2.0,1.5,5.0,1,5
R_3ym6CeURVgpMcrS,true,SV_eRKl4lgMZDAurT8,124,2,snowball,America/Chicago,2026-06-05,59,White or Caucasian,Woman,Less than a year,Professional or doctorate degree,true,Employee - Full-Time (30 to 40+ hrs/week),first_shift,4,3,3,4,4,2,1,2,2,1,1,1,1,1,1,1,1,1,1,5,1,4,3,1,1,,1,1,1,1,1,1,1,1,1,1,1,1,1,1,1,1,2,1,1,1,1,1,1,5,5,5,5,4,180,1,3.6,1.6,1.0,1.0,5,1,3.5,,1.0,1.0,1.0,1.25,1.0,5.0,1,
R_3ym6CeURVgpMcrS,true,SV_6J3svun1r97AAHc,104,3,snowball,America/Chicago,2026-06-05,59,White or Caucasian,Woman,Less than a year,Professional or doctorate degree,true,Employee - Full-Time (30 to 40+ hrs/week),first_shift,4,3,3,4,4,2,1,2,2,1,1,1,1,1,1,1,1,1,1,5,1,4,3,1,1,,1,1,1,1,1,1,2,1,1,1,1,1,1,1,1,1,1,1,1,1,1,1,1,5,5,5,5,0,0,1,3.6,1.6,1.0,1.0,5,1,3.5,,1.2,1.0,1.0,1.0,1.0,5.0,1,
R_3zROuLfghaRvtjM,true,SV_5nV942MJGubDmqq,169,1,cloudresearch,America/New_York,2026-06-05,44,White or Caucasian,Woman,More than 5 years,Master's degree,true,Employee - Part-Time (<30 hrs/week),second_shift,4,4,4,3,1,2,2,1,2,1,2,1,1,1,2,1,1,2,1,4,2,2,2,5,3,4,1,3,2,2,3,3,5,2,1,2,1,1,4,1,4,4,2,3,1,4,1,2,5,4,4,4,4,2,173,1,3.2,1.6,1.4,1.25,4,2,2.0,3.0,3.0,1.3333333333333333,2.5,2.5,3.0,4.0,1,5
R_3zROuLfghaRvtjM,true,SV_eRKl4lgMZDAurT8,208,2,cloudresearch,America/New_York,2026-06-05,44,White or Caucasian,Woman,More than 5 years,Master's degree,true,Employee - Part-Time (<30 hrs/week),second_shift,4,4,4,3,1,2,2,1,2,1,2,1,1,1,2,1,1,2,1,4,2,2,2,4,2,,5,3,3,1,2,1,4,1,2,5,3,4,1,1,2,2,1,5,4,2,1,2,4,4,5,4,5,2,138,1,3.2,1.6,1.4,1.25,4,2,2.0,,1.8,3.3333333333333335,2.0,3.0,2.25,4.5,1,
R_3zROuLfghaRvtjM,true,SV_6J3svun1r97AAHc,133,3,cloudresearch,America/New_York,2026-06-05,44,White or Caucasian,Woman,More than 5 years,Master's degree,true,Employee - Part-Time (<30 hrs/week),second_shift,4,4,4,3,1,2,2,1,2,1,2,1,1,1,2,1,1,2,1,4,2,2,2,1,2,,1,1,1,3,2,2,2,4,2,2,1,1,2,2,4,2,1,2,1,1,1,3,2,4,4,4,4,0,0,1,3.2,1.6,1.4,1.25,4,2,2.0,,2.6,1.6666666666666667,2.25,1.5,1.75,4.0,1,
R_3zvESVKHuA9XP8e,true,SV_5nV942MJGubDmqq,214,1,cloudresearch,America/Chicago,2026-06-05,37,White or Caucasian,Woman,1 to 3 years,"Some college, no degree",true,Employee - Full-Time (30 to 40+ hrs/week),first_shift,4,4,4,3,2,2,1,2,4,2,1,1,1,1,1,1,1,1,1,5,1,2,2,2,1,1,1,1,1,1,1,1,1,1,1,1,1,1,1,1,1,1,1,1,1,1,1,1,1,5,5,5,5,0,0,1,3.4,2.2,1.0,1.0,5,1,2.0,1.1666666666666667,1.0,1.0,1.0,1.0,1.0,5.0,1,5
R_3zvESVKHuA9XP8e,true,SV_eRKl4lgMZDAurT8,202,2,cloudresearch,America/Chicago,2026-06-05,37,White or Caucasian,Woman,1 to 3 years,"Some college, no degree",true,Employee - Full-Time (30 to 40+ hrs/week),first_shift,4,4,4,3,2,2,1,2,4,2,1,1,1,1,1,1,1,1,1,5,1,2,2,1,1,,1,1,1,2,2,1,2,1,1,1,1,1,1,1,1,1,1,1,1,1,1,1,1,5,5,5,5,0,0,1,3.4,2.2,1.0,1.0,5,1,2.0,,1.6,1.0,1.0,1.0,1.0,5.0,1,
R_3zvESVKHuA9XP8e,true,SV_6J3svun1r97AAHc,125,3,cloudresearch,America/Chicago,2026-06-05,37,White or Caucasian,Woman,1 to 3 years,"Some college, no degree",true,Employee - Full-Time (30 to 40+ hrs/week),first_shift,4,4,4,3,2,2,1,2,4,2,1,1,1,1,1,1,1,1,1,5,1,2,2,2,2,,1,2,1,2,2,2,2,2,1,1,1,1,1,1,1,1,1,1,1,1,1,1,1,5,5,5,5,1,32,1,3.4,2.2,1.0,1.0,5,1,2.0,,2.0,1.0,1.0,1.0,1.0,5.0,1,
R_50eCN5rUsIDFw8I,true,SV_5nV942MJGubDmqq,139,1,cloudresearch,America/New_York,2026-06-05,30,White or Caucasian,Man,1 to 3 years,Master's degree,true,Employee - Full-Time (30 to 40+ hrs/week),first_shift,3,3,3,4,4,2,2,2,2,2,2,2,2,2,2,2,2,2,2,4,2,2,2,1,1,1,1,1,1,1,1,1,1,1,1,1,1,1,1,2,2,2,3,3,3,2,2,2,2,4,4,4,4,0,0,1,3.4,2.0,2.0,2.0,4,2,2.0,1.0,1.0,1.0,1.5,2.75,2.0,4.0,1,4
R_50eCN5rUsIDFw8I,true,SV_eRKl4lgMZDAurT8,134,2,cloudresearch,America/New_York,2026-06-05,30,White or Caucasian,Man,1 to 3 years,Master's degree,true,Employee - Full-Time (30 to 40+ hrs/week),first_shift,3,3,3,4,4,2,2,2,2,2,2,2,2,2,2,2,2,2,2,4,2,2,2,1,1,,1,1,1,1,1,1,1,1,1,1,1,2,2,2,3,3,3,3,3,2,2,2,2,4,4,4,4,2,79,1,3.4,2.0,2.0,2.0,4,2,2.0,,1.0,1.0,2.25,3.0,2.0,4.0,1,
R_50eCN5rUsIDFw8I,true,SV_6J3svun1r97AAHc,224,3,cloudresearch,America/New_York,2026-06-05,30,White or Caucasian,Man,1 to 3 years,Master's degree,true,Employee - Full-Time (30 to 40+ hrs/week),first_shift,3,3,3,4,4,2,2,2,2,2,2,2,2,2,2,2,2,2,2,4,2,2,2,1,1,,1,1,1,1,1,1,1,1,1,1,1,2,2,2,3,2,2,3,3,2,2,2,2,4,4,4,4,1,35,1,3.4,2.0,2.0,2.0,4,2,2.0,,1.0,1.0,2.25,2.5,2.0,4.0,1,
R_554KOQxr2bgOdu9,true,SV_5nV942MJGubDmqq,202,1,cloudresearch,America/New_York,2026-06-05,29,White or Caucasian,Woman,Less than a year,Bachelor's degree,true,Employee - Full-Time (30 to 40+ hrs/week),first_shift,3,4,4,5,4,2,2,1,2,2,4,4,4,3,4,3,2,2,4,2,1,4,3,5,4,4,1,5,3,4,5,3,3,2,1,1,2,4,4,2,1,4,4,2,2,1,2,4,4,5,5,5,4,0,0,5,4.0,1.8,3.8,2.75,2,1,3.5,3.6666666666666665,3.4,1.3333333333333333,2.75,3.0,2.75,4.75,5,2
R_554KOQxr2bgOdu9,true,SV_eRKl4lgMZDAurT8,182,2,cloudresearch,America/New_York,2026-06-05,29,White or Caucasian,Woman,Less than a year,Bachelor's degree,true,Employee - Full-Time (30 to 40+ hrs/week),first_shift,3,4,4,5,4,2,2,1,2,2,4,4,4,3,4,3,2,2,4,2,1,4,3,5,3,,1,3,3,5,5,4,4,2,2,1,1,4,1,1,4,4,4,4,2,2,2,4,4,5,5,5,5,3,31,3,4.0,1.8,3.8,2.75,2,1,3.5,,4.0,1.3333333333333333,2.5,3.5,3.0,5.0,3,
R_554KOQxr2bgOdu9,true,SV_6J3svun1r97AAHc,440,3,cloudresearch,America/New_York,2026-06-05,29,White or Caucasian,Woman,Less than a year,Bachelor's degree,true,Employee - Full-Time (30 to 40+ hrs/week),first_shift,3,4,4,5,4,2,2,1,2,2,4,4,4,3,4,3,2,2,4,2,1,4,3,5,5,,1,5,5,5,5,5,5,3,1,2,2,1,1,2,2,1,1,2,3,2,1,3,3,5,5,5,5,1,44,5,4.0,1.8,3.8,2.75,2,1,3.5,,4.6,1.6666666666666667,1.5,1.75,2.25,5.0,5,
R_5GKaXnLlfK1R1k4,true,SV_5nV942MJGubDmqq,220,1,cloudresearch,America/New_York,2026-06-05,35,White or Caucasian,Woman,Less than a year,Associate degree,false,Employee - Full-Time (30 to 40+ hrs/week),first_shift,4,3,4,3,3,2,2,3,4,3,1,1,1,1,1,1,1,1,1,1,1,4,4,2,2,2,1,1,1,2,1,2,2,1,1,1,1,1,1,1,1,1,1,1,1,1,1,1,1,4,4,5,4,1,15,1,3.4,2.8,1.0,1.0,1,1,4.0,1.5,1.6,1.0,1.0,1.0,1.0,4.25,1,5
R_5GKaXnLlfK1R1k4,true,SV_eRKl4lgMZDAurT8,140,2,cloudresearch,America/New_York,2026-06-05,35,White or Caucasian,Woman,Less than a year,Associate degree,false,Employee - Full-Time (30 to 40+ hrs/week),first_shift,4,3,4,3,3,2,2,3,4,3,1,1,1,1,1,1,1,1,1,1,1,4,4,3,1,,2,2,2,1,1,2,2,1,1,1,2,1,1,1,1,1,2,1,4,1,1,1,1,4,4,4,4,0,0,1,3.4,2.8,1.0,1.0,1,1,4.0,,1.4,1.3333333333333333,1.0,2.0,1.0,4.0,1,
R_5GKaXnLlfK1R1k4,true,SV_6J3svun1r97AAHc,130,3,cloudresearch,America/New_York,2026-06-05,35,White or Caucasian,Woman,Less than a year,Associate degree,false,Employee - Full-Time (30 to 40+ hrs/week),first_shift,4,3,4,3,3,2,2,3,4,3,1,1,1,1,1,1,1,1,1,1,1,4,4,5,5,,2,5,2,2,3,3,3,2,1,1,1,1,1,1,2,1,2,1,4,1,1,2,1,4,4,4,4,0,0,1,3.4,2.8,1.0,1.0,1,1,4.0,,2.6,1.0,1.25,2.0,1.25,4.0,1,
R_5P7XXpCCTv9fGxh,true,SV_5nV942MJGubDmqq,305,1,cloudresearch,America/Chicago,2026-06-05,49,White or Caucasian,Man,More than 5 years,Bachelor's degree,true,Employee - Full-Time (30 to 40+ hrs/week),first_shift,3,3,4,4,4,2,2,2,2,3,2,2,1,2,3,2,3,2,1,4,3,3,2,1,3,2,1,1,2,1,4,1,2,1,1,1,1,1,1,1,3,1,1,4,4,1,1,1,3,5,5,5,5,0,7,1,3.6,2.2,2.0,2.0,4,3,2.5,1.6666666666666667,1.8,1.0,1.5,2.5,1.5,5.0,1,4
R_5P7XXpCCTv9fGxh,true,SV_eRKl4lgMZDAurT8,199,2,cloudresearch,America/Chicago,2026-06-05,49,White or Caucasian,Man,More than 5 years,Bachelor's degree,true,Employee - Full-Time (30 to 40+ hrs/week),first_shift,3,3,4,4,4,2,2,2,2,3,2,2,1,2,3,2,3,2,1,4,3,3,2,4,3,,1,3,2,1,3,1,2,1,1,1,1,3,1,1,1,1,1,4,5,1,1,1,3,5,5,5,5,1,20,1,3.6,2.2,2.0,2.0,4,3,2.5,,1.6,1.0,1.5,2.75,1.5,5.0,1,
R_5P7XXpCCTv9fGxh,true,SV_6J3svun1r97AAHc,264,3,cloudresearch,America/Chicago,2026-06-05,49,White or Caucasian,Man,More than 5 years,Bachelor's degree,true,Employee - Full-Time (30 to 40+ hrs/week),first_shift,3,3,4,4,4,2,2,2,2,3,2,2,1,2,3,2,3,2,1,4,3,3,2,5,5,,1,5,1,3,3,2,2,1,1,1,1,1,1,2,3,1,1,4,1,1,1,1,3,5,5,5,5,1,31,1,3.6,2.2,2.0,2.0,4,3,2.5,,2.2,1.0,1.75,1.75,1.5,5.0,1,
R_5Pcdu6aOWXgZzmI,true,SV_5nV942MJGubDmqq,132,1,cloudresearch,America/New_York,2026-06-05,51,White or Caucasian,Woman,More than 5 years,Master's degree,false,Employee - Full-Time (30 to 40+ hrs/week),first_shift,5,3,4,5,4,2,1,2,2,2,2,2,2,1,2,1,2,1,2,4,2,2,2,4,3,2,1,3,2,2,2,2,2,1,1,1,1,2,1,1,1,1,3,4,4,1,1,1,1,3,3,3,3,4,89,1,4.2,1.8,1.8,1.5,4,2,2.0,2.5,1.8,1.0,1.25,3.0,1.0,3.0,1,3
R_5Pcdu6aOWXgZzmI,true,SV_eRKl4lgMZDAurT8,144,2,cloudresearch,America/New_York,2026-06-05,51,White or Caucasian,Woman,More than 5 years,Master's degree,false,Employee - Full-Time (30 to 40+ hrs/week),first_shift,5,3,4,5,4,2,1,2,2,2,2,2,2,1,2,1,2,1,2,4,2,2,2,4,4,,4,4,4,2,4,2,4,2,1,1,1,1,1,1,1,3,4,4,4,1,1,1,1,4,4,4,4,2,60,2,4.2,1.8,1.8,1.5,4,2,2.0,,2.8,1.0,1.0,3.75,1.0,4.0,2,
R_5Pcdu6aOWXgZzmI,true,SV_6J3svun1r97AAHc,150,3,cloudresearch,America/New_York,2026-06-05,51,White or Caucasian,Woman,More than 5 years,Master's degree,false,Employee - Full-Time (30 to 40+ hrs/week),first_shift,5,3,4,5,4,2,1,2,2,2,2,2,2,1,2,1,2,1,2,4,2,2,2,3,4,,4,4,4,3,3,3,3,3,1,1,1,1,1,1,1,4,4,4,4,1,1,1,1,3,3,3,3,3,89,2,4.2,1.8,1.8,1.5,4,2,2.0,,3.0,1.0,1.0,4.0,1.0,3.0,2,
R_5WfmMMWVQ3WnCox,true,SV_5nV942MJGubDmqq,214,1,cloudresearch,America/New_York,2026-06-05,57,White or Caucasian,Woman,More than 5 years,"Some college, no degree",true,Employee - Part-Time (<30 hrs/week),first_shift,5,3,4,4,5,2,1,1,1,1,2,4,4,4,4,2,1,2,4,4,4,2,2,2,2,1,1,1,2,2,1,1,1,1,1,1,1,2,1,1,2,2,1,4,1,1,2,1,1,5,5,4,5,1,30,1,4.2,1.2,3.6,2.25,4,4,2.0,1.5,1.2,1.0,1.5,2.0,1.25,4.75,1,4
R_5WfmMMWVQ3WnCox,true,SV_eRKl4lgMZDAurT8,181,2,cloudresearch,America/New_York,2026-06-05,57,White or Caucasian,Woman,More than 5 years,"Some college, no degree",true,Employee - Part-Time (<30 hrs/week),first_shift,5,3,4,4,5,2,1,1,1,1,2,4,4,4,4,2,1,2,4,4,4,2,2,2,2,,1,2,2,2,2,1,2,2,1,1,1,1,1,1,1,1,1,4,1,1,1,1,2,5,5,5,4,1,45,1,4.2,1.2,3.6,2.25,4,4,2.0,,1.8,1.0,1.0,1.75,1.25,4.75,1,
R_5WfmMMWVQ3WnCox,true,SV_6J3svun1r97AAHc,215,3,cloudresearch,America/New_York,2026-06-05,57,White or Caucasian,Woman,More than 5 years,"Some college, no degree",true,Employee - Part-Time (<30 hrs/week),first_shift,5,3,4,4,5,2,1,1,1,1,2,4,4,4,4,2,1,2,4,4,4,2,2,3,2,,2,1,1,2,1,1,2,1,1,1,1,1,1,1,2,4,2,4,2,1,1,1,1,5,5,4,5,0,0,1,4.2,1.2,3.6,2.25,4,4,2.0,,1.4,1.0,1.25,3.0,1.0,4.75,1,
R_5pHFCdyZZsFBO8N,false,SV_5nV942MJGubDmqq,999,1,snowball,America/New_York,2026-06-05,35,White or Caucasian,Man,More than 5 years,"Some college, no degree",false,Employee - Full-Time (30 to 40+ hrs/week),first_shift,3,3,4,4,4,2,1,2,2,1,2,2,2,1,1,1,2,1,3,3,2,3,3,3,1,2,1,2,5,2,3,3,5,1,1,2,2,4,4,4,3,2,1,5,5,3,4,3,1,3,4,3,4,2,46,3,3.6,1.6,1.6,1.75,3,2,3.0,2.3333333333333335,2.8,1.6666666666666667,3.75,3.25,2.75,3.5,3,2
R_5pHFCdyZZsFBO8N,false,SV_eRKl4lgMZDAurT8,167,2,snowball,America/New_York,2026-06-05,35,White or Caucasian,Man,More than 5 years,"Some college, no degree",false,Employee - Full-Time (30 to 40+ hrs/week),first_shift,3,3,4,4,4,2,1,2,2,1,2,2,2,1,1,1,2,1,3,3,2,3,3,4,3,,2,3,3,2,3,2,3,2,1,2,2,4,4,4,4,3,3,4,5,3,4,2,3,3,4,3,4,1,20,2,3.6,1.6,1.6,1.75,3,2,3.0,,2.4,1.6666666666666667,4.0,3.75,3.0,3.5,2,
R_5pHFCdyZZsFBO8N,false,SV_6J3svun1r97AAHc,363,3,snowball,America/New_York,2026-06-05,35,White or Caucasian,Man,More than 5 years,"Some college, no degree",false,Employee - Full-Time (30 to 40+ hrs/week),first_shift,3,3,4,4,4,2,1,2,2,1,2,2,2,1,1,1,2,1,3,3,2,3,3,3,1,,2,1,2,2,2,2,2,1,1,1,1,3,3,2,4,3,3,3,3,1,3,2,1,5,4,4,4,0,0,2,3.6,1.6,1.6,1.75,3,2,3.0,,1.8,1.0,3.0,3.0,1.75,4.25,2,
R_5sGsYIQUjC5kVJn,true,SV_5nV942MJGubDmqq,246,1,cloudresearch,America/New_York,2026-06-05,51,Two or more races,Woman,More than 5 years,Master's degree,false,Employee - Full-Time (30 to 40+ hrs/week),early_shift,4,4,4,4,4,2,2,2,2,2,1,4,1,4,1,1,1,1,1,5,1,2,1,1,1,1,1,1,1,1,1,1,1,1,1,1,1,1,1,1,1,1,1,2,1,1,1,1,1,5,5,5,5,1,30,1,4.0,2.0,2.2,1.0,5,1,1.5,1.0,1.0,1.0,1.0,1.25,1.0,5.0,1,5
R_5sGsYIQUjC5kVJn,true,SV_eRKl4lgMZDAurT8,169,2,cloudresearch,America/New_York,2026-06-05,51,Two or more races,Woman,More than 5 years,Master's degree,false,Employee - Full-Time (30 to 40+ hrs/week),early_shift,4,4,4,4,4,2,2,2,2,2,1,4,1,4,1,1,1,1,1,5,1,2,1,2,2,,1,1,1,1,1,1,1,1,1,1,1,1,1,1,1,2,1,2,2,1,1,1,1,5,5,5,5,1,5,1,4.0,2.0,2.2,1.0,5,1,1.5,,1.0,1.0,1.0,1.75,1.0,5.0,1,
R_5sGsYIQUjC5kVJn,true,SV_6J3svun1r97AAHc,182,3,cloudresearch,America/New_York,2026-06-05,51,Two or more races,Woman,More than 5 years,Master's degree,false,Employee - Full-Time (30 to 40+ hrs/week),early_shift,4,4,4,4,4,2,2,2,2,2,1,4,1,4,1,1,1,1,1,5,1,2,1,1,1,,1,1,1,1,1,1,1,1,1,1,1,1,1,1,1,1,1,1,1,1,1,1,1,5,5,5,5,1,30,1,4.0,2.0,2.2,1.0,5,1,1.5,,1.0,1.0,1.0,1.0,1.0,5.0,1,
R_5xXYf6K5rnefi1D,true,SV_5nV942MJGubDmqq,190,1,cloudresearch,America/New_York,2026-06-05,39,Black or African American,Woman,More than 5 years,Bachelor's degree,true,Employee - Full-Time (30 to 40+ hrs/week),first_shift,4,3,3,4,4,2,2,1,2,1,2,3,2,4,2,2,2,2,4,4,1,4,3,1,1,1,1,1,1,1,1,1,1,1,1,1,1,1,1,1,1,1,1,5,1,1,1,1,1,4,4,3,3,1,10,1,3.6,1.6,2.6,2.5,4,1,3.5,1.0,1.0,1.0,1.0,2.0,1.0,3.5,1,3
R_5xXYf6K5rnefi1D,true,SV_eRKl4lgMZDAurT8,163,2,cloudresearch,America/New_York,2026-06-05,39,Black or African American,Woman,More than 5 years,Bachelor's degree,true,Employee - Full-Time (30 to 40+ hrs/week),first_shift,4,3,3,4,4,2,2,1,2,1,2,3,2,4,2,2,2,2,4,4,1,4,3,1,1,,1,1,1,1,1,1,1,1,1,1,1,1,1,1,1,1,1,1,1,1,1,1,1,4,4,4,3,0,0,1,3.6,1.6,2.6,2.5,4,1,3.5,,1.0,1.0,1.0,1.0,1.0,3.75,1,
R_5xXYf6K5rnefi1D,true,SV_6J3svun1r97AAHc,123,3,cloudresearch,America/New_York,2026-06-05,39,Black or African American,Woman,More than 5 years,Bachelor's degree,true,Employee - Full-Time (30 to 40+ hrs/week),first_shift,4,3,3,4,4,2,2,1,2,1,2,3,2,4,2,2,2,2,4,4,1,4,3,3,1,,2,1,1,1,1,1,2,1,1,2,3,1,1,1,1,1,1,1,1,1,1,1,1,4,4,4,3,1,20,2,3.6,1.6,2.6,2.5,4,1,3.5,,1.2,2.0,1.0,1.0,1.0,3.75,2,
R_63PnjJ7TpOQlHEt,true,SV_5nV942MJGubDmqq,133,1,cloudresearch,America/New_York,2026-06-05,41,White or Caucasian,Man,More than 5 years,Master's degree,true,Employee - Full-Time (30 to 40+ hrs/week),first_shift,4,3,4,4,4,2,2,2,2,1,2,2,2,2,2,1,2,2,2,4,1,2,2,5,5,,1,3,1,5,5,4,5,2,1,1,1,1,1,1,1,1,2,4,1,1,1,1,1,5,5,5,5,0,0,1,3.8,1.8,2.0,1.75,4,1,2.0,,4.2,1.0,1.0,2.0,1.0,5.0,1,4
R_63PnjJ7TpOQlHEt,true,SV_eRKl4lgMZDAurT8,121,2,cloudresearch,America/New_York,2026-06-05,41,White or Caucasian,Man,More than 5 years,Master's degree,true,Employee - Full-Time (30 to 40+ hrs/week),first_shift,4,3,4,4,4,2,2,2,2,1,2,2,2,2,2,1,2,2,2,4,1,2,2,5,4,,1,5,1,5,5,5,4,5,1,1,1,1,1,1,1,1,1,1,1,1,1,1,1,5,5,5,5,0,0,1,3.8,1.8,2.0,1.75,4,1,2.0,,4.8,1.0,1.0,1.0,1.0,5.0,1,
R_63PnjJ7TpOQlHEt,true,SV_6J3svun1r97AAHc,102,3,cloudresearch,America/New_York,2026-06-05,41,White or Caucasian,Man,More than 5 years,Master's degree,true,Employee - Full-Time (30 to 40+ hrs/week),first_shift,4,3,4,4,4,2,2,2,2,1,2,2,2,2,2,1,2,2,2,4,1,2,2,5,5,,1,5,1,5,4,3,5,3,1,1,1,1,1,1,1,2,1,4,1,1,1,1,1,5,5,5,5,0,0,1,3.8,1.8,2.0,1.75,4,1,2.0,,4.0,1.0,1.0,2.0,1.0,5.0,1,
R_63eeGtR1upkT0WP,true,SV_5nV942MJGubDmqq,197,1,cloudresearch,America/New_York,2026-06-05,60,White or Caucasian,Man,1 to 3 years,Bachelor's degree,true,Independent Contractor or Freelancer (1099),second_shift,4,3,3,4,4,2,1,1,3,2,2,2,2,2,3,2,2,2,2,4,3,3,2,3,3,3,1,2,2,3,2,3,2,3,1,1,1,2,2,2,3,4,4,4,4,3,3,2,3,4,4,4,4,0,0,2,3.6,1.8,2.2,2.0,4,3,2.5,2.3333333333333335,2.6,1.0,2.25,4.0,2.75,4.0,2,2
R_63eeGtR1upkT0WP,true,SV_eRKl4lgMZDAurT8,272,2,cloudresearch,America/New_York,2026-06-05,60,White or Caucasian,Man,1 to 3 years,Bachelor's degree,true,Independent Contractor or Freelancer (1099),second_shift,4,3,3,4,4,2,1,1,3,2,2,2,2,2,3,2,2,2,2,4,3,3,2,2,2,,1,2,2,3,3,2,2,3,1,1,1,2,2,1,2,4,4,4,4,2,3,2,3,4,4,4,4,1,20,2,3.6,1.8,2.2,2.0,4,3,2.5,,2.6,1.0,1.75,4.0,2.5,4.0,2,
R_63eeGtR1upkT0WP,true,SV_6J3svun1r97AAHc,406,3,cloudresearch,America/New_York,2026-06-05,60,White or Caucasian,Man,1 to 3 years,Bachelor's degree,true,Independent Contractor or Freelancer (1099),second_shift,4,3,3,4,4,2,1,1,3,2,2,2,2,2,3,2,2,2,2,4,3,3,2,5,5,,2,3,3,4,3,3,3,4,1,2,1,2,2,2,3,4,4,4,4,2,2,2,2,4,4,4,4,1,31,2,3.6,1.8,2.2,2.0,4,3,2.5,,3.4,1.3333333333333333,2.25,4.0,2.0,4.0,2,
R_6D13233BtivBCRX,true,SV_5nV942MJGubDmqq,114,1,cloudresearch,America/New_York,2026-06-05,34,White or Caucasian,Man,3 to 5 years,Bachelor's degree,true,Employee - Full-Time (30 to 40+ hrs/week),second_shift,3,3,4,4,4,2,1,1,2,2,1,1,1,1,1,1,1,1,1,4,1,2,2,4,2,3,2,3,2,2,4,3,3,1,2,2,2,2,4,2,2,3,4,2,2,2,4,4,3,5,5,5,5,2,65,1,3.6,1.6,1.0,1.0,4,1,2.0,2.6666666666666665,2.6,2.0,2.5,2.75,3.25,5.0,1,4
R_6D13233BtivBCRX,true,SV_eRKl4lgMZDAurT8,203,2,cloudresearch,America/New_York,2026-06-05,34,White or Caucasian,Man,3 to 5 years,Bachelor's degree,true,Employee - Full-Time (30 to 40+ hrs/week),second_shift,3,3,4,4,4,2,1,1,2,2,1,1,1,1,1,1,1,1,1,4,1,2,2,3,3,,2,2,2,2,3,3,2,2,1,1,2,2,2,2,2,2,2,4,3,1,2,3,2,5,5,5,5,2,120,1,3.6,1.6,1.0,1.0,4,1,2.0,,2.4,1.3333333333333333,2.0,2.75,2.0,5.0,1,
R_6D13233BtivBCRX,true,SV_6J3svun1r97AAHc,109,3,cloudresearch,America/New_York,2026-06-05,34,White or Caucasian,Man,3 to 5 years,Bachelor's degree,true,Employee - Full-Time (30 to 40+ hrs/week),second_shift,3,3,4,4,4,2,1,1,2,2,1,1,1,1,1,1,1,1,1,4,1,2,2,3,2,,1,2,2,2,3,3,2,2,1,2,1,2,2,2,2,2,2,4,4,1,2,2,2,5,5,5,5,1,61,1,3.6,1.6,1.0,1.0,4,1,2.0,,2.4,1.3333333333333333,2.0,3.0,1.75,5.0,1,
R_6Fyc1EsuxD3bvI9,true,SV_5nV942MJGubDmqq,238,1,cloudresearch,America/New_York,2026-06-05,36,Hispanic or Latino,Woman,More than 5 years,Bachelor's degree,true,Employee - Full-Time (30 to 40+ hrs/week),first_shift,4,3,4,4,3,2,2,2,3,1,1,1,1,1,1,1,1,1,1,5,1,2,2,2,2,2,1,1,1,2,2,2,2,2,1,1,1,1,1,1,1,1,1,1,1,2,1,1,1,5,5,5,5,1,15,1,3.6,2.0,1.0,1.0,5,1,2.0,1.5,2.0,1.0,1.0,1.0,1.25,5.0,1,5
R_6Fyc1EsuxD3bvI9,true,SV_eRKl4lgMZDAurT8,210,2,cloudresearch,America/New_York,2026-06-05,36,Hispanic or Latino,Woman,More than 5 years,Bachelor's degree,true,Employee - Full-Time (30 to 40+ hrs/week),first_shift,4,3,4,4,3,2,2,2,3,1,1,1,1,1,1,1,1,1,1,5,1,2,2,2,2,,1,1,1,1,2,2,2,1,1,1,1,1,1,4,1,1,1,1,1,1,1,1,1,5,5,5,5,2,15,1,3.6,2.0,1.0,1.0,5,1,2.0,,1.6,1.0,1.75,1.0,1.0,5.0,1,
R_6Fyc1EsuxD3bvI9,true,SV_6J3svun1r97AAHc,266,3,cloudresearch,America/New_York,2026-06-05,36,Hispanic or Latino,Woman,More than 5 years,Bachelor's degree,true,Employee - Full-Time (30 to 40+ hrs/week),first_shift,4,3,4,4,3,2,2,2,3,1,1,1,1,1,1,1,1,1,1,5,1,2,2,2,2,,1,1,1,2,4,2,3,2,1,1,1,1,1,1,1,1,1,1,1,1,1,1,1,5,5,5,5,0,0,1,3.6,2.0,1.0,1.0,5,1,2.0,,2.6,1.0,1.0,1.0,1.0,5.0,1,
R_6PpLm2iU33lCLWS,true,SV_5nV942MJGubDmqq,250,1,cloudresearch,America/Chicago,2026-06-05,29,White or Caucasian,Man,More than 5 years,Bachelor's degree,true,Employee - Full-Time (30 to 40+ hrs/week),first_shift,5,4,4,4,5,2,2,2,4,2,1,1,1,1,1,3,1,1,2,4,1,3,4,3,3,3,2,2,2,4,2,2,2,2,1,1,1,2,2,1,2,1,5,4,3,1,1,1,1,5,5,5,5,1,16,1,4.4,2.4,1.0,1.75,4,1,3.5,2.5,2.4,1.0,1.75,3.25,1.0,5.0,1,4
R_6PpLm2iU33lCLWS,true,SV_eRKl4lgMZDAurT8,256,2,cloudresearch,America/Chicago,2026-06-05,29,White or Caucasian,Man,More than 5 years,Bachelor's degree,true,Employee - Full-Time (30 to 40+ hrs/week),first_shift,5,4,4,4,5,2,2,2,4,2,1,1,1,1,1,3,1,1,2,4,1,3,4,4,4,,2,3,4,3,3,3,3,3,1,2,1,3,4,3,2,4,5,5,1,1,4,1,1,5,5,5,5,3,45,2,4.4,2.4,1.0,1.75,4,1,3.5,,3.0,1.3333333333333333,3.0,3.75,1.75,5.0,2,
R_6PpLm2iU33lCLWS,true,SV_6J3svun1r97AAHc,168,3,cloudresearch,America/Chicago,2026-06-05,29,White or Caucasian,Man,More than 5 years,Bachelor's degree,true,Employee - Full-Time (30 to 40+ hrs/week),first_shift,5,4,4,4,5,2,2,2,4,2,1,1,1,1,1,3,1,1,2,4,1,3,4,5,5,,4,4,5,3,4,4,3,4,2,2,1,3,3,2,3,3,5,5,5,1,2,2,2,5,5,5,5,0,0,2,4.4,2.4,1.0,1.75,4,1,3.5,,3.6,1.6666666666666667,2.75,4.5,1.75,5.0,2,
R_6iDbS73AX99E31a,true,SV_5nV942MJGubDmqq,460,1,cloudresearch,America/New_York,2026-06-05,47,White or Caucasian,Woman,More than 5 years,Bachelor's degree,false,Employee - Full-Time (30 to 40+ hrs/week),first_shift,4,4,5,4,4,3,1,2,3,1,1,1,2,4,1,4,1,1,4,4,2,4,4,3,3,3,1,3,3,3,3,3,3,3,1,1,2,1,1,1,5,1,4,4,4,1,1,2,1,5,5,5,5,2,91,2,4.2,2.0,1.8,2.5,4,2,4.0,2.6666666666666665,3.0,1.3333333333333333,2.0,3.25,1.25,5.0,2,4
R_6iDbS73AX99E31a,true,SV_eRKl4lgMZDAurT8,291,2,cloudresearch,America/New_York,2026-06-05,47,White or Caucasian,Woman,More than 5 years,Bachelor's degree,false,Employee - Full-Time (30 to 40+ hrs/week),first_shift,4,4,5,4,4,3,1,2,3,1,1,1,2,4,1,4,1,1,4,4,2,4,4,3,3,,3,3,3,3,3,3,3,1,3,1,3,1,1,1,1,1,5,5,4,1,1,1,1,5,5,5,5,2,120,2,4.2,2.0,1.8,2.5,4,2,4.0,,2.6,2.3333333333333335,1.0,3.75,1.0,5.0,2,
R_6iDbS73AX99E31a,true,SV_6J3svun1r97AAHc,221,3,cloudresearch,America/New_York,2026-06-05,47,White or Caucasian,Woman,More than 5 years,Bachelor's degree,false,Employee - Full-Time (30 to 40+ hrs/week),first_shift,4,4,5,4,4,3,1,2,3,1,1,1,2,4,1,4,1,1,4,4,2,4,4,4,4,,2,4,2,2,2,2,2,2,3,3,3,1,1,1,1,4,4,4,4,1,1,1,1,5,5,5,5,1,60,3,4.2,2.0,1.8,2.5,4,2,4.0,,2.0,3.0,1.0,4.0,1.0,5.0,3,
R_6igIKYOeZqKpknN,false,SV_5nV942MJGubDmqq,393,1,snowball,America/New_York,2026-06-05,56,White or Caucasian,Woman,Less than a year,Master's degree,false,Employee - Full-Time (30 to 40+ hrs/week),first_shift,5,4,5,5,4,2,1,2,2,2,1,1,1,1,1,1,1,1,1,5,1,5,5,2,3,2,2,3,2,5,4,4,5,4,1,1,1,5,4,5,4,1,4,4,5,1,1,3,4,5,5,5,5,3,120,1,4.6,1.8,1.0,1.0,5,1,5.0,2.3333333333333335,4.4,1.0,4.5,3.5,2.25,5.0,1,4
R_6igIKYOeZqKpknN,false,SV_eRKl4lgMZDAurT8,299,2,snowball,America/New_York,2026-06-05,56,White or Caucasian,Woman,Less than a year,Master's degree,false,Employee - Full-Time (30 to 40+ hrs/week),first_shift,5,4,5,5,4,2,1,2,2,2,1,1,1,1,1,1,1,1,1,5,1,5,5,5,3,,1,3,1,2,4,2,3,1,1,1,1,4,4,4,4,4,4,4,4,1,1,1,3,5,5,5,5,1,90,1,4.6,1.8,1.0,1.0,5,1,5.0,,2.4,1.0,4.0,4.0,1.5,5.0,1,
R_6igIKYOeZqKpknN,false,SV_6J3svun1r97AAHc,367,3,snowball,America/New_York,2026-06-05,56,White or Caucasian,Woman,Less than a year,Master's degree,false,Employee - Full-Time (30 to 40+ hrs/week),first_shift,5,4,5,5,4,2,1,2,2,2,1,1,1,1,1,1,1,1,1,5,1,5,5,2,2,,1,2,2,3,3,3,3,3,1,1,1,4,4,4,3,4,4,4,4,1,1,1,2,5,5,5,5,3,120,1,4.6,1.8,1.0,1.0,5,1,5.0,,3.0,1.0,3.75,4.0,1.25,5.0,1,
R_6jd0rHvZFHVneEQ,false,SV_5nV942MJGubDmqq,254,1,snowball,America/New_York,2026-06-05,33,White or Caucasian,Woman,3 to 5 years,Professional or doctorate degree,true,Employee - Full-Time (30 to 40+ hrs/week),first_shift,4,3,3,4,4,2,2,2,3,2,4,4,4,4,4,3,3,2,3,2,1,4,3,5,5,5,3,4,5,5,4,5,5,5,1,1,1,1,4,4,5,4,3,3,4,2,4,1,1,5,5,5,5,3,90,2,3.6,2.2,4.0,2.75,2,1,3.5,4.5,4.8,1.0,3.5,3.5,2.0,5.0,2,3
R_6jd0rHvZFHVneEQ,false,SV_eRKl4lgMZDAurT8,159,2,snowball,America/New_York,2026-06-05,33,White or Caucasian,Woman,3 to 5 years,Professional or doctorate degree,true,Employee - Full-Time (30 to 40+ hrs/week),first_shift,4,3,3,4,4,2,2,2,3,2,4,4,4,4,4,3,3,2,3,2,1,4,3,5,4,,5,3,4,4,5,2,1,3,1,1,1,4,4,4,3,4,3,3,4,3,4,1,2,5,5,5,5,2,60,5,3.6,2.2,4.0,2.75,2,1,3.5,,3.0,1.0,3.75,3.5,2.5,5.0,5,
R_6jd0rHvZFHVneEQ,false,SV_6J3svun1r97AAHc,188,3,snowball,America/New_York,2026-06-05,33,White or Caucasian,Woman,3 to 5 years,Professional or doctorate degree,true,Employee - Full-Time (30 to 40+ hrs/week),first_shift,4,3,3,4,4,2,2,2,3,2,4,4,4,4,4,3,3,2,3,2,1,4,3,4,4,,5,4,4,3,3,4,3,3,1,1,1,4,2,3,3,3,2,2,3,2,3,3,3,5,5,5,5,1,45,3,3.6,2.2,4.0,2.75,2,1,3.5,,3.2,1.0,3.0,2.5,2.75,5.0,3,
R_6k7gSR5JiJZuBIi,true,SV_5nV942MJGubDmqq,681,1,cloudresearch,America/New_York,2026-06-05,33,White or Caucasian,Man,More than 5 years,Bachelor's degree,false,Employee - Full-Time (30 to 40+ hrs/week),second_shift,4,3,4,4,4,2,1,1,2,1,1,1,1,1,1,1,1,1,1,5,1,2,2,2,1,1,1,1,1,1,1,1,1,1,1,1,1,1,1,1,1,2,1,2,1,1,1,1,1,4,4,4,4,1,20,1,3.8,1.4,1.0,1.0,5,1,2.0,1.1666666666666667,1.0,1.0,1.0,1.5,1.0,4.0,1,5
R_6k7gSR5JiJZuBIi,true,SV_eRKl4lgMZDAurT8,153,2,cloudresearch,America/New_York,2026-06-05,33,White or Caucasian,Man,More than 5 years,Bachelor's degree,false,Employee - Full-Time (30 to 40+ hrs/week),second_shift,4,3,4,4,4,2,1,1,2,1,1,1,1,1,1,1,1,1,1,5,1,2,2,1,1,,1,1,1,1,1,1,1,1,1,1,1,1,1,1,1,1,1,1,1,1,1,1,1,4,4,4,4,0,0,1,3.8,1.4,1.0,1.0,5,1,2.0,,1.0,1.0,1.0,1.0,1.0,4.0,1,
R_6k7gSR5JiJZuBIi,true,SV_6J3svun1r97AAHc,438,3,cloudresearch,America/New_York,2026-06-05,33,White or Caucasian,Man,More than 5 years,Bachelor's degree,false,Employee - Full-Time (30 to 40+ hrs/week),second_shift,4,3,4,4,4,2,1,1,2,1,1,1,1,1,1,1,1,1,1,5,1,2,2,1,1,,1,1,1,1,1,1,1,1,1,1,1,1,1,1,1,1,1,2,1,1,1,1,1,4,4,4,4,0,0,1,3.8,1.4,1.0,1.0,5,1,2.0,,1.0,1.0,1.0,1.25,1.0,4.0,1,
R_6nHS3obVv6RNr83,true,SV_5nV942MJGubDmqq,212,1,cloudresearch,America/New_York,2026-06-05,42,White or Caucasian,Woman,3 to 5 years,"Some college, no degree",true,Employee - Full-Time (30 to 40+ hrs/week),first_shift,3,4,4,3,3,2,1,2,2,2,1,1,1,1,1,1,1,1,1,4,1,2,2,5,4,5,1,3,2,3,4,3,2,2,1,1,1,1,1,1,1,1,1,2,1,1,1,1,1,4,4,4,4,0,3,1,3.4,1.8,1.0,1.0,4,1,2.0,3.3333333333333335,2.8,1.0,1.0,1.25,1.0,4.0,1,4
R_6nHS3obVv6RNr83,true,SV_eRKl4lgMZDAurT8,234,2,cloudresearch,America/New_York,2026-06-05,42,White or Caucasian,Woman,3 to 5 years,"Some college, no degree",true,Employee - Full-Time (30 to 40+ hrs/week),first_shift,3,4,4,3,3,2,1,2,2,2,1,1,1,1,1,1,1,1,1,4,1,2,2,3,2,,1,2,2,1,3,2,2,2,1,1,1,1,1,1,1,1,1,2,1,1,1,1,1,4,4,4,4,1,24,1,3.4,1.8,1.0,1.0,4,1,2.0,,2.0,1.0,1.0,1.25,1.0,4.0,1,
R_6nHS3obVv6RNr83,true,SV_6J3svun1r97AAHc,211,3,cloudresearch,America/New_York,2026-06-05,42,White or Caucasian,Woman,3 to 5 years,"Some college, no degree",true,Employee - Full-Time (30 to 40+ hrs/week),first_shift,3,4,4,3,3,2,1,2,2,2,1,1,1,1,1,1,1,1,1,4,1,2,2,2,1,,1,1,1,1,1,1,1,2,1,1,1,1,1,1,1,1,1,1,1,1,1,2,1,4,4,4,4,1,16,1,3.4,1.8,1.0,1.0,4,1,2.0,,1.2,1.0,1.0,1.0,1.25,4.0,1,
R_6pJw4BsAsCuXlI0,true,SV_5nV942MJGubDmqq,246,1,cloudresearch,America/New_York,2026-06-05,21,Black or African American,Woman,1 to 3 years,Bachelor's degree,false,Employee - Full-Time (30 to 40+ hrs/week),second_shift,4,3,4,4,3,3,2,2,5,3,1,2,1,1,2,1,1,1,1,5,1,2,2,1,2,1,1,1,1,1,3,1,2,1,1,1,1,1,1,2,1,1,2,1,1,1,1,1,1,4,4,4,4,1,15,1,3.6,3.0,1.4,1.0,5,1,2.0,1.1666666666666667,1.6,1.0,1.25,1.25,1.0,4.0,1,4
R_6pJw4BsAsCuXlI0,true,SV_eRKl4lgMZDAurT8,292,2,cloudresearch,America/New_York,2026-06-05,21,Black or African American,Woman,1 to 3 years,Bachelor's degree,false,Employee - Full-Time (30 to 40+ hrs/week),second_shift,4,3,4,4,3,3,2,2,5,3,1,2,1,1,2,1,1,1,1,5,1,2,2,5,5,,1,4,1,1,4,4,3,3,1,1,1,1,1,2,2,2,5,5,4,1,2,1,1,4,4,4,4,2,30,1,3.6,3.0,1.4,1.0,5,1,2.0,,3.0,1.0,1.5,4.0,1.25,4.0,1,
R_6pJw4BsAsCuXlI0,true,SV_6J3svun1r97AAHc,212,3,cloudresearch,America/New_York,2026-06-05,21,Black or African American,Woman,1 to 3 years,Bachelor's degree,false,Employee - Full-Time (30 to 40+ hrs/week),second_shift,4,3,4,4,3,3,2,2,5,3,1,2,1,1,2,1,1,1,1,5,1,2,2,5,5,,1,2,2,5,5,5,5,3,1,1,1,1,1,4,2,4,5,5,5,1,2,1,1,4,4,4,4,1,15,1,3.6,3.0,1.4,1.0,5,1,2.0,,4.6,1.0,2.0,4.75,1.25,4.0,1,
R_6pKy5OR13ILoSiw,true,SV_5nV942MJGubDmqq,279,1,cloudresearch,America/New_York,2026-06-05,48,White or Caucasian,Woman,1 to 3 years,"Some college, no degree",false,Employee - Part-Time (<30 hrs/week),first_shift,4,3,4,4,4,2,1,1,2,1,1,1,1,1,1,1,1,1,1,5,1,4,3,3,2,1,1,1,1,1,1,1,1,1,1,1,1,1,1,1,1,1,1,4,1,1,1,1,1,5,5,5,5,0,0,1,3.8,1.4,1.0,1.0,5,1,3.5,1.5,1.0,1.0,1.0,1.75,1.0,5.0,1,5
R_6pKy5OR13ILoSiw,true,SV_eRKl4lgMZDAurT8,186,2,cloudresearch,America/New_York,2026-06-05,48,White or Caucasian,Woman,1 to 3 years,"Some college, no degree",false,Employee - Part-Time (<30 hrs/week),first_shift,4,3,4,4,4,2,1,1,2,1,1,1,1,1,1,1,1,1,1,5,1,4,3,2,2,,1,2,1,1,2,3,3,2,1,1,1,1,1,1,1,1,1,5,1,1,1,1,1,5,5,5,5,0,0,1,3.8,1.4,1.0,1.0,5,1,3.5,,2.2,1.0,1.0,2.0,1.0,5.0,1,
R_6pKy5OR13ILoSiw,true,SV_6J3svun1r97AAHc,162,3,cloudresearch,America/New_York,2026-06-05,48,White or Caucasian,Woman,1 to 3 years,"Some college, no degree",false,Employee - Part-Time (<30 hrs/week),first_shift,4,3,4,4,4,2,1,1,2,1,1,1,1,1,1,1,1,1,1,5,1,4,3,3,2,,1,2,1,1,2,2,2,1,1,1,1,1,1,1,1,1,1,2,1,1,1,1,1,5,5,5,5,1,15,1,3.8,1.4,1.0,1.0,5,1,3.5,,1.6,1.0,1.0,1.25,1.0,5.0,1,
R_736UQXBbWJ6uNZT,true,SV_5nV942MJGubDmqq,239,1,cloudresearch,America/New_York,2026-06-05,36,White or Caucasian,Woman,More than 5 years,"Some college, no degree",true,Independent Contractor or Freelancer (1099),first_shift,5,4,5,5,3,3,3,2,4,3,1,1,1,1,1,1,1,1,1,5,1,1,1,5,5,5,1,5,5,2,2,2,2,2,1,1,1,1,1,1,1,4,1,5,4,1,1,1,1,4,4,4,4,0,0,2,4.4,3.0,1.0,1.0,5,1,1.0,4.333333333333333,2.0,1.0,1.0,3.5,1.0,4.0,2,4
R_736UQXBbWJ6uNZT,true,SV_eRKl4lgMZDAurT8,225,2,cloudresearch,America/New_York,2026-06-05,36,White or Caucasian,Woman,More than 5 years,"Some college, no degree",true,Independent Contractor or Freelancer (1099),first_shift,5,4,5,5,3,3,3,2,4,3,1,1,1,1,1,1,1,1,1,5,1,1,1,5,5,,2,5,5,5,5,5,5,2,1,1,1,4,1,1,1,4,4,5,4,1,1,1,1,4,4,4,4,0,0,2,4.4,3.0,1.0,1.0,5,1,1.0,,4.4,1.0,1.75,4.25,1.0,4.0,2,
R_736UQXBbWJ6uNZT,true,SV_6J3svun1r97AAHc,270,3,cloudresearch,America/New_York,2026-06-05,36,White or Caucasian,Woman,More than 5 years,"Some college, no degree",true,Independent Contractor or Freelancer (1099),first_shift,5,4,5,5,3,3,3,2,4,3,1,1,1,1,1,1,1,1,1,5,1,1,1,5,5,,5,5,5,5,5,5,5,5,1,1,1,1,1,1,4,5,1,4,4,1,1,1,1,4,4,4,4,0,0,2,4.4,3.0,1.0,1.0,5,1,1.0,,5.0,1.0,1.75,3.5,1.0,4.0,2,
R_76bdiFTeDyMudoI,true,SV_5nV942MJGubDmqq,318,1,cloudresearch,America/Chicago,2026-06-05,35,Asian,Man,More than 5 years,Bachelor's degree,true,Employee - Full-Time (30 to 40+ hrs/week),first_shift,4,2,3,3,3,3,2,2,3,2,1,1,1,1,1,1,1,1,1,5,1,3,2,2,1,1,1,1,1,1,1,1,1,1,1,1,1,1,1,1,1,1,1,1,1,1,1,1,1,5,5,5,5,0,0,1,3.0,2.4,1.0,1.0,5,1,2.5,1.1666666666666667,1.0,1.0,1.0,1.0,1.0,5.0,1,5
R_76bdiFTeDyMudoI,true,SV_eRKl4lgMZDAurT8,199,2,cloudresearch,America/Chicago,2026-06-05,35,Asian,Man,More than 5 years,Bachelor's degree,true,Employee - Full-Time (30 to 40+ hrs/week),first_shift,4,2,3,3,3,3,2,2,3,2,1,1,1,1,1,1,1,1,1,5,1,3,2,2,1,,1,1,1,1,1,1,1,1,1,1,1,1,1,1,1,1,1,1,1,1,1,1,1,5,5,5,5,1,15,1,3.0,2.4,1.0,1.0,5,1,2.5,,1.0,1.0,1.0,1.0,1.0,5.0,1,
R_76bdiFTeDyMudoI,true,SV_6J3svun1r97AAHc,139,3,cloudresearch,America/Chicago,2026-06-05,35,Asian,Man,More than 5 years,Bachelor's degree,true,Employee - Full-Time (30 to 40+ hrs/week),first_shift,4,2,3,3,3,3,2,2,3,2,1,1,1,1,1,1,1,1,1,5,1,3,2,3,2,,1,2,2,1,2,1,2,1,1,1,1,1,1,1,1,1,1,1,1,1,1,1,1,5,5,5,5,1,30,1,3.0,2.4,1.0,1.0,5,1,2.5,,1.4,1.0,1.0,1.0,1.0,5.0,1,
R_7M5qibIw8DWVVwZ,true,SV_5nV942MJGubDmqq,167,1,cloudresearch,America/New_York,2026-06-05,41,Black or African American,Man,More than 5 years,"High school diploma or equivalent (e.g., GED)",false,Employee - Full-Time (30 to 40+ hrs/week),first_shift,4,4,4,4,4,1,1,2,2,1,1,1,1,1,1,1,1,1,1,4,1,3,3,1,1,1,1,1,1,1,1,1,1,1,1,1,1,1,1,1,1,3,1,3,3,1,1,1,1,5,5,5,5,1,7,1,4.0,1.4,1.0,1.0,4,1,3.0,1.0,1.0,1.0,1.0,2.5,1.0,5.0,1,5
R_7M5qibIw8DWVVwZ,true,SV_eRKl4lgMZDAurT8,368,2,cloudresearch,America/New_York,2026-06-05,41,Black or African American,Man,More than 5 years,"High school diploma or equivalent (e.g., GED)",false,Employee - Full-Time (30 to 40+ hrs/week),first_shift,4,4,4,4,4,1,1,2,2,1,1,1,1,1,1,1,1,1,1,4,1,3,3,1,1,,1,1,1,1,1,1,1,1,1,1,1,1,1,1,1,1,1,4,4,1,1,1,1,5,5,5,5,1,7,1,4.0,1.4,1.0,1.0,4,1,3.0,,1.0,1.0,1.0,2.5,1.0,5.0,1,
R_7M5qibIw8DWVVwZ,true,SV_6J3svun1r97AAHc,431,3,cloudresearch,America/New_York,2026-06-05,41,Black or African American,Man,More than 5 years,"High school diploma or equivalent (e.g., GED)",false,Employee - Full-Time (30 to 40+ hrs/week),first_shift,4,4,4,4,4,1,1,2,2,1,1,1,1,1,1,1,1,1,1,4,1,3,3,1,1,,1,1,1,1,1,1,1,1,1,1,1,1,1,1,1,3,1,4,4,1,1,1,1,5,5,5,5,0,0,1,4.0,1.4,1.0,1.0,4,1,3.0,,1.0,1.0,1.0,3.0,1.0,5.0,1,
R_7P8mPgU98ZOFGKr,true,SV_5nV942MJGubDmqq,293,1,cloudresearch,America/New_York,2026-06-05,29,White or Caucasian,Woman,3 to 5 years,Bachelor's degree,false,Employee - Full-Time (30 to 40+ hrs/week),first_shift,4,4,3,4,4,2,1,2,3,2,3,1,1,3,2,3,3,3,3,4,3,3,2,3,2,2,1,2,2,2,2,2,2,2,1,1,1,3,1,2,2,2,2,4,3,1,3,1,1,4,4,4,4,0,0,1,3.8,2.0,2.0,3.0,4,3,2.5,2.0,2.0,1.0,2.0,2.75,1.5,4.0,1,4
R_7P8mPgU98ZOFGKr,true,SV_eRKl4lgMZDAurT8,182,2,cloudresearch,America/New_York,2026-06-05,29,White or Caucasian,Woman,3 to 5 years,Bachelor's degree,false,Employee - Full-Time (30 to 40+ hrs/week),first_shift,4,4,3,4,4,2,1,2,3,2,3,1,1,3,2,3,3,3,3,4,3,3,2,2,3,,1,2,2,1,2,1,2,2,1,1,1,1,2,2,2,1,1,3,2,1,3,1,1,4,4,4,4,0,0,1,3.8,2.0,2.0,3.0,4,3,2.5,,1.6,1.0,1.75,1.75,1.5,4.0,1,
R_7P8mPgU98ZOFGKr,true,SV_6J3svun1r97AAHc,216,3,cloudresearch,America/New_York,2026-06-05,29,White or Caucasian,Woman,3 to 5 years,Bachelor's degree,false,Employee - Full-Time (30 to 40+ hrs/week),first_shift,4,4,3,4,4,2,1,2,3,2,3,1,1,3,2,3,3,3,3,4,3,3,2,1,2,,1,2,3,1,3,2,2,3,1,1,1,1,1,2,2,1,1,3,1,2,1,1,1,5,4,5,5,0,0,1,3.8,2.0,2.0,3.0,4,3,2.5,,2.2,1.0,1.5,1.5,1.25,4.75,1,
R_7TNwlMB5tf7mj19,true,SV_5nV942MJGubDmqq,189,1,cloudresearch,America/New_York,2026-06-05,31,American Indian or Alaska Native,Woman,Less than a year,"Some college, no degree",false,Employee - Full-Time (30 to 40+ hrs/week),second_shift,4,3,3,2,4,4,3,2,3,2,1,1,1,2,1,3,3,1,1,3,3,3,3,5,3,3,1,3,3,2,1,5,4,2,1,2,1,3,2,2,3,2,1,2,3,4,2,2,1,4,4,4,4,1,92,2,3.2,2.8,1.2,2.0,3,3,3.0,3.0,2.8,1.3333333333333333,2.5,2.0,2.25,4.0,2,3
R_7TNwlMB5tf7mj19,true,SV_eRKl4lgMZDAurT8,147,2,cloudresearch,America/New_York,2026-06-05,31,American Indian or Alaska Native,Woman,Less than a year,"Some college, no degree",false,Employee - Full-Time (30 to 40+ hrs/week),second_shift,4,3,3,2,4,4,3,2,3,2,1,1,1,2,1,3,3,1,1,3,3,3,3,5,3,,2,5,5,5,5,3,5,5,1,4,2,1,1,1,1,2,2,2,1,2,1,2,1,4,4,4,4,1,90,1,3.2,2.8,1.2,2.0,3,3,3.0,,4.6,2.3333333333333335,1.0,1.75,1.5,4.0,1,
R_7TNwlMB5tf7mj19,true,SV_6J3svun1r97AAHc,124,3,cloudresearch,America/New_York,2026-06-05,31,American Indian or Alaska Native,Woman,Less than a year,"Some college, no degree",false,Employee - Full-Time (30 to 40+ hrs/week),second_shift,4,3,3,2,4,4,3,2,3,2,1,1,1,2,1,3,3,1,1,3,3,3,3,3,5,,1,5,5,2,2,1,2,3,2,1,1,2,1,2,2,1,2,2,1,2,2,2,1,4,4,4,4,1,35,1,3.2,2.8,1.2,2.0,3,3,3.0,,2.0,1.3333333333333333,1.75,1.5,1.75,4.0,1,
R_7VI1YXHgHRUPWkh,true,SV_5nV942MJGubDmqq,139,1,cloudresearch,America/Chicago,2026-06-05,41,Hispanic or Latino,Woman,3 to 5 years,Master's degree,false,Employee - Full-Time (30 to 40+ hrs/week),first_shift,4,2,3,3,2,3,2,2,4,2,1,1,1,1,1,1,1,1,1,4,1,3,3,2,2,2,1,2,2,2,2,1,2,1,1,1,1,1,1,1,1,1,1,1,1,1,1,1,1,4,4,4,4,0,0,1,2.8,2.6,1.0,1.0,4,1,3.0,1.8333333333333333,1.6,1.0,1.0,1.0,1.0,4.0,1,4
R_7VI1YXHgHRUPWkh,true,SV_eRKl4lgMZDAurT8,159,2,cloudresearch,America/Chicago,2026-06-05,41,Hispanic or Latino,Woman,3 to 5 years,Master's degree,false,Employee - Full-Time (30 to 40+ hrs/week),first_shift,4,2,3,3,2,3,2,2,4,2,1,1,1,1,1,1,1,1,1,4,1,3,3,3,2,,2,3,3,1,1,1,1,1,1,1,1,1,1,1,1,1,1,1,1,1,1,1,1,4,4,4,4,1,40,1,2.8,2.6,1.0,1.0,4,1,3.0,,1.0,1.0,1.0,1.0,1.0,4.0,1,
R_7VI1YXHgHRUPWkh,true,SV_6J3svun1r97AAHc,155,3,cloudresearch,America/Chicago,2026-06-05,41,Hispanic or Latino,Woman,3 to 5 years,Master's degree,false,Employee - Full-Time (30 to 40+ hrs/week),first_shift,4,2,3,3,2,3,2,2,4,2,1,1,1,1,1,1,1,1,1,4,1,3,3,2,2,,2,2,2,2,2,2,2,1,1,1,1,1,1,1,1,1,1,1,1,1,1,1,1,4,4,4,4,1,20,1,2.8,2.6,1.0,1.0,4,1,3.0,,1.8,1.0,1.0,1.0,1.0,4.0,1,
R_7hGXdoWxHSi312a,true,SV_5nV942MJGubDmqq,152,1,cloudresearch,America/New_York,2026-06-05,46,White or Caucasian,Woman,More than 5 years,Bachelor's degree,false,Employee - Full-Time (30 to 40+ hrs/week),first_shift,4,2,3,4,4,2,1,1,3,2,1,1,1,1,1,1,1,1,1,5,1,3,2,1,3,1,1,1,1,2,2,1,2,1,1,1,1,1,1,1,1,1,1,4,1,1,1,1,1,5,5,5,5,0,0,1,3.4,1.8,1.0,1.0,5,1,2.5,1.3333333333333333,1.6,1.0,1.0,1.75,1.0,5.0,1,5
R_7hGXdoWxHSi312a,true,SV_eRKl4lgMZDAurT8,98,2,cloudresearch,America/New_York,2026-06-05,46,White or Caucasian,Woman,More than 5 years,Bachelor's degree,false,Employee - Full-Time (30 to 40+ hrs/week),first_shift,4,2,3,4,4,2,1,1,3,2,1,1,1,1,1,1,1,1,1,5,1,3,2,2,1,,1,1,2,1,1,1,1,1,1,1,1,1,1,1,1,1,1,1,1,1,1,1,1,5,5,5,5,0,0,1,3.4,1.8,1.0,1.0,5,1,2.5,,1.0,1.0,1.0,1.0,1.0,5.0,1,
R_7hGXdoWxHSi312a,true,SV_6J3svun1r97AAHc,124,3,cloudresearch,America/New_York,2026-06-05,46,White or Caucasian,Woman,More than 5 years,Bachelor's degree,false,Employee - Full-Time (30 to 40+ hrs/week),first_shift,4,2,3,4,4,2,1,1,3,2,1,1,1,1,1,1,1,1,1,5,1,3,2,2,2,,1,2,2,2,2,2,2,2,1,1,1,1,1,1,1,1,1,3,1,1,1,1,1,5,5,5,5,0,0,1,3.4,1.8,1.0,1.0,5,1,2.5,,2.0,1.0,1.0,1.5,1.0,5.0,1,
R_7kRNS1F3eMUu0Lw,true,SV_5nV942MJGubDmqq,213,1,cloudresearch,America/Chicago,2026-06-05,25,White or Caucasian,Non-binary,1 to 3 years,"Some college, no degree",false,Employee - Full-Time (30 to 40+ hrs/week),second_shift,4,4,3,4,4,2,1,2,2,2,1,1,1,1,2,2,1,1,2,4,1,3,3,2,2,2,1,1,1,1,1,1,1,2,1,1,1,3,1,1,1,1,2,4,3,1,1,2,2,5,5,5,5,0,2,1,3.8,1.8,1.2,1.5,4,1,3.0,1.5,1.2,1.0,1.5,2.5,1.5,5.0,1,5
R_7kRNS1F3eMUu0Lw,true,SV_eRKl4lgMZDAurT8,221,2,cloudresearch,America/Chicago,2026-06-05,25,White or Caucasian,Non-binary,1 to 3 years,"Some college, no degree",false,Employee - Full-Time (30 to 40+ hrs/week),second_shift,4,4,3,4,4,2,1,2,2,2,1,1,1,1,2,2,1,1,2,4,1,3,3,2,2,,1,1,1,2,2,2,2,2,1,2,1,4,1,1,1,2,3,4,1,1,1,2,2,5,5,5,5,1,30,1,3.8,1.8,1.2,1.5,4,1,3.0,,2.0,1.3333333333333333,1.75,2.5,1.5,5.0,1,
R_7kRNS1F3eMUu0Lw,true,SV_6J3svun1r97AAHc,163,3,cloudresearch,America/Chicago,2026-06-05,25,White or Caucasian,Non-binary,1 to 3 years,"Some college, no degree",false,Employee - Full-Time (30 to 40+ hrs/week),second_shift,4,4,3,4,4,2,1,2,2,2,1,1,1,1,2,2,1,1,2,4,1,3,3,2,2,,1,2,1,2,2,2,2,1,1,2,1,1,1,1,1,1,2,3,2,1,1,1,1,5,5,5,5,0,0,1,3.8,1.8,1.2,1.5,4,1,3.0,,1.8,1.3333333333333333,1.0,2.0,1.0,5.0,1,
R_7nvtqrZ7LpoBkbv,true,SV_5nV942MJGubDmqq,298,1,cloudresearch,America/New_York,2026-06-05,29,White or Caucasian,Woman,1 to 3 years,Bachelor's degree,true,Employee - Full-Time (30 to 40+ hrs/week),first_shift,5,3,5,5,5,1,1,1,1,1,1,1,1,1,1,1,1,1,1,5,2,3,3,1,1,1,1,1,1,1,1,1,1,1,1,1,1,1,1,1,1,1,1,1,1,1,1,1,1,5,5,5,5,1,18,1,4.6,1.0,1.0,1.0,5,2,3.0,1.0,1.0,1.0,1.0,1.0,1.0,5.0,1,5
R_7nvtqrZ7LpoBkbv,true,SV_eRKl4lgMZDAurT8,300,2,cloudresearch,America/New_York,2026-06-05,29,White or Caucasian,Woman,1 to 3 years,Bachelor's degree,true,Employee - Full-Time (30 to 40+ hrs/week),first_shift,5,3,5,5,5,1,1,1,1,1,1,1,1,1,1,1,1,1,1,5,2,3,3,1,1,,1,1,1,1,1,1,1,1,1,1,1,1,1,1,1,1,1,1,1,1,1,1,1,5,5,5,5,0,0,1,4.6,1.0,1.0,1.0,5,2,3.0,,1.0,1.0,1.0,1.0,1.0,5.0,1,
R_7nvtqrZ7LpoBkbv,true,SV_6J3svun1r97AAHc,78,3,cloudresearch,America/New_York,2026-06-05,29,White or Caucasian,Woman,1 to 3 years,Bachelor's degree,true,Employee - Full-Time (30 to 40+ hrs/week),first_shift,5,3,5,5,5,1,1,1,1,1,1,1,1,1,1,1,1,1,1,5,2,3,3,1,1,,1,1,1,1,1,1,1,1,1,1,1,1,1,1,1,1,1,1,1,1,1,1,1,5,5,5,5,0,0,1,4.6,1.0,1.0,1.0,5,2,3.0,,1.0,1.0,1.0,1.0,1.0,5.0,1,
R_7rZOXBpyPIiPpAC,true,SV_5nV942MJGubDmqq,173,1,cloudresearch,America/Los_Angeles,2026-06-05,29,Hispanic or Latino,Man,3 to 5 years,"Some college, no degree",false,Employee - Full-Time (30 to 40+ hrs/week),first_shift,4,3,4,3,3,2,2,1,2,2,3,3,2,3,2,2,1,1,1,4,5,3,3,1,1,1,1,1,2,1,1,1,1,1,1,1,1,1,1,1,1,1,1,1,1,2,1,1,1,5,5,5,5,0,0,1,3.4,1.8,2.6,1.25,4,5,3.0,1.1666666666666667,1.0,1.0,1.0,1.0,1.25,5.0,1,4
R_7rZOXBpyPIiPpAC,true,SV_eRKl4lgMZDAurT8,189,2,cloudresearch,America/Los_Angeles,2026-06-05,29,Hispanic or Latino,Man,3 to 5 years,"Some college, no degree",false,Employee - Full-Time (30 to 40+ hrs/week),first_shift,4,3,4,3,3,2,2,1,2,2,3,3,2,3,2,2,1,1,1,4,5,3,3,1,1,,1,1,1,1,1,1,1,1,1,1,1,1,1,1,1,1,2,1,1,2,1,1,1,5,5,5,5,1,30,1,3.4,1.8,2.6,1.25,4,5,3.0,,1.0,1.0,1.0,1.25,1.25,5.0,1,
R_7rZOXBpyPIiPpAC,true,SV_6J3svun1r97AAHc,393,3,cloudresearch,America/Los_Angeles,2026-06-05,29,Hispanic or Latino,Man,3 to 5 years,"Some college, no degree",false,Employee - Full-Time (30 to 40+ hrs/week),first_shift,4,3,4,3,3,2,2,1,2,2,3,3,2,3,2,2,1,1,1,4,5,3,3,1,1,,1,1,1,2,2,1,1,1,1,1,1,1,2,1,1,1,1,1,1,1,2,1,1,5,5,5,5,2,30,1,3.4,1.8,2.6,1.25,4,5,3.0,,1.4,1.0,1.25,1.0,1.25,5.0,1,
R_7syJRfrAqjpIQLk,true,SV_5nV942MJGubDmqq,219,1,cloudresearch,America/New_York,2026-06-05,39,Two or more races,Woman,1 to 3 years,Master's degree,true,Independent Contractor or Freelancer (1099),first_shift,4,3,4,4,3,3,1,2,3,3,1,3,3,1,2,1,1,2,3,2,1,5,4,3,3,3,2,1,3,3,3,3,3,3,1,1,1,4,4,3,4,4,5,2,4,3,4,1,1,4,4,4,4,1,30,2,3.6,2.4,2.0,1.75,2,1,4.5,2.5,3.0,1.0,3.75,3.75,2.25,4.0,2,2
R_7syJRfrAqjpIQLk,true,SV_eRKl4lgMZDAurT8,200,2,cloudresearch,America/New_York,2026-06-05,39,Two or more races,Woman,1 to 3 years,Master's degree,true,Independent Contractor or Freelancer (1099),first_shift,4,3,4,4,3,3,1,2,3,3,1,3,3,1,2,1,1,2,3,2,1,5,4,4,3,,3,3,3,3,4,3,3,3,2,2,2,4,3,3,2,5,4,3,4,1,4,2,1,4,4,4,4,1,15,2,3.6,2.4,2.0,1.75,2,1,4.5,,3.2,2.0,3.0,4.0,2.0,4.0,2,
R_7syJRfrAqjpIQLk,true,SV_6J3svun1r97AAHc,356,3,cloudresearch,America/New_York,2026-06-05,39,Two or more races,Woman,1 to 3 years,Master's degree,true,Independent Contractor or Freelancer (1099),first_shift,4,3,4,4,3,3,1,2,3,3,1,3,3,1,2,1,1,2,3,2,1,5,4,3,2,,3,2,3,2,2,3,3,3,2,3,3,4,3,4,2,5,5,3,4,1,4,2,3,4,4,4,4,2,35,3,3.6,2.4,2.0,1.75,2,1,4.5,,2.6,2.6666666666666665,3.25,4.25,2.5,4.0,3,
R_7zbtXn8MsULNBuB,true,SV_5nV942MJGubDmqq,968,1,cloudresearch,America/Chicago,2026-06-05,42,Hispanic or Latino,Woman,More than 5 years,Bachelor's degree,true,Employee - Full-Time (30 to 40+ hrs/week),early_shift,4,5,4,4,3,1,1,1,3,1,1,1,2,1,1,1,1,1,1,4,2,4,4,3,1,2,1,1,1,2,1,1,2,1,2,1,1,1,1,1,1,1,1,1,1,1,1,1,1,4,4,4,4,2,45,1,4.0,1.4,1.2,1.0,4,2,4.0,1.5,1.4,1.3333333333333333,1.0,1.0,1.0,4.0,1,4
R_7zbtXn8MsULNBuB,true,SV_eRKl4lgMZDAurT8,353,2,cloudresearch,America/Chicago,2026-06-05,42,Hispanic or Latino,Woman,More than 5 years,Bachelor's degree,true,Employee - Full-Time (30 to 40+ hrs/week),early_shift,4,5,4,4,3,1,1,1,3,1,1,1,2,1,1,1,1,1,1,4,2,4,4,2,1,,1,1,1,1,1,1,1,1,1,1,1,1,1,1,1,1,1,4,1,1,1,1,1,4,4,4,4,1,60,1,4.0,1.4,1.2,1.0,4,2,4.0,,1.0,1.0,1.0,1.75,1.0,4.0,1,
R_7zbtXn8MsULNBuB,true,SV_6J3svun1r97AAHc,226,3,cloudresearch,America/Chicago,2026-06-05,42,Hispanic or Latino,Woman,More than 5 years,Bachelor's degree,true,Employee - Full-Time (30 to 40+ hrs/week),early_shift,4,5,4,4,3,1,1,1,3,1,1,1,2,1,1,1,1,1,1,4,2,4,4,1,1,,1,1,1,1,1,1,1,1,1,1,1,1,1,1,1,1,1,4,1,1,1,1,1,4,4,4,4,0,0,1,4.0,1.4,1.2,1.0,4,2,4.0,,1.0,1.0,1.0,1.75,1.0,4.0,1,
R_11cIFkE1R1xfyjT,true,SV_5nV942MJGubDmqq,239,1,cloudresearch,America/New_York,2026-06-04,49,White or Caucasian,Man,3 to 5 years,Bachelor's degree,true,Employee - Full-Time (30 to 40+ hrs/week),first_shift,3,3,3,4,4,3,1,2,2,2,1,2,2,2,1,1,1,1,1,5,1,3,3,1,1,1,1,1,1,1,1,1,1,1,1,1,1,1,1,1,1,1,1,3,3,1,1,1,1,5,5,5,5,1,9,1,3.4,2.0,1.6,1.0,5,1,3.0,1.0,1.0,1.0,1.0,2.0,1.0,5.0,1,5
R_11cIFkE1R1xfyjT,true,SV_eRKl4lgMZDAurT8,152,2,cloudresearch,America/New_York,2026-06-04,49,White or Caucasian,Man,3 to 5 years,Bachelor's degree,true,Employee - Full-Time (30 to 40+ hrs/week),first_shift,3,3,3,4,4,3,1,2,2,2,1,2,2,2,1,1,1,1,1,5,1,3,3,1,1,,1,1,1,1,1,1,1,1,1,1,1,1,1,1,1,2,1,1,3,1,1,1,1,5,5,5,5,1,35,1,3.4,2.0,1.6,1.0,5,1,3.0,,1.0,1.0,1.0,1.75,1.0,5.0,1,
R_11cIFkE1R1xfyjT,true,SV_6J3svun1r97AAHc,134,3,cloudresearch,America/New_York,2026-06-04,49,White or Caucasian,Man,3 to 5 years,Bachelor's degree,true,Employee - Full-Time (30 to 40+ hrs/week),first_shift,3,3,3,4,4,3,1,2,2,2,1,2,2,2,1,1,1,1,1,5,1,3,3,1,1,,1,1,1,1,2,1,2,2,1,1,1,1,1,1,1,1,1,4,1,1,1,1,1,5,5,5,5,0,0,1,3.4,2.0,1.6,1.0,5,1,3.0,,1.6,1.0,1.0,1.75,1.0,5.0,1,
R_14ksdDqc5eH8Yww,true,SV_5nV942MJGubDmqq,268,1,cloudresearch,America/New_York,2026-06-04,49,White or Caucasian,Man,More than 5 years,Master's degree,false,Independent Contractor or Freelancer (1099),first_shift,5,3,5,5,5,2,1,1,2,1,1,1,1,1,1,1,1,1,1,4,2,2,3,2,1,1,1,1,1,1,1,1,1,1,1,1,1,1,1,1,1,1,1,2,2,1,1,1,2,4,4,4,4,2,65,1,4.6,1.4,1.0,1.0,4,2,2.5,1.1666666666666667,1.0,1.0,1.0,1.5,1.25,4.0,1,4
R_14ksdDqc5eH8Yww,true,SV_eRKl4lgMZDAurT8,157,2,cloudresearch,America/New_York,2026-06-04,49,White or Caucasian,Man,More than 5 years,Master's degree,false,Independent Contractor or Freelancer (1099),first_shift,5,3,5,5,5,2,1,1,2,1,1,1,1,1,1,1,1,1,1,4,2,2,3,1,1,,1,1,1,1,1,1,1,1,1,1,1,1,1,1,1,1,1,2,2,1,1,1,2,4,4,4,4,3,91,1,4.6,1.4,1.0,1.0,4,2,2.5,,1.0,1.0,1.0,1.5,1.25,4.0,1,
R_14ksdDqc5eH8Yww,true,SV_6J3svun1r97AAHc,315,3,cloudresearch,America/New_York,2026-06-04,49,White or Caucasian,Man,More than 5 years,Master's degree,false,Independent Contractor or Freelancer (1099),first_shift,5,3,5,5,5,2,1,1,2,1,1,1,1,1,1,1,1,1,1,4,2,2,3,2,1,,1,1,2,1,1,1,1,1,1,1,1,1,1,1,1,1,1,2,2,1,1,1,2,4,4,4,4,0,0,1,4.6,1.4,1.0,1.0,4,2,2.5,,1.0,1.0,1.0,1.5,1.25,4.0,1,
R_166eBIfp8na81TX,true,SV_5nV942MJGubDmqq,238,1,cloudresearch,America/Chicago,2026-06-04,49,White or Caucasian,Man,More than 5 years,Bachelor's degree,false,Employee - Full-Time (30 to 40+ hrs/week),second_shift,4,3,4,4,4,2,2,2,2,2,2,2,2,2,2,1,1,1,2,4,2,3,3,1,1,1,1,1,1,1,1,1,1,1,1,1,1,1,1,1,1,2,2,4,4,1,1,1,1,5,5,5,5,0,0,1,3.8,2.0,2.0,1.25,4,2,3.0,1.0,1.0,1.0,1.0,3.0,1.0,5.0,1,5
R_166eBIfp8na81TX,true,SV_eRKl4lgMZDAurT8,245,2,cloudresearch,America/Chicago,2026-06-04,49,White or Caucasian,Man,More than 5 years,Bachelor's degree,false,Employee - Full-Time (30 to 40+ hrs/week),second_shift,4,3,4,4,4,2,2,2,2,2,2,2,2,2,2,1,1,1,2,4,2,3,3,2,2,,1,1,1,2,2,1,2,2,1,1,1,2,1,1,2,2,2,4,4,1,1,1,1,5,5,5,5,2,50,1,3.8,2.0,2.0,1.25,4,2,3.0,,1.8,1.0,1.5,3.0,1.0,5.0,1,
R_166eBIfp8na81TX,true,SV_6J3svun1r97AAHc,269,3,cloudresearch,America/Chicago,2026-06-04,49,White or Caucasian,Man,More than 5 years,Bachelor's degree,false,Employee - Full-Time (30 to 40+ hrs/week),second_shift,4,3,4,4,4,2,2,2,2,2,2,2,2,2,2,1,1,1,2,4,2,3,3,3,4,,1,2,1,3,4,2,3,2,1,2,1,3,1,2,2,4,4,4,4,2,2,1,2,5,5,5,5,1,30,2,3.8,2.0,2.0,1.25,4,2,3.0,,2.8,1.3333333333333333,2.0,4.0,1.75,5.0,2,
R_17E1SYPM3hOJvYR,true,SV_5nV942MJGubDmqq,267,1,cloudresearch,America/New_York,2026-06-04,27,White or Caucasian,Man,1 to 3 years,Bachelor's degree,false,Employee - Full-Time (30 to 40+ hrs/week),first_shift,4,2,4,4,3,3,1,2,3,2,1,4,1,1,1,1,1,2,1,4,1,3,2,2,1,1,1,1,1,1,1,1,2,1,1,1,1,1,2,1,1,1,1,4,3,1,1,1,3,4,5,4,5,1,45,1,3.4,2.2,1.6,1.25,4,1,2.5,1.1666666666666667,1.2,1.0,1.25,2.25,1.5,4.5,1,4
R_17E1SYPM3hOJvYR,true,SV_eRKl4lgMZDAurT8,200,2,cloudresearch,America/New_York,2026-06-04,27,White or Caucasian,Man,1 to 3 years,Bachelor's degree,false,Employee - Full-Time (30 to 40+ hrs/week),first_shift,4,2,4,4,3,3,1,2,3,2,1,4,1,1,1,1,1,2,1,4,1,3,2,2,1,,1,1,1,2,2,1,2,1,1,1,1,2,1,1,1,1,2,4,4,1,1,2,1,4,5,4,5,1,60,1,3.4,2.2,1.6,1.25,4,1,2.5,,1.6,1.0,1.25,2.75,1.25,4.5,1,
R_17E1SYPM3hOJvYR,true,SV_6J3svun1r97AAHc,153,3,cloudresearch,America/New_York,2026-06-04,27,White or Caucasian,Man,1 to 3 years,Bachelor's degree,false,Employee - Full-Time (30 to 40+ hrs/week),first_shift,4,2,4,4,3,3,1,2,3,2,1,4,1,1,1,1,1,2,1,4,1,3,2,2,1,,1,1,1,2,2,1,2,1,1,1,1,1,1,1,1,2,3,4,1,1,1,1,1,4,5,4,5,1,15,1,3.4,2.2,1.6,1.25,4,1,2.5,,1.6,1.0,1.0,2.5,1.0,4.5,1,
R_1D6qrbQpSNqlHD4,true,SV_5nV942MJGubDmqq,116,1,cloudresearch,America/New_York,2026-06-04,28,White or Caucasian,Woman,3 to 5 years,Master's degree,true,Employee - Full-Time (30 to 40+ hrs/week),first_shift,4,2,4,4,5,2,3,1,3,2,1,2,2,1,2,1,1,1,1,5,2,3,3,4,2,3,2,2,1,1,1,1,1,2,1,1,1,2,1,1,2,1,2,4,2,1,1,1,2,5,5,5,5,1,59,1,3.8,2.2,1.6,1.0,5,2,3.0,2.3333333333333335,1.2,1.0,1.5,2.25,1.25,5.0,1,4
R_1D6qrbQpSNqlHD4,true,SV_eRKl4lgMZDAurT8,86,2,cloudresearch,America/New_York,2026-06-04,28,White or Caucasian,Woman,3 to 5 years,Master's degree,true,Employee - Full-Time (30 to 40+ hrs/week),first_shift,4,2,4,4,5,2,3,1,3,2,1,2,2,1,2,1,1,1,1,5,2,3,3,4,2,,1,1,1,1,1,2,2,1,2,1,2,1,1,1,1,1,2,1,1,1,1,1,1,5,5,5,5,2,111,1,3.8,2.2,1.6,1.0,5,2,3.0,,1.4,1.6666666666666667,1.0,1.25,1.0,5.0,1,
R_1D6qrbQpSNqlHD4,true,SV_6J3svun1r97AAHc,72,3,cloudresearch,America/New_York,2026-06-04,28,White or Caucasian,Woman,3 to 5 years,Master's degree,true,Employee - Full-Time (30 to 40+ hrs/week),first_shift,4,2,4,4,5,2,3,1,3,2,1,2,2,1,2,1,1,1,1,5,2,3,3,4,4,,1,2,1,1,1,2,1,1,2,2,1,1,1,2,2,1,1,1,1,1,1,1,1,5,5,5,5,4,178,1,3.8,2.2,1.6,1.0,5,2,3.0,,1.2,1.6666666666666667,1.5,1.0,1.0,5.0,1,
R_1Hnl75vxwBhBQJj,false,SV_5nV942MJGubDmqq,394,1,snowball,America/New_York,2026-06-04,30,White or Caucasian,Man,3 to 5 years,Professional or doctorate degree,true,Employee - Full-Time (30 to 40+ hrs/week),first_shift,5,3,5,4,5,2,1,3,3,2,1,1,1,1,1,1,1,1,2,4,3,2,1,2,1,1,2,1,1,2,1,1,1,1,2,2,2,1,1,1,1,3,1,4,1,1,1,1,1,5,5,5,5,0,0,1,4.4,2.2,1.0,1.25,4,3,1.5,1.3333333333333333,1.2,2.0,1.0,2.25,1.0,5.0,1,5
R_1Hnl75vxwBhBQJj,false,SV_eRKl4lgMZDAurT8,322,2,snowball,America/New_York,2026-06-04,30,White or Caucasian,Man,3 to 5 years,Professional or doctorate degree,true,Employee - Full-Time (30 to 40+ hrs/week),first_shift,5,3,5,4,5,2,1,3,3,2,1,1,1,1,1,1,1,1,2,4,3,2,1,1,2,,2,1,1,2,2,1,1,1,1,2,2,1,1,1,2,3,4,4,3,1,2,2,1,5,5,5,5,2,80,1,4.4,2.2,1.0,1.25,4,3,1.5,,1.4,1.6666666666666667,1.25,3.5,1.5,5.0,1,
R_1Hnl75vxwBhBQJj,false,SV_6J3svun1r97AAHc,199,3,snowball,America/New_York,2026-06-04,30,White or Caucasian,Man,3 to 5 years,Professional or doctorate degree,true,Employee - Full-Time (30 to 40+ hrs/week),first_shift,5,3,5,4,5,2,1,3,3,2,1,1,1,1,1,1,1,1,2,4,3,2,1,2,1,,3,1,2,1,1,1,1,1,1,3,2,1,1,1,1,2,4,3,4,2,2,3,1,5,5,5,5,1,31,2,4.4,2.2,1.0,1.25,4,3,1.5,,1.0,2.0,1.0,3.25,2.0,5.0,2,
R_1HvJckqZ5TjFwwr,true,SV_5nV942MJGubDmqq,214,1,cloudresearch,America/New_York,2026-06-04,41,White or Caucasian,Man,More than 5 years,Bachelor's degree,false,Employee - Full-Time (30 to 40+ hrs/week),early_shift,3,2,2,4,3,3,1,2,3,2,1,1,1,1,1,1,1,1,1,5,1,2,2,3,3,3,2,3,2,3,3,2,2,3,1,2,1,1,1,1,1,1,3,1,3,2,1,2,1,5,5,5,5,0,0,1,2.8,2.2,1.0,1.0,5,1,2.0,2.6666666666666665,2.6,1.3333333333333333,1.0,2.0,1.5,5.0,1,4
R_1HvJckqZ5TjFwwr,true,SV_eRKl4lgMZDAurT8,174,2,cloudresearch,America/New_York,2026-06-04,41,White or Caucasian,Man,More than 5 years,Bachelor's degree,false,Employee - Full-Time (30 to 40+ hrs/week),early_shift,3,2,2,4,3,3,1,2,3,2,1,1,1,1,1,1,1,1,1,5,1,2,2,4,3,,3,4,2,4,3,2,3,2,1,2,1,1,1,1,3,1,4,1,4,1,1,1,1,5,5,5,5,0,0,1,2.8,2.2,1.0,1.0,5,1,2.0,,2.8,1.3333333333333333,1.5,2.5,1.0,5.0,1,
R_1HvJckqZ5TjFwwr,true,SV_6J3svun1r97AAHc,238,3,cloudresearch,America/New_York,2026-06-04,41,White or Caucasian,Man,More than 5 years,Bachelor's degree,false,Employee - Full-Time (30 to 40+ hrs/week),early_shift,3,2,2,4,3,3,1,2,3,2,1,1,1,1,1,1,1,1,1,5,1,2,2,3,3,,2,3,3,3,4,3,3,2,1,1,1,2,1,4,1,2,4,3,4,1,2,1,1,5,5,5,5,1,24,1,2.8,2.2,1.0,1.0,5,1,2.0,,3.0,1.0,2.0,3.25,1.25,5.0,1,
R_1I6YY9Y9yaSvuwN,true,SV_5nV942MJGubDmqq,235,1,cloudresearch,America/New_York,2026-06-04,44,White or Caucasian,Woman,Less than a year,Master's degree,true,Employee - Full-Time (30 to 40+ hrs/week),second_shift,4,3,4,4,4,3,1,2,4,2,1,1,1,1,1,1,1,1,1,4,2,4,4,3,3,3,1,1,1,2,2,3,5,2,1,2,2,2,1,2,2,4,4,5,5,1,1,1,1,4,4,4,4,1,21,2,3.8,2.4,1.0,1.0,4,2,4.0,2.0,2.8,1.6666666666666667,1.75,4.5,1.0,4.0,2,2
R_1I6YY9Y9yaSvuwN,true,SV_eRKl4lgMZDAurT8,145,2,cloudresearch,America/New_York,2026-06-04,44,White or Caucasian,Woman,Less than a year,Master's degree,true,Employee - Full-Time (30 to 40+ hrs/week),second_shift,4,3,4,4,4,3,1,2,4,2,1,1,1,1,1,1,1,1,1,4,2,4,4,2,2,,1,1,1,2,2,2,2,1,1,1,1,1,1,1,2,5,2,5,4,1,1,1,1,4,4,4,4,0,0,1,3.8,2.4,1.0,1.0,4,2,4.0,,1.8,1.0,1.25,4.0,1.0,4.0,1,
R_1I6YY9Y9yaSvuwN,true,SV_6J3svun1r97AAHc,136,3,cloudresearch,America/New_York,2026-06-04,44,White or Caucasian,Woman,Less than a year,Master's degree,true,Employee - Full-Time (30 to 40+ hrs/week),second_shift,4,3,4,4,4,3,1,2,4,2,1,1,1,1,1,1,1,1,1,4,2,4,4,2,2,,1,1,1,1,1,1,1,1,1,1,1,2,2,1,2,4,4,5,4,1,1,1,1,4,4,4,4,1,25,1,3.8,2.4,1.0,1.0,4,2,4.0,,1.0,1.0,1.75,4.25,1.0,4.0,1,
R_1IZxeHc6W1wBXgL,true,SV_5nV942MJGubDmqq,107,1,cloudresearch,America/New_York,2026-06-04,24,Asian,Woman,More than 5 years,Bachelor's degree,true,Employee - Full-Time (30 to 40+ hrs/week),first_shift,3,3,4,4,4,2,1,2,4,3,1,1,1,1,1,1,1,1,1,4,2,2,2,5,5,5,1,5,5,5,3,3,3,5,1,1,1,1,1,1,1,1,1,1,1,1,1,1,1,5,5,5,5,1,23,1,3.6,2.4,1.0,1.0,4,2,2.0,4.333333333333333,3.8,1.0,1.0,1.0,1.0,5.0,1,5
R_1IZxeHc6W1wBXgL,true,SV_eRKl4lgMZDAurT8,89,2,cloudresearch,America/New_York,2026-06-04,24,Asian,Woman,More than 5 years,Bachelor's degree,true,Employee - Full-Time (30 to 40+ hrs/week),first_shift,3,3,4,4,4,2,1,2,4,3,1,1,1,1,1,1,1,1,1,4,2,2,2,5,5,,1,5,5,5,5,5,5,5,1,1,1,1,1,1,1,1,1,1,4,1,1,1,1,5,5,5,5,0,0,1,3.6,2.4,1.0,1.0,4,2,2.0,,5.0,1.0,1.0,1.75,1.0,5.0,1,
R_1IZxeHc6W1wBXgL,true,SV_6J3svun1r97AAHc,105,3,cloudresearch,America/New_York,2026-06-04,24,Asian,Woman,More than 5 years,Bachelor's degree,true,Employee - Full-Time (30 to 40+ hrs/week),first_shift,3,3,4,4,4,2,1,2,4,3,1,1,1,1,1,1,1,1,1,4,2,2,2,5,5,,3,5,5,5,5,5,5,5,1,1,1,1,1,1,1,1,1,1,1,1,1,1,1,5,5,5,5,0,0,1,3.6,2.4,1.0,1.0,4,2,2.0,,5.0,1.0,1.0,1.0,1.0,5.0,1,
R_1QE2t2lfKk42zMd,true,SV_5nV942MJGubDmqq,2009,1,cloudresearch,America/New_York,2026-06-04,42,White or Caucasian,Woman,More than 5 years,Master's degree,true,Employee - Full-Time (30 to 40+ hrs/week),first_shift,4,3,4,4,4,3,1,2,3,2,1,1,1,1,1,1,1,1,1,5,1,2,2,2,2,2,2,1,1,2,2,2,2,2,1,1,1,4,1,1,2,1,4,1,4,1,1,1,2,5,5,5,5,0,0,1,3.8,2.2,1.0,1.0,5,1,2.0,1.6666666666666667,2.0,1.0,2.0,2.5,1.25,5.0,1,5
R_1QE2t2lfKk42zMd,true,SV_eRKl4lgMZDAurT8,115,2,cloudresearch,America/New_York,2026-06-04,42,White or Caucasian,Woman,More than 5 years,Master's degree,true,Employee - Full-Time (30 to 40+ hrs/week),first_shift,4,3,4,4,4,3,1,2,3,2,1,1,1,1,1,1,1,1,1,5,1,2,2,2,2,,1,1,1,1,1,1,1,1,1,1,1,1,1,1,1,1,1,1,1,1,1,1,1,5,5,5,5,0,0,1,3.8,2.2,1.0,1.0,5,1,2.0,,1.0,1.0,1.0,1.0,1.0,5.0,1,
R_1QE2t2lfKk42zMd,true,SV_6J3svun1r97AAHc,120,3,cloudresearch,America/New_York,2026-06-04,42,White or Caucasian,Woman,More than 5 years,Master's degree,true,Employee - Full-Time (30 to 40+ hrs/week),first_shift,4,3,4,4,4,3,1,2,3,2,1,1,1,1,1,1,1,1,1,5,1,2,2,2,3,,1,1,1,2,2,2,2,2,1,1,1,1,1,1,1,1,1,1,1,1,1,1,1,5,5,5,5,0,0,1,3.8,2.2,1.0,1.0,5,1,2.0,,2.0,1.0,1.0,1.0,1.0,5.0,1,
R_1Ra0FA0W317TeJF,true,SV_5nV942MJGubDmqq,770,1,cloudresearch,America/Chicago,2026-06-04,34,White or Caucasian,Woman,More than 5 years,Professional or doctorate degree,false,Employee - Full-Time (30 to 40+ hrs/week),early_shift,5,4,5,5,5,1,1,1,2,1,1,1,2,1,3,1,1,1,1,5,1,3,3,2,1,2,1,1,1,1,1,1,1,1,1,1,2,1,1,1,1,1,1,1,1,1,1,1,1,4,4,4,4,1,20,1,4.8,1.2,1.6,1.0,5,1,3.0,1.3333333333333333,1.0,1.3333333333333333,1.0,1.0,1.0,4.0,1,5
R_1Ra0FA0W317TeJF,true,SV_eRKl4lgMZDAurT8,244,2,cloudresearch,America/Chicago,2026-06-04,34,White or Caucasian,Woman,More than 5 years,Professional or doctorate degree,false,Employee - Full-Time (30 to 40+ hrs/week),early_shift,5,4,5,5,5,1,1,1,2,1,1,1,2,1,3,1,1,1,1,5,1,3,3,2,1,,1,1,1,1,1,1,1,1,1,1,1,1,1,1,1,1,1,1,1,1,1,1,3,4,4,4,4,0,0,1,4.8,1.2,1.6,1.0,5,1,3.0,,1.0,1.0,1.0,1.0,1.5,4.0,1,
R_1Ra0FA0W317TeJF,true,SV_6J3svun1r97AAHc,150,3,cloudresearch,America/Chicago,2026-06-04,34,White or Caucasian,Woman,More than 5 years,Professional or doctorate degree,false,Employee - Full-Time (30 to 40+ hrs/week),early_shift,5,4,5,5,5,1,1,1,2,1,1,1,2,1,3,1,1,1,1,5,1,3,3,3,2,,1,3,1,2,2,2,3,3,1,1,1,1,1,1,1,1,1,1,1,1,1,1,3,4,4,4,4,0,0,1,4.8,1.2,1.6,1.0,5,1,3.0,,2.4,1.0,1.0,1.0,1.5,4.0,1,
R_1Xpq43Wxon98fGV,true,SV_5nV942MJGubDmqq,359,1,cloudresearch,America/New_York,2026-06-04,45,White or Caucasian,Woman,1 to 3 years,Master's degree,false,Employee - Full-Time (30 to 40+ hrs/week),first_shift,4,3,4,4,3,2,2,2,2,2,1,1,1,1,1,2,1,1,4,2,1,3,3,1,1,1,1,1,1,1,1,1,1,1,1,1,1,2,1,1,1,5,5,5,4,1,1,4,1,5,5,5,5,0,2,1,3.6,2.0,1.0,2.0,2,1,3.0,1.0,1.0,1.0,1.25,4.75,1.75,5.0,1,4
R_1Xpq43Wxon98fGV,true,SV_eRKl4lgMZDAurT8,565,2,cloudresearch,America/New_York,2026-06-04,45,White or Caucasian,Woman,1 to 3 years,Master's degree,false,Employee - Full-Time (30 to 40+ hrs/week),first_shift,4,3,4,4,3,2,2,2,2,2,1,1,1,1,1,2,1,1,4,2,1,3,3,1,1,,1,1,1,1,1,1,1,1,1,1,1,1,1,1,1,4,4,5,4,1,4,4,1,5,5,5,5,0,2,1,3.6,2.0,1.0,2.0,2,1,3.0,,1.0,1.0,1.0,4.25,2.5,5.0,1,
R_1Xpq43Wxon98fGV,true,SV_6J3svun1r97AAHc,623,3,cloudresearch,America/New_York,2026-06-04,45,White or Caucasian,Woman,1 to 3 years,Master's degree,false,Employee - Full-Time (30 to 40+ hrs/week),first_shift,4,3,4,4,3,2,2,2,2,2,1,1,1,1,1,2,1,1,4,2,1,3,3,1,1,,1,1,1,1,1,1,1,1,1,1,1,1,1,1,1,4,4,4,5,1,2,4,1,5,5,5,5,0,0,1,3.6,2.0,1.0,2.0,2,1,3.0,,1.0,1.0,1.0,4.25,2.0,5.0,1,
R_1aheAqBSY4wBGeJ,true,SV_5nV942MJGubDmqq,248,1,cloudresearch,America/Chicago,2026-06-04,43,White or Caucasian,Man,3 to 5 years,"High school diploma or equivalent (e.g., GED)",false,Employee - Full-Time (30 to 40+ hrs/week),first_shift,4,3,4,4,3,1,2,1,2,2,2,1,2,1,2,1,2,2,3,4,3,4,3,2,1,1,1,1,2,1,2,1,2,1,1,1,1,1,1,1,3,2,3,4,1,1,1,1,1,4,4,4,4,1,21,1,3.6,1.6,1.6,2.0,4,3,3.5,1.3333333333333333,1.4,1.0,1.5,2.5,1.0,4.0,1,4
R_1aheAqBSY4wBGeJ,true,SV_eRKl4lgMZDAurT8,176,2,cloudresearch,America/Chicago,2026-06-04,43,White or Caucasian,Man,3 to 5 years,"High school diploma or equivalent (e.g., GED)",false,Employee - Full-Time (30 to 40+ hrs/week),first_shift,4,3,4,4,3,1,2,1,2,2,2,1,2,1,2,1,2,2,3,4,3,4,3,3,2,,1,1,2,2,1,2,1,2,1,1,1,1,1,1,1,1,1,4,3,1,1,1,1,4,4,4,4,1,6,1,3.6,1.6,1.6,2.0,4,3,3.5,,1.6,1.0,1.0,2.25,1.0,4.0,1,
R_1aheAqBSY4wBGeJ,true,SV_6J3svun1r97AAHc,165,3,cloudresearch,America/Chicago,2026-06-04,43,White or Caucasian,Man,3 to 5 years,"High school diploma or equivalent (e.g., GED)",false,Employee - Full-Time (30 to 40+ hrs/week),first_shift,4,3,4,4,3,1,2,1,2,2,2,1,2,1,2,1,2,2,3,4,3,4,3,3,3,,2,3,3,1,2,2,2,2,1,1,1,3,1,4,3,3,1,3,4,1,1,3,3,3,3,3,4,1,6,1,3.6,1.6,1.6,2.0,4,3,3.5,,1.8,1.0,2.75,2.75,2.0,3.25,1,
R_1dRYFTyDFBD4V9f,true,SV_5nV942MJGubDmqq,204,1,cloudresearch,America/New_York,2026-06-04,41,White or Caucasian,Man,3 to 5 years,"Some college, no degree",false,Employee - Full-Time (30 to 40+ hrs/week),second_shift,3,2,3,3,3,3,1,2,4,1,4,4,4,4,4,4,3,3,4,1,2,4,4,2,2,1,1,2,3,2,2,2,3,2,1,2,1,4,2,1,1,4,4,4,2,1,4,2,1,4,4,4,4,0,0,1,2.8,2.2,4.0,3.5,1,2,4.0,1.8333333333333333,2.2,1.3333333333333333,2.0,3.5,2.0,4.0,1,2
R_1dRYFTyDFBD4V9f,true,SV_eRKl4lgMZDAurT8,176,2,cloudresearch,America/New_York,2026-06-04,41,White or Caucasian,Man,3 to 5 years,"Some college, no degree",false,Employee - Full-Time (30 to 40+ hrs/week),second_shift,3,2,3,3,3,3,1,2,4,1,4,4,4,4,4,4,3,3,4,1,2,4,4,3,3,,2,2,2,2,2,2,2,3,2,2,2,2,1,2,2,4,2,4,4,2,4,2,3,4,4,4,4,0,0,2,2.8,2.2,4.0,3.5,1,2,4.0,,2.2,2.0,1.75,3.5,2.75,4.0,2,
R_1dRYFTyDFBD4V9f,true,SV_6J3svun1r97AAHc,147,3,cloudresearch,America/New_York,2026-06-04,41,White or Caucasian,Man,3 to 5 years,"Some college, no degree",false,Employee - Full-Time (30 to 40+ hrs/week),second_shift,3,2,3,3,3,3,1,2,4,1,4,4,4,4,4,4,3,3,4,1,2,4,4,4,3,,1,3,3,2,2,3,3,2,2,2,2,2,2,2,2,4,4,5,4,2,4,2,1,4,4,4,4,0,0,2,2.8,2.2,4.0,3.5,1,2,4.0,,2.4,2.0,2.0,4.25,2.25,4.0,2,
R_1dh0bYSliCfk7Wo,true,SV_5nV942MJGubDmqq,102,1,cloudresearch,America/New_York,2026-06-04,35,White or Caucasian,Man,More than 5 years,Vocational training,true,Employee - Full-Time (30 to 40+ hrs/week),first_shift,4,3,5,5,4,2,1,1,3,2,1,1,1,1,1,1,1,1,1,5,1,1,1,5,5,5,3,5,1,5,5,1,5,1,1,1,1,1,1,1,1,1,1,4,4,1,1,1,1,4,4,4,4,0,0,1,4.2,1.8,1.0,1.0,5,1,1.0,4.0,3.4,1.0,1.0,2.5,1.0,4.0,1,5
R_1dh0bYSliCfk7Wo,true,SV_eRKl4lgMZDAurT8,102,2,cloudresearch,America/New_York,2026-06-04,35,White or Caucasian,Man,More than 5 years,Vocational training,true,Employee - Full-Time (30 to 40+ hrs/week),first_shift,4,3,5,5,4,2,1,1,3,2,1,1,1,1,1,1,1,1,1,5,1,1,1,5,3,,1,5,1,1,3,3,3,3,1,1,1,1,1,1,1,2,1,4,4,1,1,1,1,4,4,4,4,1,10,1,4.2,1.8,1.0,1.0,5,1,1.0,,2.6,1.0,1.0,2.75,1.0,4.0,1,
R_1dh0bYSliCfk7Wo,true,SV_6J3svun1r97AAHc,92,3,cloudresearch,America/New_York,2026-06-04,35,White or Caucasian,Man,More than 5 years,Vocational training,true,Employee - Full-Time (30 to 40+ hrs/week),first_shift,4,3,5,5,4,2,1,1,3,2,1,1,1,1,1,1,1,1,1,5,1,1,1,5,5,,1,5,1,5,5,5,5,5,1,1,1,1,1,1,1,1,4,4,4,1,1,1,1,4,4,4,4,0,0,1,4.2,1.8,1.0,1.0,5,1,1.0,,5.0,1.0,1.0,3.25,1.0,4.0,1,
R_1gLt05852EEqFTP,true,SV_5nV942MJGubDmqq,243,1,cloudresearch,America/New_York,2026-06-04,44,White or Caucasian,Man,More than 5 years,Bachelor's degree,true,Employee - Full-Time (30 to 40+ hrs/week),first_shift,4,3,3,4,3,2,2,2,2,2,4,4,4,3,5,3,3,4,3,2,4,2,2,2,2,2,1,2,2,1,1,1,2,1,1,2,1,1,1,1,2,5,1,5,4,1,2,1,3,3,3,3,3,2,90,2,3.4,2.0,4.0,3.25,2,4,2.0,1.8333333333333333,1.2,1.3333333333333333,1.25,3.75,1.75,3.0,2,2
R_1gLt05852EEqFTP,true,SV_eRKl4lgMZDAurT8,243,2,cloudresearch,America/New_York,2026-06-04,44,White or Caucasian,Man,More than 5 years,Bachelor's degree,true,Employee - Full-Time (30 to 40+ hrs/week),first_shift,4,3,3,4,3,2,2,2,2,2,4,4,4,3,5,3,3,4,3,2,4,2,2,3,1,,2,3,2,2,1,1,1,1,2,2,2,1,1,2,1,3,2,5,4,1,4,2,2,3,3,3,3,2,80,2,3.4,2.0,4.0,3.25,2,4,2.0,,1.2,2.0,1.25,3.5,2.25,3.0,2,
R_1gLt05852EEqFTP,true,SV_6J3svun1r97AAHc,209,3,cloudresearch,America/New_York,2026-06-04,44,White or Caucasian,Man,More than 5 years,Bachelor's degree,true,Employee - Full-Time (30 to 40+ hrs/week),first_shift,4,3,3,4,3,2,2,2,2,2,4,4,4,3,5,3,3,4,3,2,4,2,2,5,5,,5,5,5,2,2,2,3,2,2,2,2,1,1,1,3,5,5,5,4,1,3,2,2,3,3,3,3,2,150,3,3.4,2.0,4.0,3.25,2,4,2.0,,2.2,2.0,1.5,4.75,2.0,3.0,3,
R_1n3gwLvuiPL0dif,true,SV_5nV942MJGubDmqq,237,1,cloudresearch,America/New_York,2026-06-04,48,White or Caucasian,Man,1 to 3 years,Professional or doctorate degree,false,Employee - Full-Time (30 to 40+ hrs/week),first_shift,4,2,5,5,4,3,1,1,2,1,5,5,4,4,4,2,4,4,5,2,3,4,4,3,1,2,,2,4,1,1,2,1,2,4,3,3,2,2,2,4,2,3,4,5,1,2,1,1,3,4,3,5,2,45,5,4.0,1.6,4.4,3.75,2,3,4.0,,1.4,3.3333333333333335,2.5,3.5,1.25,3.75,5,2
R_1n3gwLvuiPL0dif,true,SV_eRKl4lgMZDAurT8,242,2,cloudresearch,America/New_York,2026-06-04,48,White or Caucasian,Man,1 to 3 years,Professional or doctorate degree,false,Employee - Full-Time (30 to 40+ hrs/week),first_shift,4,2,5,5,4,3,1,1,2,1,5,5,4,4,4,2,4,4,5,2,3,4,4,1,1,,3,2,3,1,1,1,1,1,2,3,2,2,2,1,4,1,1,3,5,1,2,1,1,3,5,4,5,2,60,3,4.0,1.6,4.4,3.75,2,3,4.0,,1.0,2.3333333333333335,2.25,2.5,1.25,4.25,3,
R_1n3gwLvuiPL0dif,true,SV_6J3svun1r97AAHc,176,3,cloudresearch,America/New_York,2026-06-04,48,White or Caucasian,Man,1 to 3 years,Professional or doctorate degree,false,Employee - Full-Time (30 to 40+ hrs/week),first_shift,4,2,5,5,4,3,1,1,2,1,5,5,4,4,4,2,4,4,5,2,3,4,4,1,2,,1,1,1,1,3,1,1,1,2,1,2,2,1,2,2,2,4,4,3,1,1,1,1,3,3,3,5,1,20,2,4.0,1.6,4.4,3.75,2,3,4.0,,1.4,1.6666666666666667,1.75,3.25,1.0,3.5,2,
R_1rJJOsqSsgiMvf2,true,SV_5nV942MJGubDmqq,188,1,cloudresearch,America/New_York,2026-06-04,51,White or Caucasian,Woman,More than 5 years,Professional or doctorate degree,true,Employee - Full-Time (30 to 40+ hrs/week),first_shift,4,3,4,5,4,2,2,2,2,2,4,5,5,5,4,4,4,5,4,4,5,4,4,2,1,2,1,1,3,3,2,2,1,1,1,2,1,4,1,2,5,1,5,4,4,4,2,3,5,4,4,4,4,0,0,3,4.0,2.0,4.6,4.25,4,5,4.0,1.6666666666666667,1.8,1.3333333333333333,3.0,3.5,3.5,4.0,3,3
R_1rJJOsqSsgiMvf2,true,SV_eRKl4lgMZDAurT8,169,2,cloudresearch,America/New_York,2026-06-04,51,White or Caucasian,Woman,More than 5 years,Professional or doctorate degree,true,Employee - Full-Time (30 to 40+ hrs/week),first_shift,4,3,4,5,4,2,2,2,2,2,4,5,5,5,4,4,4,5,4,4,5,4,4,5,5,,3,3,3,2,2,2,3,1,2,2,2,4,4,4,5,4,4,4,4,4,5,3,5,5,5,5,5,1,15,2,4.0,2.0,4.6,4.25,4,5,4.0,,2.0,2.0,4.25,4.0,4.25,5.0,2,
R_1rJJOsqSsgiMvf2,true,SV_6J3svun1r97AAHc,176,3,cloudresearch,America/New_York,2026-06-04,51,White or Caucasian,Woman,More than 5 years,Professional or doctorate degree,true,Employee - Full-Time (30 to 40+ hrs/week),first_shift,4,3,4,5,4,2,2,2,2,2,4,5,5,5,4,4,4,5,4,4,5,4,4,1,2,,2,1,2,1,1,1,1,1,2,2,2,4,5,4,4,1,4,1,4,2,5,2,4,5,5,5,5,0,0,1,4.0,2.0,4.6,4.25,4,5,4.0,,1.0,2.0,4.25,2.5,3.25,5.0,1,
R_1rqYC7M5McP65ix,true,SV_5nV942MJGubDmqq,219,1,cloudresearch,America/Los_Angeles,2026-06-04,39,White or Caucasian,Man,More than 5 years,Bachelor's degree,true,Employee - Full-Time (30 to 40+ hrs/week),early_shift,4,3,4,5,4,2,2,2,3,3,2,1,2,1,1,1,1,1,2,4,2,2,1,3,2,3,2,2,3,2,2,3,3,2,2,2,1,2,1,4,2,2,4,5,4,1,1,1,2,4,4,5,4,1,31,1,4.0,2.4,1.4,1.25,4,2,1.5,2.5,2.4,1.6666666666666667,2.25,3.75,1.25,4.25,1,4
R_1rqYC7M5McP65ix,true,SV_eRKl4lgMZDAurT8,190,2,cloudresearch,America/Los_Angeles,2026-06-04,39,White or Caucasian,Man,More than 5 years,Bachelor's degree,true,Employee - Full-Time (30 to 40+ hrs/week),early_shift,4,3,4,5,4,2,2,2,3,3,2,1,2,1,1,1,1,1,2,4,2,2,1,3,2,,2,2,3,2,2,2,2,3,3,2,2,4,2,4,2,2,4,4,5,1,4,1,1,4,4,5,4,1,17,1,4.0,2.4,1.4,1.25,4,2,1.5,,2.2,2.3333333333333335,3.0,3.75,1.75,4.25,1,
R_1rqYC7M5McP65ix,true,SV_6J3svun1r97AAHc,117,3,cloudresearch,America/Los_Angeles,2026-06-04,39,White or Caucasian,Man,More than 5 years,Bachelor's degree,true,Employee - Full-Time (30 to 40+ hrs/week),early_shift,4,3,4,5,4,2,2,2,3,3,2,1,2,1,1,1,1,1,2,4,2,2,1,3,2,,1,2,2,3,3,2,2,3,2,2,1,1,4,2,1,2,1,1,2,1,2,2,1,4,5,4,5,1,55,1,4.0,2.4,1.4,1.25,4,2,1.5,,2.6,1.6666666666666667,2.0,1.5,1.5,4.5,1,
R_1skmOBfiE3Y1qwh,true,SV_5nV942MJGubDmqq,410,1,cloudresearch,America/New_York,2026-06-04,20,Asian,Woman,Less than a year,"High school diploma or equivalent (e.g., GED)",true,Employee - Full-Time (30 to 40+ hrs/week),second_shift,3,3,4,3,3,3,2,2,3,2,1,1,1,1,1,1,1,1,1,4,2,4,3,4,4,3,1,3,3,2,2,1,2,3,1,1,1,4,4,4,4,2,2,2,2,4,4,2,3,3,4,4,4,3,0,1,3.2,2.4,1.0,1.0,4,2,3.5,3.0,2.0,1.0,4.0,2.0,3.25,3.75,1,4
R_1skmOBfiE3Y1qwh,true,SV_eRKl4lgMZDAurT8,196,2,cloudresearch,America/New_York,2026-06-04,20,Asian,Woman,Less than a year,"High school diploma or equivalent (e.g., GED)",true,Employee - Full-Time (30 to 40+ hrs/week),second_shift,3,3,4,3,3,3,2,2,3,2,1,1,1,1,1,1,1,1,1,4,2,4,3,3,2,,2,3,1,2,4,1,4,3,1,1,1,1,2,4,2,2,2,4,2,1,1,1,1,4,4,4,4,0,0,1,3.2,2.4,1.0,1.0,4,2,3.5,,2.8,1.0,2.25,2.5,1.0,4.0,1,
R_1skmOBfiE3Y1qwh,true,SV_6J3svun1r97AAHc,148,3,cloudresearch,America/New_York,2026-06-04,20,Asian,Woman,Less than a year,"High school diploma or equivalent (e.g., GED)",true,Employee - Full-Time (30 to 40+ hrs/week),second_shift,3,3,4,3,3,3,2,2,3,2,1,1,1,1,1,1,1,1,1,4,2,4,3,3,3,,1,3,2,2,2,2,1,2,1,1,1,1,2,2,2,1,1,1,1,1,1,1,1,4,4,4,4,0,0,1,3.2,2.4,1.0,1.0,4,2,3.5,,1.8,1.0,1.75,1.0,1.0,4.0,1,
R_1vVX6uf5NFn8WIN,true,SV_5nV942MJGubDmqq,404,1,cloudresearch,America/New_York,2026-06-04,69,White or Caucasian,Man,More than 5 years,"Some college, no degree",true,Employee - Full-Time (30 to 40+ hrs/week),first_shift,3,3,3,3,4,2,2,2,2,2,3,3,3,2,3,3,4,3,4,2,3,3,3,1,2,1,1,2,2,1,1,2,3,1,1,1,1,3,3,3,3,3,3,3,3,3,3,1,3,4,4,4,4,0,0,2,3.2,2.0,2.8,3.5,2,3,3.0,1.5,1.6,1.0,3.0,3.0,2.5,4.0,2,2
R_1vVX6uf5NFn8WIN,true,SV_eRKl4lgMZDAurT8,298,2,cloudresearch,America/New_York,2026-06-04,69,White or Caucasian,Man,More than 5 years,"Some college, no degree",true,Employee - Full-Time (30 to 40+ hrs/week),first_shift,3,3,3,3,4,2,2,2,2,2,3,3,3,2,3,3,4,3,4,2,3,3,3,1,4,,3,3,2,1,2,1,3,2,1,1,1,3,3,3,1,3,3,4,3,3,3,1,3,4,4,4,4,2,37,2,3.2,2.0,2.8,3.5,2,3,3.0,,1.8,1.0,2.5,3.25,2.5,4.0,2,
R_1vVX6uf5NFn8WIN,true,SV_6J3svun1r97AAHc,749,3,cloudresearch,America/New_York,2026-06-04,69,White or Caucasian,Man,More than 5 years,"Some college, no degree",true,Employee - Full-Time (30 to 40+ hrs/week),first_shift,3,3,3,3,4,2,2,2,2,2,3,3,3,2,3,3,4,3,4,2,3,3,3,2,3,,3,1,2,3,3,2,3,1,1,1,1,3,3,3,3,3,4,3,4,1,1,1,3,4,4,4,4,1,16,1,3.2,2.0,2.8,3.5,2,3,3.0,,2.4,1.0,3.0,3.5,1.5,4.0,1,
R_30Us16Yu0iT1QZz,true,SV_5nV942MJGubDmqq,231,1,cloudresearch,America/New_York,2026-06-04,37,Hispanic or Latino,Man,More than 5 years,"High school diploma or equivalent (e.g., GED)",false,Employee - Full-Time (30 to 40+ hrs/week),first_shift,3,2,3,4,3,2,1,1,1,1,1,1,1,1,1,1,1,1,1,4,1,2,2,1,1,1,1,1,1,1,1,1,1,1,1,1,1,1,1,1,1,1,1,1,1,1,1,1,1,4,4,4,4,0,0,1,3.0,1.2,1.0,1.0,4,1,2.0,1.0,1.0,1.0,1.0,1.0,1.0,4.0,1,4
R_30Us16Yu0iT1QZz,true,SV_eRKl4lgMZDAurT8,115,2,cloudresearch,America/New_York,2026-06-04,37,Hispanic or Latino,Man,More than 5 years,"High school diploma or equivalent (e.g., GED)",false,Employee - Full-Time (30 to 40+ hrs/week),first_shift,3,2,3,4,3,2,1,1,1,1,1,1,1,1,1,1,1,1,1,4,1,2,2,1,1,,1,1,1,1,1,2,1,1,1,1,1,1,1,1,1,1,1,1,1,1,1,1,1,4,4,4,4,0,0,1,3.0,1.2,1.0,1.0,4,1,2.0,,1.2,1.0,1.0,1.0,1.0,4.0,1,
R_30Us16Yu0iT1QZz,true,SV_6J3svun1r97AAHc,88,3,cloudresearch,America/New_York,2026-06-04,37,Hispanic or Latino,Man,More than 5 years,"High school diploma or equivalent (e.g., GED)",false,Employee - Full-Time (30 to 40+ hrs/week),first_shift,3,2,3,4,3,2,1,1,1,1,1,1,1,1,1,1,1,1,1,4,1,2,2,1,1,,1,1,1,1,1,1,1,1,1,1,1,1,1,1,1,1,1,1,1,1,1,1,1,4,4,4,4,0,0,1,3.0,1.2,1.0,1.0,4,1,2.0,,1.0,1.0,1.0,1.0,1.0,4.0,1,
R_31pC3pOSR1SHAd3,true,SV_5nV942MJGubDmqq,207,1,cloudresearch,America/Los_Angeles,2026-06-04,42,White or Caucasian,Man,More than 5 years,Bachelor's degree,false,Employee - Full-Time (30 to 40+ hrs/week),first_shift,5,4,4,5,4,2,1,1,3,2,1,1,1,2,1,1,1,1,2,5,2,2,2,1,1,1,2,1,1,1,2,1,1,2,1,1,1,1,1,1,2,2,2,4,1,1,2,1,1,5,5,5,5,0,0,1,4.4,1.8,1.2,1.25,5,2,2.0,1.1666666666666667,1.4,1.0,1.25,2.25,1.25,5.0,1,5
R_31pC3pOSR1SHAd3,true,SV_eRKl4lgMZDAurT8,227,2,cloudresearch,America/Los_Angeles,2026-06-04,42,White or Caucasian,Man,More than 5 years,Bachelor's degree,false,Employee - Full-Time (30 to 40+ hrs/week),first_shift,5,4,4,5,4,2,1,1,3,2,1,1,1,2,1,1,1,1,2,5,2,2,2,2,1,,1,1,1,1,2,1,1,2,2,1,1,1,1,2,2,1,3,4,5,2,2,1,2,5,5,5,5,1,42,1,4.4,1.8,1.2,1.25,5,2,2.0,,1.4,1.3333333333333333,1.5,3.25,1.75,5.0,1,
R_31pC3pOSR1SHAd3,true,SV_6J3svun1r97AAHc,95,3,cloudresearch,America/Los_Angeles,2026-06-04,42,White or Caucasian,Man,More than 5 years,Bachelor's degree,false,Employee - Full-Time (30 to 40+ hrs/week),first_shift,5,4,4,5,4,2,1,1,3,2,1,1,1,2,1,1,1,1,2,5,2,2,2,2,1,,1,1,1,1,1,1,1,2,1,1,1,2,1,1,1,2,1,4,5,2,1,1,2,5,5,5,5,0,0,1,4.4,1.8,1.2,1.25,5,2,2.0,,1.2,1.0,1.25,3.0,1.5,5.0,1,
R_32DZ7YEI0ltFeYN,true,SV_5nV942MJGubDmqq,327,1,cloudresearch,America/New_York,2026-06-04,48,White or Caucasian,Man,3 to 5 years,Bachelor's degree,true,Employee - Full-Time (30 to 40+ hrs/week),first_shift,4,3,5,4,4,2,2,1,2,2,1,2,1,1,1,1,1,1,1,5,1,3,3,2,1,1,1,1,1,1,1,1,1,1,1,1,1,1,1,1,3,2,1,3,2,1,1,1,3,5,5,5,5,1,57,1,4.0,1.8,1.2,1.0,5,1,3.0,1.1666666666666667,1.0,1.0,1.5,2.0,1.5,5.0,1,5
R_32DZ7YEI0ltFeYN,true,SV_eRKl4lgMZDAurT8,201,2,cloudresearch,America/New_York,2026-06-04,48,White or Caucasian,Man,3 to 5 years,Bachelor's degree,true,Employee - Full-Time (30 to 40+ hrs/week),first_shift,4,3,5,4,4,2,2,1,2,2,1,2,1,1,1,1,1,1,1,5,1,3,3,1,1,,1,1,1,1,1,1,1,1,1,1,1,1,1,1,1,2,1,3,1,1,1,1,3,5,5,5,5,1,66,1,4.0,1.8,1.2,1.0,5,1,3.0,,1.0,1.0,1.0,1.75,1.5,5.0,1,
R_32DZ7YEI0ltFeYN,true,SV_6J3svun1r97AAHc,261,3,cloudresearch,America/New_York,2026-06-04,48,White or Caucasian,Man,3 to 5 years,Bachelor's degree,true,Employee - Full-Time (30 to 40+ hrs/week),first_shift,4,3,5,4,4,2,2,1,2,2,1,2,1,1,1,1,1,1,1,5,1,3,3,1,1,,1,1,1,1,1,1,1,1,1,1,1,1,1,1,1,2,1,3,1,1,1,1,3,5,5,5,5,0,0,1,4.0,1.8,1.2,1.0,5,1,3.0,,1.0,1.0,1.0,1.75,1.5,5.0,1,
R_39oz0jYsIl8seCG,true,SV_5nV942MJGubDmqq,188,1,cloudresearch,America/New_York,2026-06-04,33,White or Caucasian,Man,More than 5 years,"Some college, no degree",false,Employee - Full-Time (30 to 40+ hrs/week),first_shift,4,3,4,4,4,1,1,2,3,2,1,1,1,1,1,1,1,1,1,4,1,4,3,1,1,1,1,1,1,1,1,1,1,1,1,1,1,1,1,1,1,1,4,4,1,2,1,1,1,5,4,4,4,1,60,1,3.8,1.8,1.0,1.0,4,1,3.5,1.0,1.0,1.0,1.0,2.5,1.25,4.25,1,5
R_39oz0jYsIl8seCG,true,SV_eRKl4lgMZDAurT8,124,2,cloudresearch,America/New_York,2026-06-04,33,White or Caucasian,Man,More than 5 years,"Some college, no degree",false,Employee - Full-Time (30 to 40+ hrs/week),first_shift,4,3,4,4,4,1,1,2,3,2,1,1,1,1,1,1,1,1,1,4,1,4,3,1,1,,1,1,1,1,1,1,1,1,1,1,2,1,1,1,1,1,1,1,1,1,1,1,1,4,4,4,5,0,0,1,3.8,1.8,1.0,1.0,4,1,3.5,,1.0,1.3333333333333333,1.0,1.0,1.0,4.25,1,
R_39oz0jYsIl8seCG,true,SV_6J3svun1r97AAHc,121,3,cloudresearch,America/New_York,2026-06-04,33,White or Caucasian,Man,More than 5 years,"Some college, no degree",false,Employee - Full-Time (30 to 40+ hrs/week),first_shift,4,3,4,4,4,1,1,2,3,2,1,1,1,1,1,1,1,1,1,4,1,4,3,3,1,,1,1,1,1,1,1,1,1,1,1,1,1,1,1,1,1,1,1,1,2,1,1,1,4,4,4,5,2,90,1,3.8,1.8,1.0,1.0,4,1,3.5,,1.0,1.0,1.0,1.0,1.25,4.25,1,
R_3DuIPjpp2mrYpHb,false,SV_5nV942MJGubDmqq,250,1,snowball,America/New_York,2026-06-04,31,White or Caucasian,Woman,3 to 5 years,Professional or doctorate degree,false,Employee - Full-Time (30 to 40+ hrs/week),first_shift,3,3,3,3,3,2,1,2,3,2,2,1,1,1,2,2,1,1,2,5,2,2,2,3,2,3,1,1,2,2,1,1,2,1,1,2,1,2,3,3,1,1,2,2,2,1,1,1,1,5,4,5,5,0,0,1,3.0,2.0,1.4,1.5,5,2,2.0,2.0,1.4,1.3333333333333333,2.25,1.75,1.0,4.75,1,4
R_3DuIPjpp2mrYpHb,false,SV_eRKl4lgMZDAurT8,169,2,snowball,America/New_York,2026-06-04,31,White or Caucasian,Woman,3 to 5 years,Professional or doctorate degree,false,Employee - Full-Time (30 to 40+ hrs/week),first_shift,3,3,3,3,3,2,1,2,3,2,2,1,1,1,2,2,1,1,2,5,2,2,2,3,3,,1,2,1,2,3,2,2,2,1,2,1,3,2,3,2,1,2,2,3,1,2,1,1,5,4,5,5,2,51,1,3.0,2.0,1.4,1.5,5,2,2.0,,2.2,1.3333333333333333,2.5,2.0,1.25,4.75,1,
R_3DuIPjpp2mrYpHb,false,SV_6J3svun1r97AAHc,160,3,snowball,America/New_York,2026-06-04,31,White or Caucasian,Woman,3 to 5 years,Professional or doctorate degree,false,Employee - Full-Time (30 to 40+ hrs/week),first_shift,3,3,3,3,3,2,1,2,3,2,2,1,1,1,2,2,1,1,2,5,2,2,2,4,3,,1,2,1,3,2,2,1,3,1,1,1,2,2,2,3,1,2,2,2,1,1,1,1,5,4,5,5,1,45,1,3.0,2.0,1.4,1.5,5,2,2.0,,2.2,1.0,2.25,1.75,1.0,4.75,1,
R_3DvZTA8RHAf3SWi,true,SV_5nV942MJGubDmqq,1074,1,cloudresearch,America/Chicago,2026-06-04,24,Black or African American,Woman,1 to 3 years,Bachelor's degree,true,Independent Contractor or Freelancer (1099),second_shift,4,4,5,5,5,3,1,2,2,2,1,2,2,2,2,1,1,1,1,4,2,5,4,1,1,1,1,1,1,1,3,1,1,3,2,1,1,1,2,1,1,1,1,5,4,1,2,1,1,5,5,5,5,1,35,1,4.6,2.0,1.8,1.0,4,2,4.5,1.0,1.8,1.3333333333333333,1.25,2.75,1.25,5.0,1,5
R_3DvZTA8RHAf3SWi,true,SV_eRKl4lgMZDAurT8,210,2,cloudresearch,America/Chicago,2026-06-04,24,Black or African American,Woman,1 to 3 years,Bachelor's degree,true,Independent Contractor or Freelancer (1099),second_shift,4,4,5,5,5,3,1,2,2,2,1,2,2,2,2,1,1,1,1,4,2,5,4,2,1,,1,1,1,1,2,1,2,2,1,1,1,2,1,1,1,2,2,5,5,1,1,3,1,5,5,5,5,0,0,1,4.6,2.0,1.8,1.0,4,2,4.5,,1.6,1.0,1.25,3.5,1.5,5.0,1,
R_3DvZTA8RHAf3SWi,true,SV_6J3svun1r97AAHc,254,3,cloudresearch,America/Chicago,2026-06-04,24,Black or African American,Woman,1 to 3 years,Bachelor's degree,true,Independent Contractor or Freelancer (1099),second_shift,4,4,5,5,5,3,1,2,2,2,1,2,2,2,2,1,1,1,1,4,2,5,4,2,2,,1,2,2,2,3,2,2,2,1,1,1,3,2,2,2,3,4,5,4,1,1,2,2,5,5,5,5,1,30,1,4.6,2.0,1.8,1.0,4,2,4.5,,2.2,1.0,2.25,4.0,1.5,5.0,1,
R_3EZpGrUV2Z4Hrib,true,SV_5nV942MJGubDmqq,377,1,cloudresearch,America/Los_Angeles,2026-06-04,54,White or Caucasian,Man,More than 5 years,Associate degree,false,Employee - Full-Time (30 to 40+ hrs/week),first_shift,4,2,3,4,3,2,2,2,3,2,2,4,5,5,4,4,4,5,4,1,1,5,5,2,4,1,1,2,1,1,1,1,1,1,1,1,1,1,1,1,2,2,2,4,2,1,1,1,1,3,4,3,4,0,0,2,3.2,2.2,4.0,4.25,1,1,5.0,1.8333333333333333,1.0,1.0,1.25,2.5,1.0,3.5,2,2
R_3EZpGrUV2Z4Hrib,true,SV_eRKl4lgMZDAurT8,133,2,cloudresearch,America/Los_Angeles,2026-06-04,54,White or Caucasian,Man,More than 5 years,Associate degree,false,Employee - Full-Time (30 to 40+ hrs/week),first_shift,4,2,3,4,3,2,2,2,3,2,2,4,5,5,4,4,4,5,4,1,1,5,5,2,1,,3,1,1,1,1,1,1,1,1,1,1,1,1,4,4,1,1,4,1,1,1,1,1,3,4,3,4,0,0,3,3.2,2.2,4.0,4.25,1,1,5.0,,1.0,1.0,2.5,1.75,1.0,3.5,3,
R_3EZpGrUV2Z4Hrib,true,SV_6J3svun1r97AAHc,129,3,cloudresearch,America/Los_Angeles,2026-06-04,54,White or Caucasian,Man,More than 5 years,Associate degree,false,Employee - Full-Time (30 to 40+ hrs/week),first_shift,4,2,3,4,3,2,2,2,3,2,2,4,5,5,4,4,4,5,4,1,1,5,5,3,3,,3,3,3,2,1,1,3,1,1,1,1,1,1,1,1,1,1,2,2,1,1,1,1,3,4,3,4,1,40,5,3.2,2.2,4.0,4.25,1,1,5.0,,1.6,1.0,1.0,1.5,1.0,3.5,5,
R_3GjN0sXbdDgLCS7,false,SV_5nV942MJGubDmqq,248,1,snowball,America/New_York,2026-06-04,41,White or Caucasian,Woman,1 to 3 years,Master's degree,true,Employee - Full-Time (30 to 40+ hrs/week),first_shift,3,2,3,3,2,4,3,2,4,3,3,3,3,3,2,5,5,5,5,1,2,2,2,3,5,1,2,2,2,3,5,3,5,3,1,1,1,1,1,1,1,1,2,1,1,1,4,2,1,4,4,4,4,0,0,5,2.6,3.2,2.8,5.0,1,2,2.0,2.5,3.8,1.0,1.0,1.25,2.0,4.0,5,2
R_3GjN0sXbdDgLCS7,false,SV_eRKl4lgMZDAurT8,739,2,snowball,America/New_York,2026-06-04,41,White or Caucasian,Woman,1 to 3 years,Master's degree,true,Employee - Full-Time (30 to 40+ hrs/week),first_shift,3,2,3,3,2,4,3,2,4,3,3,3,3,3,2,5,5,5,5,1,2,2,2,5,3,,2,2,3,3,5,2,4,3,1,1,1,1,1,1,2,2,4,4,4,1,2,3,1,4,4,4,4,1,25,5,2.6,3.2,2.8,5.0,1,2,2.0,,3.4,1.0,1.25,3.5,1.75,4.0,5,
R_3GjN0sXbdDgLCS7,false,SV_6J3svun1r97AAHc,199,3,snowball,America/New_York,2026-06-04,41,White or Caucasian,Woman,1 to 3 years,Master's degree,true,Employee - Full-Time (30 to 40+ hrs/week),first_shift,3,2,3,3,2,4,3,2,4,3,3,3,3,3,2,5,5,5,5,1,2,2,2,2,4,,2,2,2,2,4,1,4,2,2,1,2,2,2,2,2,2,4,4,4,3,3,3,1,4,4,4,4,0,0,5,2.6,3.2,2.8,5.0,1,2,2.0,,2.6,1.6666666666666667,2.0,3.5,2.5,4.0,5,
R_3IsVWIAAurh5x9v,true,SV_5nV942MJGubDmqq,140,1,cloudresearch,America/New_York,2026-06-04,29,White or Caucasian,Woman,More than 5 years,Bachelor's degree,false,Employee - Full-Time (30 to 40+ hrs/week),early_shift,1,1,1,2,1,4,3,2,4,4,2,2,1,1,1,2,1,1,2,2,2,1,2,5,5,2,2,5,5,5,5,5,5,5,1,3,4,1,1,1,1,3,1,1,1,1,1,1,1,5,5,5,5,0,0,2,1.2,3.4,1.4,1.5,2,2,1.5,4.0,5.0,2.6666666666666665,1.0,1.5,1.0,5.0,2,2
R_3IsVWIAAurh5x9v,true,SV_eRKl4lgMZDAurT8,291,2,cloudresearch,America/New_York,2026-06-04,29,White or Caucasian,Woman,More than 5 years,Bachelor's degree,false,Employee - Full-Time (30 to 40+ hrs/week),early_shift,1,1,1,2,1,4,3,2,4,4,2,2,1,1,1,2,1,1,2,2,2,1,2,5,5,,5,5,5,5,5,5,5,5,1,5,5,2,1,2,2,1,1,3,5,1,1,1,1,5,5,5,5,0,0,2,1.2,3.4,1.4,1.5,2,2,1.5,,5.0,3.6666666666666665,1.75,2.5,1.0,5.0,2,
R_3IsVWIAAurh5x9v,true,SV_6J3svun1r97AAHc,355,3,cloudresearch,America/New_York,2026-06-04,29,White or Caucasian,Woman,More than 5 years,Bachelor's degree,false,Employee - Full-Time (30 to 40+ hrs/week),early_shift,1,1,1,2,1,4,3,2,4,4,2,2,1,1,1,2,1,1,2,2,2,1,2,5,5,,5,5,5,5,5,5,5,5,5,5,5,1,1,1,1,1,3,1,4,1,1,1,1,5,5,5,5,0,0,2,1.2,3.4,1.4,1.5,2,2,1.5,,5.0,5.0,1.0,2.25,1.0,5.0,2,
R_3JBIvDjYNjgzczv,true,SV_5nV942MJGubDmqq,162,1,cloudresearch,America/New_York,2026-06-04,38,White or Caucasian,Woman,3 to 5 years,Master's degree,false,Employee - Full-Time (30 to 40+ hrs/week),first_shift,3,3,4,3,4,2,1,1,1,1,1,1,1,1,1,1,1,1,1,4,3,4,3,3,3,2,1,1,1,1,1,1,1,1,1,1,1,1,1,1,1,1,1,1,1,1,1,1,1,5,4,4,4,0,0,1,3.4,1.2,1.0,1.0,4,3,3.5,1.8333333333333333,1.0,1.0,1.0,1.0,1.0,4.25,1,4
R_3JBIvDjYNjgzczv,true,SV_eRKl4lgMZDAurT8,166,2,cloudresearch,America/New_York,2026-06-04,38,White or Caucasian,Woman,3 to 5 years,Master's degree,false,Employee - Full-Time (30 to 40+ hrs/week),first_shift,3,3,4,3,4,2,1,1,1,1,1,1,1,1,1,1,1,1,1,4,3,4,3,1,1,,1,1,1,1,1,1,2,1,1,1,1,1,1,1,1,1,2,1,1,1,1,1,1,4,4,4,4,2,35,1,3.4,1.2,1.0,1.0,4,3,3.5,,1.2,1.0,1.0,1.25,1.0,4.0,1,
R_3JBIvDjYNjgzczv,true,SV_6J3svun1r97AAHc,178,3,cloudresearch,America/New_York,2026-06-04,38,White or Caucasian,Woman,3 to 5 years,Master's degree,false,Employee - Full-Time (30 to 40+ hrs/week),first_shift,3,3,4,3,4,2,1,1,1,1,1,1,1,1,1,1,1,1,1,4,3,4,3,1,1,,1,1,1,1,1,1,1,1,1,1,1,1,1,1,1,1,1,1,1,1,1,1,1,4,4,4,4,3,45,1,3.4,1.2,1.0,1.0,4,3,3.5,,1.0,1.0,1.0,1.0,1.0,4.0,1,
R_3P0VcXr0gII9JiY,true,SV_5nV942MJGubDmqq,807,1,cloudresearch,America/Chicago,2026-06-04,44,White or Caucasian,Woman,More than 5 years,Vocational training,false,Employee - Full-Time (30 to 40+ hrs/week),first_shift,4,3,4,4,3,2,1,1,2,2,1,1,1,1,1,1,1,1,1,5,1,1,1,1,1,1,1,1,1,1,1,1,1,1,1,1,1,1,1,1,1,1,1,2,1,1,1,1,1,4,4,4,4,0,0,1,3.6,1.6,1.0,1.0,5,1,1.0,1.0,1.0,1.0,1.0,1.25,1.0,4.0,1,5
R_3P0VcXr0gII9JiY,true,SV_eRKl4lgMZDAurT8,178,2,cloudresearch,America/Chicago,2026-06-04,44,White or Caucasian,Woman,More than 5 years,Vocational training,false,Employee - Full-Time (30 to 40+ hrs/week),first_shift,4,3,4,4,3,2,1,1,2,2,1,1,1,1,1,1,1,1,1,5,1,1,1,1,1,,1,1,1,1,1,1,1,1,1,1,1,1,1,1,1,1,1,2,1,1,1,1,1,4,4,4,4,0,0,1,3.6,1.6,1.0,1.0,5,1,1.0,,1.0,1.0,1.0,1.25,1.0,4.0,1,
R_3P0VcXr0gII9JiY,true,SV_6J3svun1r97AAHc,728,3,cloudresearch,America/Chicago,2026-06-04,44,White or Caucasian,Woman,More than 5 years,Vocational training,false,Employee - Full-Time (30 to 40+ hrs/week),first_shift,4,3,4,4,3,2,1,1,2,2,1,1,1,1,1,1,1,1,1,5,1,1,1,1,1,,1,1,1,1,1,1,1,1,1,1,1,1,1,1,1,1,1,1,1,1,1,1,1,4,4,4,4,0,0,1,3.6,1.6,1.0,1.0,5,1,1.0,,1.0,1.0,1.0,1.0,1.0,4.0,1,
R_3P0ZYrV2k3p7HVJ,true,SV_5nV942MJGubDmqq,461,1,cloudresearch,America/Denver,2026-06-04,47,White or Caucasian,Woman,1 to 3 years,Master's degree,true,Employee - Full-Time (30 to 40+ hrs/week),first_shift,4,2,4,4,4,3,2,2,2,2,1,1,1,1,1,1,1,1,1,5,2,2,2,4,2,3,2,3,3,2,2,3,3,3,2,3,2,1,4,2,2,1,2,4,2,1,2,1,1,5,5,5,5,0,17,1,3.6,2.2,1.0,1.0,5,2,2.0,2.8333333333333335,2.6,2.3333333333333335,2.25,2.25,1.25,5.0,1,4
R_3P0ZYrV2k3p7HVJ,true,SV_eRKl4lgMZDAurT8,210,2,cloudresearch,America/Denver,2026-06-04,47,White or Caucasian,Woman,1 to 3 years,Master's degree,true,Employee - Full-Time (30 to 40+ hrs/week),first_shift,4,2,4,4,4,3,2,2,2,2,1,1,1,1,1,1,1,1,1,5,2,2,2,3,3,,2,2,2,2,1,3,3,3,3,3,2,4,4,4,4,4,4,4,4,1,4,4,4,5,5,5,5,3,197,1,3.6,2.2,1.0,1.0,5,2,2.0,,2.4,2.6666666666666665,4.0,4.0,3.25,5.0,1,
R_3P0ZYrV2k3p7HVJ,true,SV_6J3svun1r97AAHc,276,3,cloudresearch,America/Denver,2026-06-04,47,White or Caucasian,Woman,1 to 3 years,Master's degree,true,Employee - Full-Time (30 to 40+ hrs/week),first_shift,4,2,4,4,4,3,2,2,2,2,1,1,1,1,1,1,1,1,1,5,2,2,2,2,3,,2,1,2,2,3,3,2,2,2,2,2,4,4,4,4,4,4,4,4,1,4,4,3,5,5,5,5,0,0,2,3.6,2.2,1.0,1.0,5,2,2.0,,2.4,2.0,4.0,4.0,3.0,5.0,2,
R_3PA15BPu91mmyOi,true,SV_5nV942MJGubDmqq,259,1,cloudresearch,America/New_York,2026-06-04,63,White or Caucasian,Woman,More than 5 years,Associate degree,false,Employee - Part-Time (<30 hrs/week),first_shift,4,3,4,4,4,1,1,1,2,1,1,1,1,1,1,1,1,1,1,5,1,2,2,1,1,1,1,1,1,1,1,1,1,1,1,1,1,1,1,1,1,1,1,1,1,1,1,1,1,4,4,4,4,0,8,1,3.8,1.2,1.0,1.0,5,1,2.0,1.0,1.0,1.0,1.0,1.0,1.0,4.0,1,5
R_3PA15BPu91mmyOi,true,SV_eRKl4lgMZDAurT8,314,2,cloudresearch,America/New_York,2026-06-04,63,White or Caucasian,Woman,More than 5 years,Associate degree,false,Employee - Part-Time (<30 hrs/week),first_shift,4,3,4,4,4,1,1,1,2,1,1,1,1,1,1,1,1,1,1,5,1,2,2,1,1,,1,1,1,1,1,1,1,1,1,1,1,1,1,1,1,1,1,1,1,1,1,1,1,4,4,4,4,0,0,1,3.8,1.2,1.0,1.0,5,1,2.0,,1.0,1.0,1.0,1.0,1.0,4.0,1,
R_3PA15BPu91mmyOi,true,SV_6J3svun1r97AAHc,139,3,cloudresearch,America/New_York,2026-06-04,63,White or Caucasian,Woman,More than 5 years,Associate degree,false,Employee - Part-Time (<30 hrs/week),first_shift,4,3,4,4,4,1,1,1,2,1,1,1,1,1,1,1,1,1,1,5,1,2,2,2,1,,1,1,1,1,1,1,1,1,1,1,1,1,1,1,1,1,1,1,1,1,1,1,1,4,4,4,4,0,0,1,3.8,1.2,1.0,1.0,5,1,2.0,,1.0,1.0,1.0,1.0,1.0,4.0,1,
R_3QmhI1ZXtWuem6B,true,SV_5nV942MJGubDmqq,137,1,cloudresearch,America/New_York,2026-06-04,35,White or Caucasian,Woman,More than 5 years,Professional or doctorate degree,false,Employee - Full-Time (30 to 40+ hrs/week),first_shift,4,3,4,4,4,2,1,1,3,1,1,1,1,1,1,1,1,1,1,4,1,1,1,1,1,1,1,1,1,1,1,1,1,1,1,1,1,1,1,1,1,1,1,4,1,1,1,1,1,4,4,4,4,1,30,1,3.8,1.6,1.0,1.0,4,1,1.0,1.0,1.0,1.0,1.0,1.75,1.0,4.0,1,5
R_3QmhI1ZXtWuem6B,true,SV_eRKl4lgMZDAurT8,127,2,cloudresearch,America/New_York,2026-06-04,35,White or Caucasian,Woman,More than 5 years,Professional or doctorate degree,false,Employee - Full-Time (30 to 40+ hrs/week),first_shift,4,3,4,4,4,2,1,1,3,1,1,1,1,1,1,1,1,1,1,4,1,1,1,1,1,,1,1,1,1,2,1,1,1,1,1,1,1,1,1,1,1,1,1,1,1,1,1,1,4,4,4,4,0,0,1,3.8,1.6,1.0,1.0,4,1,1.0,,1.2,1.0,1.0,1.0,1.0,4.0,1,
R_3QmhI1ZXtWuem6B,true,SV_6J3svun1r97AAHc,106,3,cloudresearch,America/New_York,2026-06-04,35,White or Caucasian,Woman,More than 5 years,Professional or doctorate degree,false,Employee - Full-Time (30 to 40+ hrs/week),first_shift,4,3,4,4,4,2,1,1,3,1,1,1,1,1,1,1,1,1,1,4,1,1,1,1,1,,1,1,1,1,1,1,1,1,1,1,1,1,1,1,1,1,1,1,1,1,1,1,1,4,4,4,4,0,0,1,3.8,1.6,1.0,1.0,4,1,1.0,,1.0,1.0,1.0,1.0,1.0,4.0,1,
R_3R1tSL6w71JOofw,true,SV_5nV942MJGubDmqq,224,1,cloudresearch,America/New_York,2026-06-04,45,White or Caucasian,Woman,More than 5 years,Associate degree,false,Employee - Full-Time (30 to 40+ hrs/week),first_shift,4,3,3,3,3,2,1,2,2,2,2,2,3,2,1,1,1,1,1,3,3,5,4,2,3,2,5,2,4,2,3,2,2,2,1,1,1,1,1,2,4,1,1,1,1,1,4,3,1,5,5,5,5,0,0,4,3.2,1.8,2.0,1.0,3,3,4.5,3.0,2.2,1.0,2.0,1.0,2.25,5.0,4,2
R_3R1tSL6w71JOofw,true,SV_eRKl4lgMZDAurT8,203,2,cloudresearch,America/New_York,2026-06-04,45,White or Caucasian,Woman,More than 5 years,Associate degree,false,Employee - Full-Time (30 to 40+ hrs/week),first_shift,4,3,3,3,3,2,1,2,2,2,2,2,3,2,1,1,1,1,1,3,3,5,4,4,3,,3,3,4,1,1,3,4,3,1,1,1,2,1,3,4,2,1,2,4,1,3,2,1,5,5,5,5,2,61,2,3.2,1.8,2.0,1.0,3,3,4.5,,2.4,1.0,2.5,2.25,1.75,5.0,2,
R_3R1tSL6w71JOofw,true,SV_6J3svun1r97AAHc,198,3,cloudresearch,America/New_York,2026-06-04,45,White or Caucasian,Woman,More than 5 years,Associate degree,false,Employee - Full-Time (30 to 40+ hrs/week),first_shift,4,3,3,3,3,2,1,2,2,2,2,2,3,2,1,1,1,1,1,3,3,5,4,3,2,,4,2,4,2,2,2,4,2,1,1,1,2,1,1,2,2,2,2,1,1,2,2,1,5,5,5,5,0,0,3,3.2,1.8,2.0,1.0,3,3,4.5,,2.4,1.0,1.5,1.75,1.5,5.0,3,
R_3T98t8FWpBUHc6B,true,SV_5nV942MJGubDmqq,159,1,cloudresearch,America/Denver,2026-06-04,38,Asian,Man,3 to 5 years,Associate degree,true,Employee - Full-Time (30 to 40+ hrs/week),early_shift,5,5,5,5,5,2,1,1,2,2,1,1,1,1,1,1,1,1,1,5,1,3,3,5,5,5,1,5,1,5,1,1,5,1,1,1,1,1,1,1,1,1,1,1,1,1,1,1,1,5,5,5,5,0,0,1,5.0,1.6,1.0,1.0,5,1,3.0,3.6666666666666665,2.6,1.0,1.0,1.0,1.0,5.0,1,5
R_3T98t8FWpBUHc6B,true,SV_eRKl4lgMZDAurT8,177,2,cloudresearch,America/Denver,2026-06-04,38,Asian,Man,3 to 5 years,Associate degree,true,Employee - Full-Time (30 to 40+ hrs/week),early_shift,5,5,5,5,5,2,1,1,2,2,1,1,1,1,1,1,1,1,1,5,1,3,3,1,1,,1,1,1,1,1,1,1,1,1,1,1,1,1,1,1,1,1,5,1,1,1,1,1,5,5,5,5,0,0,1,5.0,1.6,1.0,1.0,5,1,3.0,,1.0,1.0,1.0,2.0,1.0,5.0,1,
R_3T98t8FWpBUHc6B,true,SV_6J3svun1r97AAHc,147,3,cloudresearch,America/Denver,2026-06-04,38,Asian,Man,3 to 5 years,Associate degree,true,Employee - Full-Time (30 to 40+ hrs/week),early_shift,5,5,5,5,5,2,1,1,2,2,1,1,1,1,1,1,1,1,1,5,1,3,3,1,1,,1,1,1,1,1,1,1,1,1,1,1,1,1,1,1,1,1,5,1,1,1,1,1,5,5,5,5,0,0,1,5.0,1.6,1.0,1.0,5,1,3.0,,1.0,1.0,1.0,2.0,1.0,5.0,1,
R_3Tp8VFaPlBjiKpb,true,SV_5nV942MJGubDmqq,218,1,cloudresearch,America/Chicago,2026-06-04,57,White or Caucasian,Man,More than 5 years,Bachelor's degree,true,Employee - Full-Time (30 to 40+ hrs/week),first_shift,3,4,4,4,4,2,2,2,2,2,1,1,1,1,1,1,1,1,1,5,2,2,2,2,1,1,1,1,1,1,1,1,2,1,1,1,1,1,1,1,1,1,1,5,1,1,1,1,1,5,5,5,5,0,0,1,3.8,2.0,1.0,1.0,5,2,2.0,1.1666666666666667,1.2,1.0,1.0,2.0,1.0,5.0,1,5
R_3Tp8VFaPlBjiKpb,true,SV_eRKl4lgMZDAurT8,231,2,cloudresearch,America/Chicago,2026-06-04,57,White or Caucasian,Man,More than 5 years,Bachelor's degree,true,Employee - Full-Time (30 to 40+ hrs/week),first_shift,3,4,4,4,4,2,2,2,2,2,1,1,1,1,1,1,1,1,1,5,2,2,2,2,1,,1,1,1,1,2,1,2,1,1,1,1,1,1,1,1,2,1,4,1,1,1,1,1,5,5,5,5,1,20,1,3.8,2.0,1.0,1.0,5,2,2.0,,1.4,1.0,1.0,2.0,1.0,5.0,1,
R_3Tp8VFaPlBjiKpb,true,SV_6J3svun1r97AAHc,238,3,cloudresearch,America/Chicago,2026-06-04,57,White or Caucasian,Man,More than 5 years,Bachelor's degree,true,Employee - Full-Time (30 to 40+ hrs/week),first_shift,3,4,4,4,4,2,2,2,2,2,1,1,1,1,1,1,1,1,1,5,2,2,2,2,2,,1,1,1,2,2,1,2,1,1,1,1,1,1,1,1,2,1,4,4,1,1,1,1,5,5,5,5,1,10,1,3.8,2.0,1.0,1.0,5,2,2.0,,1.6,1.0,1.0,2.75,1.0,5.0,1,
R_3VOBwiMJzglIXzp,true,SV_5nV942MJGubDmqq,247,1,cloudresearch,America/New_York,2026-06-04,26,White or Caucasian,Woman,1 to 3 years,Bachelor's degree,false,Employee - Full-Time (30 to 40+ hrs/week),first_shift,4,3,4,3,3,4,3,3,4,3,1,1,1,1,2,1,1,1,2,4,2,3,2,5,5,5,,3,3,3,2,1,3,1,2,2,3,5,1,2,2,2,4,5,5,2,4,2,3,5,5,5,5,1,4,2,3.4,3.4,1.2,1.25,4,2,2.5,,2.0,2.3333333333333335,2.5,4.0,2.75,5.0,2,2
R_3VOBwiMJzglIXzp,true,SV_eRKl4lgMZDAurT8,183,2,cloudresearch,America/New_York,2026-06-04,26,White or Caucasian,Woman,1 to 3 years,Bachelor's degree,false,Employee - Full-Time (30 to 40+ hrs/week),first_shift,4,3,4,3,3,4,3,3,4,3,1,1,1,1,2,1,1,1,2,4,2,3,2,5,5,,5,5,5,4,3,2,2,1,3,2,3,4,2,4,2,4,5,5,4,4,4,4,2,5,5,5,5,2,16,3,3.4,3.4,1.2,1.25,4,2,2.5,,2.4,2.6666666666666665,3.0,4.5,3.5,5.0,3,
R_3VOBwiMJzglIXzp,true,SV_6J3svun1r97AAHc,158,3,cloudresearch,America/New_York,2026-06-04,26,White or Caucasian,Woman,1 to 3 years,Bachelor's degree,false,Employee - Full-Time (30 to 40+ hrs/week),first_shift,4,3,4,3,3,4,3,3,4,3,1,1,1,1,2,1,1,1,2,4,2,3,2,5,5,,5,5,5,1,2,2,2,1,3,3,3,4,4,5,4,4,5,5,5,4,4,4,1,5,5,5,5,0,0,2,3.4,3.4,1.2,1.25,4,2,2.5,,1.6,3.0,4.25,4.75,3.25,5.0,2,
R_3Yuhrfc2djrA68p,true,SV_5nV942MJGubDmqq,213,1,cloudresearch,America/New_York,2026-06-04,42,White or Caucasian,Woman,More than 5 years,Bachelor's degree,false,Employee - Full-Time (30 to 40+ hrs/week),first_shift,5,3,5,5,5,2,1,3,4,3,3,3,2,1,1,4,1,1,4,4,1,4,4,4,2,3,3,4,3,3,4,4,5,2,1,4,1,1,1,1,4,1,1,1,1,2,1,3,4,4,4,4,4,0,0,1,4.6,2.6,2.0,2.5,4,1,4.0,3.1666666666666665,3.6,2.0,1.75,1.0,2.5,4.0,1,3
R_3Yuhrfc2djrA68p,true,SV_eRKl4lgMZDAurT8,154,2,cloudresearch,America/New_York,2026-06-04,42,White or Caucasian,Woman,More than 5 years,Bachelor's degree,false,Employee - Full-Time (30 to 40+ hrs/week),first_shift,5,3,5,5,5,2,1,3,4,3,3,3,2,1,1,4,1,1,4,4,1,4,4,4,3,,1,2,1,2,2,2,2,1,1,1,1,1,1,1,1,1,1,1,1,1,1,1,1,5,5,5,5,0,0,1,4.6,2.6,2.0,2.5,4,1,4.0,,1.8,1.0,1.0,1.0,1.0,5.0,1,
R_3Yuhrfc2djrA68p,true,SV_6J3svun1r97AAHc,115,3,cloudresearch,America/New_York,2026-06-04,42,White or Caucasian,Woman,More than 5 years,Bachelor's degree,false,Employee - Full-Time (30 to 40+ hrs/week),first_shift,5,3,5,5,5,2,1,3,4,3,3,3,2,1,1,4,1,1,4,4,1,4,4,4,2,,2,2,2,1,1,2,1,1,1,1,1,1,1,1,1,1,1,1,1,1,1,1,1,4,3,3,3,0,0,1,4.6,2.6,2.0,2.5,4,1,4.0,,1.2,1.0,1.0,1.0,1.0,3.25,1,
R_3bdYNaPgMwi7t97,true,SV_5nV942MJGubDmqq,310,1,cloudresearch,America/New_York,2026-06-04,42,Hispanic or Latino,Man,More than 5 years,Bachelor's degree,false,Employee - Full-Time (30 to 40+ hrs/week),first_shift,4,3,4,4,4,1,1,1,2,2,1,1,1,1,1,1,1,1,1,4,2,4,4,1,1,2,3,1,1,1,1,1,1,1,2,1,1,1,1,1,1,1,4,4,2,1,1,1,1,4,5,4,5,1,20,1,3.8,1.4,1.0,1.0,4,2,4.0,1.5,1.0,1.3333333333333333,1.0,2.75,1.0,4.5,1,4
R_3bdYNaPgMwi7t97,true,SV_eRKl4lgMZDAurT8,220,2,cloudresearch,America/New_York,2026-06-04,42,Hispanic or Latino,Man,More than 5 years,Bachelor's degree,false,Employee - Full-Time (30 to 40+ hrs/week),first_shift,4,3,4,4,4,1,1,1,2,2,1,1,1,1,1,1,1,1,1,4,2,4,4,2,2,,2,1,2,1,1,1,1,1,1,1,1,1,2,2,2,4,2,4,4,1,2,1,2,5,4,4,5,1,20,1,3.8,1.4,1.0,1.0,4,2,4.0,,1.0,1.0,1.75,3.5,1.5,4.5,1,
R_3bdYNaPgMwi7t97,true,SV_6J3svun1r97AAHc,193,3,cloudresearch,America/New_York,2026-06-04,42,Hispanic or Latino,Man,More than 5 years,Bachelor's degree,false,Employee - Full-Time (30 to 40+ hrs/week),first_shift,4,3,4,4,4,1,1,1,2,2,1,1,1,1,1,1,1,1,1,4,2,4,4,3,1,,2,3,2,1,1,1,1,1,1,1,1,1,1,1,1,2,2,2,1,1,1,2,1,4,4,5,5,1,20,1,3.8,1.4,1.0,1.0,4,2,4.0,,1.0,1.0,1.0,1.75,1.25,4.5,1,
R_3efr3NdGZCtcBMw,true,SV_5nV942MJGubDmqq,176,1,cloudresearch,America/New_York,2026-06-04,48,Black or African American,Woman,More than 5 years,"Some college, no degree",true,Employee - Full-Time (30 to 40+ hrs/week),first_shift,4,3,5,4,5,2,1,2,2,1,3,3,4,4,4,3,4,3,5,1,3,3,3,1,1,2,1,1,1,1,1,1,1,1,1,1,1,2,2,1,1,1,1,4,1,1,1,1,1,4,5,4,4,1,15,1,4.2,1.6,3.6,3.75,1,3,3.0,1.1666666666666667,1.0,1.0,1.5,1.75,1.0,4.25,1,1
R_3efr3NdGZCtcBMw,true,SV_eRKl4lgMZDAurT8,157,2,cloudresearch,America/New_York,2026-06-04,48,Black or African American,Woman,More than 5 years,"Some college, no degree",true,Employee - Full-Time (30 to 40+ hrs/week),first_shift,4,3,5,4,5,2,1,2,2,1,3,3,4,4,4,3,4,3,5,1,3,3,3,2,1,,1,1,1,1,1,1,1,1,1,5,1,1,1,1,1,1,1,4,1,1,1,1,1,4,5,4,5,0,0,1,4.2,1.6,3.6,3.75,1,3,3.0,,1.0,2.3333333333333335,1.0,1.75,1.0,4.5,1,
R_3efr3NdGZCtcBMw,true,SV_6J3svun1r97AAHc,190,3,cloudresearch,America/New_York,2026-06-04,48,Black or African American,Woman,More than 5 years,"Some college, no degree",true,Employee - Full-Time (30 to 40+ hrs/week),first_shift,4,3,5,4,5,2,1,2,2,1,3,3,4,4,4,3,4,3,5,1,3,3,3,3,1,,1,1,1,1,1,1,1,1,1,1,1,1,1,1,1,2,1,4,4,1,1,1,1,4,5,4,4,0,0,1,4.2,1.6,3.6,3.75,1,3,3.0,,1.0,1.0,1.0,2.75,1.0,4.25,1,
R_3hPrNvm1Ci0kPaV,true,SV_5nV942MJGubDmqq,220,1,cloudresearch,America/New_York,2026-06-04,42,White or Caucasian,Man,More than 5 years,Bachelor's degree,true,Employee - Full-Time (30 to 40+ hrs/week),first_shift,4,3,4,4,3,1,1,1,2,1,1,1,1,1,1,1,1,1,1,5,2,2,2,1,2,1,1,1,1,1,1,1,1,1,1,1,1,2,1,1,1,1,1,1,2,1,1,2,1,4,4,3,4,0,0,1,3.6,1.2,1.0,1.0,5,2,2.0,1.1666666666666667,1.0,1.0,1.25,1.25,1.25,3.75,1,4
R_3hPrNvm1Ci0kPaV,true,SV_eRKl4lgMZDAurT8,165,2,cloudresearch,America/New_York,2026-06-04,42,White or Caucasian,Man,More than 5 years,Bachelor's degree,true,Employee - Full-Time (30 to 40+ hrs/week),first_shift,4,3,4,4,3,1,1,1,2,1,1,1,1,1,1,1,1,1,1,5,2,2,2,1,1,,1,1,2,1,1,1,1,1,1,1,1,1,1,1,1,1,1,1,1,1,1,1,3,5,5,5,5,0,0,1,3.6,1.2,1.0,1.0,5,2,2.0,,1.0,1.0,1.0,1.0,1.5,5.0,1,
R_3hPrNvm1Ci0kPaV,true,SV_6J3svun1r97AAHc,177,3,cloudresearch,America/New_York,2026-06-04,42,White or Caucasian,Man,More than 5 years,Bachelor's degree,true,Employee - Full-Time (30 to 40+ hrs/week),first_shift,4,3,4,4,3,1,1,1,2,1,1,1,1,1,1,1,1,1,1,5,2,2,2,2,1,,1,1,1,1,2,1,1,1,1,1,1,1,1,1,1,1,1,1,1,1,1,1,1,4,4,4,4,0,0,1,3.6,1.2,1.0,1.0,5,2,2.0,,1.2,1.0,1.0,1.0,1.0,4.0,1,
R_3k17FvYOFjcn2GM,true,SV_5nV942MJGubDmqq,439,1,cloudresearch,America/New_York,2026-06-04,44,Black or African American,Woman,More than 5 years,Associate degree,false,Independent Contractor or Freelancer (1099),second_shift,4,3,4,4,4,3,2,2,2,2,3,4,4,3,3,2,2,3,3,2,2,3,3,2,2,2,1,2,2,2,1,1,2,1,1,1,1,1,1,1,1,1,1,1,1,2,1,1,1,5,5,5,5,0,1,1,3.8,2.2,3.4,2.5,2,2,3.0,1.8333333333333333,1.4,1.0,1.0,1.0,1.25,5.0,1,3
R_3k17FvYOFjcn2GM,true,SV_eRKl4lgMZDAurT8,392,2,cloudresearch,America/New_York,2026-06-04,44,Black or African American,Woman,More than 5 years,Associate degree,false,Independent Contractor or Freelancer (1099),second_shift,4,3,4,4,4,3,2,2,2,2,3,4,4,3,3,2,2,3,3,2,2,3,3,2,2,,1,2,1,2,1,1,1,1,1,1,1,1,1,1,1,1,1,1,1,1,1,1,1,5,5,5,5,0,0,1,3.8,2.2,3.4,2.5,2,2,3.0,,1.2,1.0,1.0,1.0,1.0,5.0,1,
R_3k17FvYOFjcn2GM,true,SV_6J3svun1r97AAHc,308,3,cloudresearch,America/New_York,2026-06-04,44,Black or African American,Woman,More than 5 years,Associate degree,false,Independent Contractor or Freelancer (1099),second_shift,4,3,4,4,4,3,2,2,2,2,3,4,4,3,3,2,2,3,3,2,2,3,3,2,2,,1,2,2,1,1,1,2,1,1,2,1,1,1,1,1,1,1,1,1,1,1,1,1,5,5,5,5,0,3,1,3.8,2.2,3.4,2.5,2,2,3.0,,1.2,1.3333333333333333,1.0,1.0,1.0,5.0,1,
R_3n2CPTkQrPZzlQU,true,SV_5nV942MJGubDmqq,248,1,cloudresearch,America/New_York,2026-06-04,45,White or Caucasian,Woman,More than 5 years,Professional or doctorate degree,true,Employee - Full-Time (30 to 40+ hrs/week),first_shift,4,3,4,4,4,2,2,2,4,2,1,1,1,1,1,1,1,1,1,5,2,2,2,5,5,5,3,5,5,5,5,5,5,2,5,1,1,1,2,1,2,2,4,4,4,1,2,2,4,5,5,5,5,1,37,1,3.8,2.4,1.0,1.0,5,2,2.0,4.666666666666667,4.4,2.3333333333333335,1.5,3.5,2.25,5.0,1,4
R_3n2CPTkQrPZzlQU,true,SV_eRKl4lgMZDAurT8,182,2,cloudresearch,America/New_York,2026-06-04,45,White or Caucasian,Woman,More than 5 years,Professional or doctorate degree,true,Employee - Full-Time (30 to 40+ hrs/week),first_shift,4,3,4,4,4,2,2,2,4,2,1,1,1,1,1,1,1,1,1,5,2,2,2,5,5,,3,5,5,5,5,5,5,4,1,1,1,1,1,1,1,4,3,2,4,1,1,2,3,5,5,5,5,3,142,1,3.8,2.4,1.0,1.0,5,2,2.0,,4.8,1.0,1.0,3.25,1.75,5.0,1,
R_3n2CPTkQrPZzlQU,true,SV_6J3svun1r97AAHc,188,3,cloudresearch,America/New_York,2026-06-04,45,White or Caucasian,Woman,More than 5 years,Professional or doctorate degree,true,Employee - Full-Time (30 to 40+ hrs/week),first_shift,4,3,4,4,4,2,2,2,4,2,1,1,1,1,1,1,1,1,1,5,2,2,2,5,5,,5,5,5,5,5,4,5,4,1,1,5,1,1,2,2,2,1,4,4,1,2,2,2,5,5,5,5,1,44,1,3.8,2.4,1.0,1.0,5,2,2.0,,4.6,2.3333333333333335,1.5,2.75,1.75,5.0,1,
R_3pxvdThxGY6AHp4,true,SV_5nV942MJGubDmqq,353,1,cloudresearch,America/New_York,2026-06-04,27,Black or African American,Woman,3 to 5 years,Associate degree,false,Employee - Full-Time (30 to 40+ hrs/week),first_shift,3,2,3,4,3,3,1,1,4,2,1,1,1,1,1,1,1,1,1,4,2,2,2,2,2,1,1,2,1,2,2,1,2,1,1,1,1,1,1,1,1,1,1,1,1,1,1,1,1,5,5,5,5,0,0,1,3.0,2.2,1.0,1.0,4,2,2.0,1.5,1.6,1.0,1.0,1.0,1.0,5.0,1,4
R_3pxvdThxGY6AHp4,true,SV_eRKl4lgMZDAurT8,115,2,cloudresearch,America/New_York,2026-06-04,27,Black or African American,Woman,3 to 5 years,Associate degree,false,Employee - Full-Time (30 to 40+ hrs/week),first_shift,3,2,3,4,3,3,1,1,4,2,1,1,1,1,1,1,1,1,1,4,2,2,2,1,1,,1,1,1,1,1,2,2,2,1,1,1,1,1,1,1,1,1,1,1,1,1,1,1,5,5,5,5,0,0,1,3.0,2.2,1.0,1.0,4,2,2.0,,1.6,1.0,1.0,1.0,1.0,5.0,1,
R_3pxvdThxGY6AHp4,true,SV_6J3svun1r97AAHc,258,3,cloudresearch,America/New_York,2026-06-04,27,Black or African American,Woman,3 to 5 years,Associate degree,false,Employee - Full-Time (30 to 40+ hrs/week),first_shift,3,2,3,4,3,3,1,1,4,2,1,1,1,1,1,1,1,1,1,4,2,2,2,2,2,,2,2,2,2,2,3,3,3,2,2,2,1,1,1,1,1,1,1,1,1,4,1,1,5,5,5,5,0,0,1,3.0,2.2,1.0,1.0,4,2,2.0,,2.6,2.0,1.0,1.0,1.75,5.0,1,
R_3rNCso5ZyFoKJMN,true,SV_5nV942MJGubDmqq,347,1,cloudresearch,America/New_York,2026-06-04,63,White or Caucasian,Woman,More than 5 years,Associate degree,false,Employee - Full-Time (30 to 40+ hrs/week),first_shift,5,3,5,3,4,1,1,1,1,1,4,4,4,4,5,1,4,2,4,4,1,3,2,2,1,1,2,2,1,2,1,1,1,1,1,1,2,4,4,4,4,2,2,4,5,1,4,2,3,4,5,4,4,2,65,1,4.0,1.0,4.2,2.75,4,1,2.5,1.5,1.2,1.3333333333333333,4.0,3.25,2.5,4.25,1,5
R_3rNCso5ZyFoKJMN,true,SV_eRKl4lgMZDAurT8,453,2,cloudresearch,America/New_York,2026-06-04,63,White or Caucasian,Woman,More than 5 years,Associate degree,false,Employee - Full-Time (30 to 40+ hrs/week),first_shift,5,3,5,3,4,1,1,1,1,1,4,4,4,4,5,1,4,2,4,4,1,3,2,2,1,,1,1,1,2,3,1,1,1,1,1,1,4,1,1,4,1,2,3,4,2,1,1,1,4,4,4,4,1,81,1,4.0,1.0,4.2,2.75,4,1,2.5,,1.6,1.0,2.5,2.5,1.25,4.0,1,
R_3rNCso5ZyFoKJMN,true,SV_6J3svun1r97AAHc,439,3,cloudresearch,America/New_York,2026-06-04,63,White or Caucasian,Woman,More than 5 years,Associate degree,false,Employee - Full-Time (30 to 40+ hrs/week),first_shift,5,3,5,3,4,1,1,1,1,1,4,4,4,4,5,1,4,2,4,4,1,3,2,3,2,,1,1,1,2,1,2,2,1,1,1,1,2,1,1,2,2,1,3,4,1,1,1,1,5,5,5,4,1,46,1,4.0,1.0,4.2,2.75,4,1,2.5,,1.6,1.0,1.5,2.5,1.0,4.75,1,
R_3yckTVdTQSt1q6J,true,SV_5nV942MJGubDmqq,1160,1,cloudresearch,America/New_York,2026-06-04,34,White or Caucasian,Woman,More than 5 years,Associate degree,true,Employee - Full-Time (30 to 40+ hrs/week),first_shift,4,3,4,4,3,2,1,2,3,2,1,2,2,2,2,1,1,1,1,4,2,2,2,2,2,1,1,1,1,2,2,1,1,1,2,1,1,1,2,1,1,2,4,4,1,1,1,1,3,5,5,5,5,1,30,1,3.6,2.0,1.8,1.0,4,2,2.0,1.3333333333333333,1.4,1.3333333333333333,1.25,2.75,1.5,5.0,1,5
R_3yckTVdTQSt1q6J,true,SV_eRKl4lgMZDAurT8,179,2,cloudresearch,America/New_York,2026-06-04,34,White or Caucasian,Woman,More than 5 years,Associate degree,true,Employee - Full-Time (30 to 40+ hrs/week),first_shift,4,3,4,4,3,2,1,2,3,2,1,2,2,2,2,1,1,1,1,4,2,2,2,2,2,,1,2,2,3,3,3,3,3,1,2,1,1,1,1,2,2,4,5,3,1,1,1,1,5,5,5,5,0,0,1,3.6,2.0,1.8,1.0,4,2,2.0,,3.0,1.3333333333333333,1.25,3.5,1.0,5.0,1,
R_3yckTVdTQSt1q6J,true,SV_6J3svun1r97AAHc,1015,3,cloudresearch,America/New_York,2026-06-04,34,White or Caucasian,Woman,More than 5 years,Associate degree,true,Employee - Full-Time (30 to 40+ hrs/week),first_shift,4,3,4,4,3,2,1,2,3,2,1,2,2,2,2,1,1,1,1,4,2,2,2,3,3,,3,3,1,3,3,1,3,2,1,1,1,1,1,1,1,1,4,4,4,1,1,4,1,5,5,5,5,1,61,1,3.6,2.0,1.8,1.0,4,2,2.0,,2.4,1.0,1.0,3.25,1.75,5.0,1,
R_50TyvVTZK5nffMF,true,SV_5nV942MJGubDmqq,302,1,cloudresearch,America/Denver,2026-06-04,32,White or Caucasian,Man,1 to 3 years,Bachelor's degree,false,Employee - Full-Time (30 to 40+ hrs/week),early_shift,4,1,4,5,4,3,1,3,3,2,1,1,2,1,1,2,1,1,1,5,4,2,3,4,5,5,2,2,5,5,3,3,4,1,1,1,1,5,3,4,5,4,2,5,5,4,3,4,2,5,5,5,5,1,29,1,3.6,2.4,1.2,1.25,5,4,2.5,3.8333333333333335,3.2,1.0,4.25,4.0,3.25,5.0,1,4
R_50TyvVTZK5nffMF,true,SV_eRKl4lgMZDAurT8,145,2,cloudresearch,America/Denver,2026-06-04,32,White or Caucasian,Man,1 to 3 years,Bachelor's degree,false,Employee - Full-Time (30 to 40+ hrs/week),early_shift,4,1,4,5,4,3,1,3,3,2,1,1,2,1,1,2,1,1,1,5,4,2,3,2,2,,2,3,1,2,3,3,3,2,3,1,1,2,5,3,4,4,4,4,5,3,2,4,2,4,5,5,4,1,64,1,3.6,2.4,1.2,1.25,5,4,2.5,,2.6,1.6666666666666667,3.5,4.25,2.75,4.5,1,
R_50TyvVTZK5nffMF,true,SV_6J3svun1r97AAHc,221,3,cloudresearch,America/Denver,2026-06-04,32,White or Caucasian,Man,1 to 3 years,Bachelor's degree,false,Employee - Full-Time (30 to 40+ hrs/week),early_shift,4,1,4,5,4,3,1,3,3,2,1,1,2,1,1,2,1,1,1,5,4,2,3,1,1,,2,2,3,3,1,3,3,2,1,3,1,5,4,4,5,2,4,4,4,2,3,2,2,5,4,5,4,0,0,1,3.6,2.4,1.2,1.25,5,4,2.5,,2.4,1.6666666666666667,4.5,3.5,2.25,4.5,1,
R_515N37Hk3oEfYSt,true,SV_5nV942MJGubDmqq,251,1,cloudresearch,America/New_York,2026-06-04,51,White or Caucasian,Man,More than 5 years,Associate degree,false,Employee - Full-Time (30 to 40+ hrs/week),early_shift,4,2,3,4,3,2,2,2,2,2,2,4,2,4,4,2,4,4,2,4,1,3,3,3,2,3,1,2,2,2,2,3,3,3,1,1,1,4,4,1,2,1,1,3,4,2,1,3,4,4,5,4,5,2,60,1,3.2,2.0,3.2,3.0,4,1,3.0,2.1666666666666665,2.6,1.0,2.75,2.25,2.5,4.5,1,4
R_515N37Hk3oEfYSt,true,SV_eRKl4lgMZDAurT8,376,2,cloudresearch,America/New_York,2026-06-04,51,White or Caucasian,Man,More than 5 years,Associate degree,false,Employee - Full-Time (30 to 40+ hrs/week),early_shift,4,2,3,4,3,2,2,2,2,2,2,4,2,4,4,2,4,4,2,4,1,3,3,2,3,,2,3,3,3,2,2,2,2,3,2,2,2,4,1,2,2,2,1,2,1,2,2,2,4,4,4,5,3,91,1,3.2,2.0,3.2,3.0,4,1,3.0,,2.2,2.3333333333333335,2.25,1.75,1.75,4.25,1,
R_515N37Hk3oEfYSt,true,SV_6J3svun1r97AAHc,239,3,cloudresearch,America/New_York,2026-06-04,51,White or Caucasian,Man,More than 5 years,Associate degree,false,Employee - Full-Time (30 to 40+ hrs/week),early_shift,4,2,3,4,3,2,2,2,2,2,2,4,2,4,4,2,4,4,2,4,1,3,3,3,2,,1,2,1,2,2,2,3,2,1,1,1,2,2,2,2,2,4,5,4,2,2,4,4,4,5,4,5,1,28,1,3.2,2.0,3.2,3.0,4,1,3.0,,2.2,1.0,2.0,3.75,3.0,4.5,1,
R_58M792XN6t9CyGX,true,SV_5nV942MJGubDmqq,175,1,cloudresearch,America/New_York,2026-06-04,32,White or Caucasian,Man,More than 5 years,Bachelor's degree,true,Employee - Full-Time (30 to 40+ hrs/week),first_shift,3,3,4,4,3,2,2,1,1,1,4,2,2,3,2,2,2,2,2,4,1,2,2,2,1,1,1,2,2,2,2,2,2,1,1,1,1,1,1,1,1,1,1,1,1,1,1,1,1,4,4,4,4,1,30,1,3.4,1.4,2.6,2.0,4,1,2.0,1.5,1.8,1.0,1.0,1.0,1.0,4.0,1,4
R_58M792XN6t9CyGX,true,SV_eRKl4lgMZDAurT8,122,2,cloudresearch,America/New_York,2026-06-04,32,White or Caucasian,Man,More than 5 years,Bachelor's degree,true,Employee - Full-Time (30 to 40+ hrs/week),first_shift,3,3,4,4,3,2,2,1,1,1,4,2,2,3,2,2,2,2,2,4,1,2,2,1,1,,1,1,1,1,2,1,2,1,1,1,1,1,1,1,1,1,1,1,1,1,1,1,1,4,4,4,4,0,0,1,3.4,1.4,2.6,2.0,4,1,2.0,,1.4,1.0,1.0,1.0,1.0,4.0,1,
R_58M792XN6t9CyGX,true,SV_6J3svun1r97AAHc,107,3,cloudresearch,America/New_York,2026-06-04,32,White or Caucasian,Man,More than 5 years,Bachelor's degree,true,Employee - Full-Time (30 to 40+ hrs/week),first_shift,3,3,4,4,3,2,2,1,1,1,4,2,2,3,2,2,2,2,2,4,1,2,2,2,2,,2,2,2,3,3,3,3,1,1,1,1,1,1,1,1,1,1,1,1,1,1,1,1,4,4,4,4,0,0,1,3.4,1.4,2.6,2.0,4,1,2.0,,2.6,1.0,1.0,1.0,1.0,4.0,1,
R_5Aw8oE9dI9HMebv,true,SV_5nV942MJGubDmqq,221,1,cloudresearch,America/New_York,2026-06-04,22,Hispanic or Latino,Man,Less than a year,"High school diploma or equivalent (e.g., GED)",false,Employee - Part-Time (<30 hrs/week),first_shift,4,4,4,3,3,3,1,2,3,2,1,2,1,2,1,1,2,2,2,4,2,4,4,4,3,3,2,3,3,3,1,1,4,4,3,3,3,4,4,4,4,2,4,4,4,3,3,3,2,5,5,5,5,1,100,5,3.6,2.2,1.4,1.75,4,2,4.0,3.0,2.6,3.0,4.0,3.5,2.75,5.0,5,2
R_5Aw8oE9dI9HMebv,true,SV_eRKl4lgMZDAurT8,160,2,cloudresearch,America/New_York,2026-06-04,22,Hispanic or Latino,Man,Less than a year,"High school diploma or equivalent (e.g., GED)",false,Employee - Part-Time (<30 hrs/week),first_shift,4,4,4,3,3,3,1,2,3,2,1,2,1,2,1,1,2,2,2,4,2,4,4,3,2,,3,2,2,2,2,2,2,3,2,1,2,4,4,2,3,4,4,4,4,1,4,4,2,5,5,5,5,1,30,3,3.6,2.2,1.4,1.75,4,2,4.0,,2.2,1.6666666666666667,3.25,4.0,2.75,5.0,3,
R_5Aw8oE9dI9HMebv,true,SV_6J3svun1r97AAHc,230,3,cloudresearch,America/New_York,2026-06-04,22,Hispanic or Latino,Man,Less than a year,"High school diploma or equivalent (e.g., GED)",false,Employee - Part-Time (<30 hrs/week),first_shift,4,4,4,3,3,3,1,2,3,2,1,2,1,2,1,1,2,2,2,4,2,4,4,2,2,,1,2,2,2,2,2,2,2,1,1,1,1,1,1,1,2,3,1,3,1,1,1,1,5,5,5,5,1,24,2,3.6,2.2,1.4,1.75,4,2,4.0,,2.0,1.0,1.0,2.25,1.0,5.0,2,
R_5E6d00zdVBe1A1a,true,SV_5nV942MJGubDmqq,377,1,cloudresearch,America/New_York,2026-06-04,27,White or Caucasian,Man,3 to 5 years,"High school diploma or equivalent (e.g., GED)",false,Employee - Full-Time (30 to 40+ hrs/week),early_shift,3,1,2,3,2,4,4,3,4,5,2,2,4,2,2,2,2,2,4,2,2,3,4,2,3,2,2,2,4,3,3,4,4,1,3,3,3,5,4,4,4,4,4,5,4,2,4,2,1,5,5,5,5,0,0,1,2.2,4.0,2.4,2.5,2,2,3.5,2.5,3.0,3.0,4.25,4.25,2.25,5.0,1,2
R_5E6d00zdVBe1A1a,true,SV_eRKl4lgMZDAurT8,287,2,cloudresearch,America/New_York,2026-06-04,27,White or Caucasian,Man,3 to 5 years,"High school diploma or equivalent (e.g., GED)",false,Employee - Full-Time (30 to 40+ hrs/week),early_shift,3,1,2,3,2,4,4,3,4,5,2,2,4,2,2,2,2,2,4,2,2,3,4,1,2,,3,1,1,2,1,1,1,1,3,2,2,4,4,4,2,4,4,4,2,4,3,2,4,5,5,4,5,0,0,1,2.2,4.0,2.4,2.5,2,2,3.5,,1.2,2.3333333333333335,3.5,3.5,3.25,4.75,1,
R_5E6d00zdVBe1A1a,true,SV_6J3svun1r97AAHc,122,3,cloudresearch,America/New_York,2026-06-04,27,White or Caucasian,Man,3 to 5 years,"High school diploma or equivalent (e.g., GED)",false,Employee - Full-Time (30 to 40+ hrs/week),early_shift,3,1,2,3,2,4,4,3,4,5,2,2,4,2,2,2,2,2,4,2,2,3,4,1,1,,1,3,1,1,1,1,1,1,1,1,2,4,4,4,4,4,4,5,4,2,4,4,4,5,5,5,5,0,0,1,2.2,4.0,2.4,2.5,2,2,3.5,,1.0,1.3333333333333333,4.0,4.25,3.5,5.0,1,
R_5PUdKF8ZUhoXKzq,true,SV_5nV942MJGubDmqq,348,1,cloudresearch,America/New_York,2026-06-04,57,White or Caucasian,Woman,3 to 5 years,Professional or doctorate degree,false,Employee - Full-Time (30 to 40+ hrs/week),first_shift,4,2,4,4,4,2,2,2,2,1,2,2,2,1,2,2,2,2,2,4,2,2,2,1,1,1,1,1,1,1,1,1,1,1,1,1,1,1,1,1,2,2,2,4,3,1,1,1,1,5,5,5,5,0,0,1,3.6,1.8,1.8,2.0,4,2,2.0,1.0,1.0,1.0,1.25,2.75,1.0,5.0,1,4
R_5PUdKF8ZUhoXKzq,true,SV_eRKl4lgMZDAurT8,168,2,cloudresearch,America/New_York,2026-06-04,57,White or Caucasian,Woman,3 to 5 years,Professional or doctorate degree,false,Employee - Full-Time (30 to 40+ hrs/week),first_shift,4,2,4,4,4,2,2,2,2,1,2,2,2,1,2,2,2,2,2,4,2,2,2,1,1,,1,1,1,1,1,1,1,1,1,1,2,1,1,1,1,1,4,4,1,1,1,1,1,5,5,5,5,0,0,1,3.6,1.8,1.8,2.0,4,2,2.0,,1.0,1.3333333333333333,1.0,2.5,1.0,5.0,1,
R_5PUdKF8ZUhoXKzq,true,SV_6J3svun1r97AAHc,277,3,cloudresearch,America/New_York,2026-06-04,57,White or Caucasian,Woman,3 to 5 years,Professional or doctorate degree,false,Employee - Full-Time (30 to 40+ hrs/week),first_shift,4,2,4,4,4,2,2,2,2,1,2,2,2,1,2,2,2,2,2,4,2,2,2,1,1,,2,1,1,1,1,1,1,1,1,2,2,1,1,1,1,3,4,4,4,1,1,1,1,5,5,5,5,0,0,1,3.6,1.8,1.8,2.0,4,2,2.0,,1.0,1.6666666666666667,1.0,3.75,1.0,5.0,1,
R_5Rz4Kr7uD3UAHiO,true,SV_5nV942MJGubDmqq,261,1,cloudresearch,America/Chicago,2026-06-04,49,White or Caucasian,Man,1 to 3 years,"Some college, no degree",true,Employee - Full-Time (30 to 40+ hrs/week),second_shift,4,3,4,5,4,2,1,1,2,1,1,1,1,1,1,1,1,1,1,5,2,2,2,2,1,1,1,1,1,1,1,1,1,1,3,2,1,1,2,1,1,1,2,4,4,1,1,1,2,5,5,5,5,0,0,1,4.0,1.4,1.0,1.0,5,2,2.0,1.1666666666666667,1.0,2.0,1.25,2.75,1.25,5.0,1,5
R_5Rz4Kr7uD3UAHiO,true,SV_eRKl4lgMZDAurT8,254,2,cloudresearch,America/Chicago,2026-06-04,49,White or Caucasian,Man,1 to 3 years,"Some college, no degree",true,Employee - Full-Time (30 to 40+ hrs/week),second_shift,4,3,4,5,4,2,1,1,2,1,1,1,1,1,1,1,1,1,1,5,2,2,2,3,1,,1,1,2,2,2,2,2,3,3,3,1,1,1,2,1,2,4,4,4,1,1,1,1,5,5,5,5,1,22,1,4.0,1.4,1.0,1.0,5,2,2.0,,2.2,2.3333333333333335,1.25,3.5,1.0,5.0,1,
R_5Rz4Kr7uD3UAHiO,true,SV_6J3svun1r97AAHc,257,3,cloudresearch,America/Chicago,2026-06-04,49,White or Caucasian,Man,1 to 3 years,"Some college, no degree",true,Employee - Full-Time (30 to 40+ hrs/week),second_shift,4,3,4,5,4,2,1,1,2,1,1,1,1,1,1,1,1,1,1,5,2,2,2,2,1,,1,1,1,2,1,1,1,1,1,1,1,1,1,1,1,2,4,4,4,1,1,1,1,5,5,5,5,0,0,1,4.0,1.4,1.0,1.0,5,2,2.0,,1.2,1.0,1.0,3.5,1.0,5.0,1,
R_5a2PgUcWsMxqaBP,true,SV_5nV942MJGubDmqq,131,1,cloudresearch,America/Los_Angeles,2026-06-04,33,White or Caucasian,Man,3 to 5 years,Master's degree,false,Employee - Full-Time (30 to 40+ hrs/week),early_shift,3,3,3,3,3,1,1,2,3,1,1,1,1,2,1,1,1,1,2,5,2,2,2,2,1,1,1,1,1,1,1,1,3,2,1,2,1,4,1,1,3,2,2,4,4,1,2,1,1,3,3,3,3,0,0,1,3.0,1.6,1.2,1.25,5,2,2.0,1.1666666666666667,1.6,1.3333333333333333,2.25,3.0,1.25,3.0,1,4
R_5a2PgUcWsMxqaBP,true,SV_eRKl4lgMZDAurT8,113,2,cloudresearch,America/Los_Angeles,2026-06-04,33,White or Caucasian,Man,3 to 5 years,Master's degree,false,Employee - Full-Time (30 to 40+ hrs/week),early_shift,3,3,3,3,3,1,1,2,3,1,1,1,1,2,1,1,1,1,2,5,2,2,2,2,1,,1,1,1,1,2,2,1,1,1,1,1,2,1,1,1,1,1,3,2,1,1,1,1,4,4,4,3,0,0,1,3.0,1.6,1.2,1.25,5,2,2.0,,1.4,1.0,1.25,1.75,1.0,3.75,1,
R_5a2PgUcWsMxqaBP,true,SV_6J3svun1r97AAHc,125,3,cloudresearch,America/Los_Angeles,2026-06-04,33,White or Caucasian,Man,3 to 5 years,Master's degree,false,Employee - Full-Time (30 to 40+ hrs/week),early_shift,3,3,3,3,3,1,1,2,3,1,1,1,1,2,1,1,1,1,2,5,2,2,2,1,1,,1,1,1,2,2,1,1,2,1,1,1,3,1,1,1,1,3,3,4,1,2,1,1,3,3,3,3,0,0,1,3.0,1.6,1.2,1.25,5,2,2.0,,1.6,1.0,1.5,2.75,1.25,3.0,1,
R_5eY9eqraYl6ioql,true,SV_5nV942MJGubDmqq,231,1,cloudresearch,America/Denver,2026-06-04,40,Two or more races,Man,More than 5 years,Master's degree,true,Employee - Full-Time (30 to 40+ hrs/week),second_shift,4,4,4,5,3,1,1,1,1,1,1,2,1,1,1,1,1,1,1,5,1,5,3,1,1,1,1,1,1,1,1,1,1,1,1,1,1,1,1,1,1,1,1,1,1,1,1,1,1,5,5,5,5,2,43,1,4.0,1.0,1.2,1.0,5,1,4.0,1.0,1.0,1.0,1.0,1.0,1.0,5.0,1,5
R_5eY9eqraYl6ioql,true,SV_eRKl4lgMZDAurT8,143,2,cloudresearch,America/Denver,2026-06-04,40,Two or more races,Man,More than 5 years,Master's degree,true,Employee - Full-Time (30 to 40+ hrs/week),second_shift,4,4,4,5,3,1,1,1,1,1,1,2,1,1,1,1,1,1,1,5,1,5,3,1,1,,1,1,1,1,1,1,1,1,1,1,1,1,1,1,1,1,1,4,1,1,1,1,3,5,5,5,5,1,34,1,4.0,1.0,1.2,1.0,5,1,4.0,,1.0,1.0,1.0,1.75,1.5,5.0,1,
R_5eY9eqraYl6ioql,true,SV_6J3svun1r97AAHc,86,3,cloudresearch,America/Denver,2026-06-04,40,Two or more races,Man,More than 5 years,Master's degree,true,Employee - Full-Time (30 to 40+ hrs/week),second_shift,4,4,4,5,3,1,1,1,1,1,1,2,1,1,1,1,1,1,1,5,1,5,3,1,1,,1,1,1,1,1,1,1,1,2,1,1,1,1,1,1,1,1,1,1,1,1,1,1,5,5,5,5,0,5,1,4.0,1.0,1.2,1.0,5,1,4.0,,1.0,1.3333333333333333,1.0,1.0,1.0,5.0,1,
R_5pyhmMW24MJHdRJ,false,SV_5nV942MJGubDmqq,199,1,snowball,America/Denver,2026-06-04,29,White or Caucasian,Woman,1 to 3 years,Professional or doctorate degree,true,Employee - Full-Time (30 to 40+ hrs/week),first_shift,4,2,4,3,4,2,1,3,3,3,1,2,2,1,2,4,2,2,4,2,3,4,3,2,3,1,1,2,1,2,2,2,3,2,1,1,1,1,1,2,4,1,4,5,4,1,1,2,1,5,5,5,5,0,0,2,3.4,2.4,1.6,3.0,2,3,3.5,1.6666666666666667,2.2,1.0,2.0,3.5,1.25,5.0,2,3
R_5pyhmMW24MJHdRJ,false,SV_eRKl4lgMZDAurT8,215,2,snowball,America/Denver,2026-06-04,29,White or Caucasian,Woman,1 to 3 years,Professional or doctorate degree,true,Employee - Full-Time (30 to 40+ hrs/week),first_shift,4,2,4,3,4,2,1,3,3,3,1,2,2,1,2,4,2,2,4,2,3,4,3,3,2,,1,2,1,4,3,2,3,2,1,1,1,1,1,1,1,1,2,2,1,1,2,1,1,5,5,5,5,2,120,2,3.4,2.4,1.6,3.0,2,3,3.5,,2.8,1.0,1.0,1.5,1.25,5.0,2,
R_5pyhmMW24MJHdRJ,false,SV_6J3svun1r97AAHc,119,3,snowball,America/Denver,2026-06-04,29,White or Caucasian,Woman,1 to 3 years,Professional or doctorate degree,true,Employee - Full-Time (30 to 40+ hrs/week),first_shift,4,2,4,3,4,2,1,3,3,3,1,2,2,1,2,4,2,2,4,2,3,4,3,2,2,,1,1,3,1,2,2,2,3,1,1,1,1,1,1,1,1,1,1,1,1,1,1,1,5,5,5,5,0,0,2,3.4,2.4,1.6,3.0,2,3,3.5,,2.0,1.0,1.0,1.0,1.0,5.0,2,
R_5ts37WEKdfooejV,false,SV_5nV942MJGubDmqq,440,1,snowball,America/New_York,2026-06-04,33,White or Caucasian,Woman,1 to 3 years,Master's degree,false,Employee - Full-Time (30 to 40+ hrs/week),second_shift,5,4,4,5,4,3,2,2,3,2,2,4,2,4,4,2,1,2,2,4,3,4,4,3,1,2,2,5,1,3,3,3,3,4,1,1,1,2,2,1,1,2,2,4,4,2,2,2,4,5,5,5,5,0,80,2,4.4,2.4,3.2,1.75,4,3,4.0,2.3333333333333335,3.2,1.0,1.5,3.0,2.5,5.0,2,4
R_5ts37WEKdfooejV,false,SV_eRKl4lgMZDAurT8,375,2,snowball,America/New_York,2026-06-04,33,White or Caucasian,Woman,1 to 3 years,Master's degree,false,Employee - Full-Time (30 to 40+ hrs/week),second_shift,5,4,4,5,4,3,2,2,3,2,2,4,2,4,4,2,1,2,2,4,3,4,4,5,4,,3,3,2,2,3,1,4,1,1,1,2,1,1,1,1,4,3,4,3,4,4,4,4,5,5,5,5,2,100,1,4.4,2.4,3.2,1.75,4,3,4.0,,2.2,1.3333333333333333,1.0,3.5,4.0,5.0,1,
R_5ts37WEKdfooejV,false,SV_6J3svun1r97AAHc,190,3,snowball,America/New_York,2026-06-04,33,White or Caucasian,Woman,1 to 3 years,Master's degree,false,Employee - Full-Time (30 to 40+ hrs/week),second_shift,5,4,4,5,4,3,2,2,3,2,2,4,2,4,4,2,1,2,2,4,3,4,4,5,3,,4,4,3,4,3,4,4,1,1,1,1,1,1,1,1,4,3,3,2,2,1,2,2,5,5,5,5,0,137,1,4.4,2.4,3.2,1.75,4,3,4.0,,3.2,1.0,1.0,3.0,1.75,5.0,1,
R_62yC6YOuIEMUPUb,true,SV_5nV942MJGubDmqq,169,1,cloudresearch,America/New_York,2026-06-04,45,Hispanic or Latino,Man,3 to 5 years,Master's degree,false,Employee - Full-Time (30 to 40+ hrs/week),first_shift,4,3,4,4,4,2,2,1,2,2,2,2,2,3,2,1,1,1,1,5,1,4,4,1,1,1,1,1,1,1,1,1,1,1,1,1,1,1,1,1,1,1,1,3,1,1,1,1,1,5,5,5,5,0,0,1,3.8,1.8,2.2,1.0,5,1,4.0,1.0,1.0,1.0,1.0,1.5,1.0,5.0,1,5
R_62yC6YOuIEMUPUb,true,SV_eRKl4lgMZDAurT8,142,2,cloudresearch,America/New_York,2026-06-04,45,Hispanic or Latino,Man,3 to 5 years,Master's degree,false,Employee - Full-Time (30 to 40+ hrs/week),first_shift,4,3,4,4,4,2,2,1,2,2,2,2,2,3,2,1,1,1,1,5,1,4,4,1,1,,1,1,1,1,1,1,1,1,1,1,1,1,1,1,1,1,1,2,1,1,1,1,1,5,5,5,5,0,0,1,3.8,1.8,2.2,1.0,5,1,4.0,,1.0,1.0,1.0,1.25,1.0,5.0,1,
R_62yC6YOuIEMUPUb,true,SV_6J3svun1r97AAHc,135,3,cloudresearch,America/New_York,2026-06-04,45,Hispanic or Latino,Man,3 to 5 years,Master's degree,false,Employee - Full-Time (30 to 40+ hrs/week),first_shift,4,3,4,4,4,2,2,1,2,2,2,2,2,3,2,1,1,1,1,5,1,4,4,3,1,,1,1,1,1,1,1,1,1,1,1,1,1,1,1,1,1,1,2,1,1,1,1,1,5,5,5,5,1,20,1,3.8,1.8,2.2,1.0,5,1,4.0,,1.0,1.0,1.0,1.25,1.0,5.0,1,
R_63w2p2EEqerBdb5,true,SV_5nV942MJGubDmqq,156,1,cloudresearch,America/Chicago,2026-06-04,31,White or Caucasian,Non-binary,3 to 5 years,"Some college, no degree",true,Independent Contractor or Freelancer (1099),first_shift,3,4,4,4,3,3,2,2,2,2,3,3,3,3,3,3,3,3,3,4,2,5,4,3,2,2,1,3,2,2,2,3,3,2,1,2,1,2,2,2,3,3,4,3,3,2,2,3,2,5,5,5,5,0,0,1,3.6,2.2,3.0,3.0,4,2,4.5,2.1666666666666665,2.4,1.3333333333333333,2.25,3.25,2.25,5.0,1,4
R_63w2p2EEqerBdb5,true,SV_eRKl4lgMZDAurT8,132,2,cloudresearch,America/Chicago,2026-06-04,31,White or Caucasian,Non-binary,3 to 5 years,"Some college, no degree",true,Independent Contractor or Freelancer (1099),first_shift,3,4,4,4,3,3,2,2,2,2,3,3,3,3,3,3,3,3,3,4,2,5,4,4,3,,2,3,2,3,3,3,3,3,1,1,1,3,2,2,4,2,3,3,4,2,2,2,3,5,5,5,5,2,45,1,3.6,2.2,3.0,3.0,4,2,4.5,,3.0,1.0,2.75,3.0,2.25,5.0,1,
R_63w2p2EEqerBdb5,true,SV_6J3svun1r97AAHc,121,3,cloudresearch,America/Chicago,2026-06-04,31,White or Caucasian,Non-binary,3 to 5 years,"Some college, no degree",true,Independent Contractor or Freelancer (1099),first_shift,3,4,4,4,3,3,2,2,2,2,3,3,3,3,3,3,3,3,3,4,2,5,4,5,3,,2,4,3,4,4,4,4,4,1,1,1,2,3,3,4,3,2,3,3,2,2,2,2,5,5,5,5,4,80,2,3.6,2.2,3.0,3.0,4,2,4.5,,4.0,1.0,3.0,2.75,2.0,5.0,2,
R_65XiRItXHbGRcDn,true,SV_5nV942MJGubDmqq,138,1,cloudresearch,America/New_York,2026-06-04,44,White or Caucasian,Man,More than 5 years,Master's degree,false,Employee - Full-Time (30 to 40+ hrs/week),first_shift,4,2,3,4,3,3,2,3,4,3,2,1,1,2,1,1,1,1,1,3,1,3,3,1,1,1,1,1,1,1,1,1,1,1,1,5,1,1,1,1,1,1,1,3,1,1,1,1,1,5,5,5,5,1,30,1,3.2,3.0,1.4,1.0,3,1,3.0,1.0,1.0,2.3333333333333335,1.0,1.5,1.0,5.0,1,5
R_65XiRItXHbGRcDn,true,SV_eRKl4lgMZDAurT8,103,2,cloudresearch,America/New_York,2026-06-04,44,White or Caucasian,Man,More than 5 years,Master's degree,false,Employee - Full-Time (30 to 40+ hrs/week),first_shift,4,2,3,4,3,3,2,3,4,3,2,1,1,2,1,1,1,1,1,3,1,3,3,1,1,,1,1,1,1,1,1,1,1,1,1,1,1,1,1,1,1,1,1,1,1,1,1,1,5,5,5,5,1,20,1,3.2,3.0,1.4,1.0,3,1,3.0,,1.0,1.0,1.0,1.0,1.0,5.0,1,
R_65XiRItXHbGRcDn,true,SV_6J3svun1r97AAHc,90,3,cloudresearch,America/New_York,2026-06-04,44,White or Caucasian,Man,More than 5 years,Master's degree,false,Employee - Full-Time (30 to 40+ hrs/week),first_shift,4,2,3,4,3,3,2,3,4,3,2,1,1,2,1,1,1,1,1,3,1,3,3,1,1,,1,1,1,1,1,1,1,1,1,1,1,1,1,1,1,1,1,3,1,1,1,1,1,5,5,5,5,0,0,1,3.2,3.0,1.4,1.0,3,1,3.0,,1.0,1.0,1.0,1.5,1.0,5.0,1,
R_677B7BcFFWFiw6t,true,SV_5nV942MJGubDmqq,555,1,cloudresearch,America/New_York,2026-06-04,46,White or Caucasian,Man,1 to 3 years,Associate degree,true,Independent Contractor or Freelancer (1099),third_shift,3,3,3,3,2,3,2,4,4,4,4,1,5,4,4,1,5,2,4,1,5,5,5,2,2,2,1,2,2,1,5,5,5,4,5,5,5,2,1,1,4,5,3,3,1,3,1,2,1,4,4,4,4,3,31,5,2.8,3.4,3.6,3.0,1,5,5.0,1.8333333333333333,4.0,5.0,2.0,3.0,1.75,4.0,5,2
R_677B7BcFFWFiw6t,true,SV_eRKl4lgMZDAurT8,304,2,cloudresearch,America/New_York,2026-06-04,46,White or Caucasian,Man,1 to 3 years,Associate degree,true,Independent Contractor or Freelancer (1099),third_shift,3,3,3,3,2,3,2,4,4,4,4,1,5,4,4,1,5,2,4,1,5,5,5,1,1,,3,1,1,1,2,2,1,2,1,1,1,1,1,1,1,3,1,3,4,1,1,1,1,4,4,4,4,0,0,4,2.8,3.4,3.6,3.0,1,5,5.0,,1.6,1.0,1.0,2.75,1.0,4.0,4,
R_677B7BcFFWFiw6t,true,SV_6J3svun1r97AAHc,352,3,cloudresearch,America/New_York,2026-06-04,46,White or Caucasian,Man,1 to 3 years,Associate degree,true,Independent Contractor or Freelancer (1099),third_shift,3,3,3,3,2,3,2,4,4,4,4,1,5,4,4,1,5,2,4,1,5,5,5,5,5,,5,5,5,5,5,5,5,5,1,2,1,4,4,1,4,4,4,4,4,1,4,1,1,4,4,4,4,8,109,5,2.8,3.4,3.6,3.0,1,5,5.0,,5.0,1.3333333333333333,3.25,4.0,1.75,4.0,5,
R_6CI1pZJ9CMSa5BW,true,SV_5nV942MJGubDmqq,373,1,cloudresearch,America/New_York,2026-06-04,37,White or Caucasian,Man,3 to 5 years,"Some college, no degree",false,Employee - Full-Time (30 to 40+ hrs/week),first_shift,4,4,5,4,3,2,2,2,2,2,1,1,1,2,1,1,1,1,1,5,1,1,1,3,1,2,3,2,3,3,1,2,1,1,1,1,1,1,1,1,1,2,1,2,5,1,1,1,1,4,4,4,4,1,45,1,4.0,2.0,1.2,1.0,5,1,1.0,2.3333333333333335,1.6,1.0,1.0,2.5,1.0,4.0,1,5
R_6CI1pZJ9CMSa5BW,true,SV_eRKl4lgMZDAurT8,165,2,cloudresearch,America/New_York,2026-06-04,37,White or Caucasian,Man,3 to 5 years,"Some college, no degree",false,Employee - Full-Time (30 to 40+ hrs/week),first_shift,4,4,5,4,3,2,2,2,2,2,1,1,1,2,1,1,1,1,1,5,1,1,1,2,2,,2,2,2,1,2,2,2,1,1,1,2,1,2,1,1,1,1,2,1,1,1,1,1,4,4,4,4,1,30,1,4.0,2.0,1.2,1.0,5,1,1.0,,1.6,1.3333333333333333,1.25,1.25,1.0,4.0,1,
R_6CI1pZJ9CMSa5BW,true,SV_6J3svun1r97AAHc,191,3,cloudresearch,America/New_York,2026-06-04,37,White or Caucasian,Man,3 to 5 years,"Some college, no degree",false,Employee - Full-Time (30 to 40+ hrs/week),first_shift,4,4,5,4,3,2,2,2,2,2,1,1,1,2,1,1,1,1,1,5,1,1,1,2,1,,1,1,1,1,1,2,2,1,1,1,2,1,1,1,1,1,2,1,1,1,1,1,1,4,4,4,4,0,75,1,4.0,2.0,1.2,1.0,5,1,1.0,,1.4,1.3333333333333333,1.0,1.25,1.0,4.0,1,
R_6CP4FuE8ELVEnuz,true,SV_5nV942MJGubDmqq,171,1,cloudresearch,America/New_York,2026-06-04,32,Two or more races,Woman,1 to 3 years,"Some college, no degree",false,Employee - Full-Time (30 to 40+ hrs/week),second_shift,3,3,2,3,2,3,2,4,3,3,4,4,4,5,4,4,3,4,4,3,4,3,4,5,5,5,,1,5,4,5,5,5,4,3,3,3,3,5,3,3,4,4,3,3,4,5,4,2,5,5,5,5,1,57,5,2.6,3.0,4.2,3.75,3,4,3.5,,4.6,3.0,3.5,3.5,3.75,5.0,5,2
R_6CP4FuE8ELVEnuz,true,SV_eRKl4lgMZDAurT8,128,2,cloudresearch,America/New_York,2026-06-04,32,Two or more races,Woman,1 to 3 years,"Some college, no degree",false,Employee - Full-Time (30 to 40+ hrs/week),second_shift,3,3,2,3,2,3,2,4,3,3,4,4,4,5,4,4,3,4,4,3,4,3,4,3,4,,4,2,4,4,3,3,3,4,4,2,4,2,3,5,2,5,4,3,3,4,4,4,5,5,5,5,5,0,0,5,2.6,3.0,4.2,3.75,3,4,3.5,,3.4,3.3333333333333335,3.0,3.75,4.25,5.0,5,
R_6CP4FuE8ELVEnuz,true,SV_6J3svun1r97AAHc,137,3,cloudresearch,America/New_York,2026-06-04,32,Two or more races,Woman,1 to 3 years,"Some college, no degree",false,Employee - Full-Time (30 to 40+ hrs/week),second_shift,3,3,2,3,2,3,2,4,3,3,4,4,4,5,4,4,3,4,4,3,4,3,4,4,4,,4,2,4,3,3,3,3,4,3,5,5,4,5,5,3,4,5,3,5,3,3,4,2,5,5,5,5,0,0,5,2.6,3.0,4.2,3.75,3,4,3.5,,3.2,4.333333333333333,4.25,4.25,3.0,5.0,5,
R_6DhYT5VymFjV3mI,true,SV_5nV942MJGubDmqq,180,1,cloudresearch,America/New_York,2026-06-04,27,White or Caucasian,Man,3 to 5 years,"High school diploma or equivalent (e.g., GED)",false,Employee - Full-Time (30 to 40+ hrs/week),first_shift,4,3,4,4,4,2,1,1,2,1,1,1,1,1,1,1,1,1,1,5,1,2,2,1,1,1,1,1,1,1,1,1,1,1,1,1,1,1,1,1,1,1,1,1,1,1,1,1,1,3,3,3,3,1,36,1,3.8,1.4,1.0,1.0,5,1,2.0,1.0,1.0,1.0,1.0,1.0,1.0,3.0,1,5
R_6DhYT5VymFjV3mI,true,SV_eRKl4lgMZDAurT8,228,2,cloudresearch,America/New_York,2026-06-04,27,White or Caucasian,Man,3 to 5 years,"High school diploma or equivalent (e.g., GED)",false,Employee - Full-Time (30 to 40+ hrs/week),first_shift,4,3,4,4,4,2,1,1,2,1,1,1,1,1,1,1,1,1,1,5,1,2,2,2,1,,1,1,1,1,1,1,1,1,1,5,1,1,1,1,1,1,1,4,4,1,1,1,1,3,3,3,3,1,40,1,3.8,1.4,1.0,1.0,5,1,2.0,,1.0,2.3333333333333335,1.0,2.5,1.0,3.0,1,
R_6DhYT5VymFjV3mI,true,SV_6J3svun1r97AAHc,145,3,cloudresearch,America/New_York,2026-06-04,27,White or Caucasian,Man,3 to 5 years,"High school diploma or equivalent (e.g., GED)",false,Employee - Full-Time (30 to 40+ hrs/week),first_shift,4,3,4,4,4,2,1,1,2,1,1,1,1,1,1,1,1,1,1,5,1,2,2,3,2,,1,2,1,2,2,2,2,2,1,1,1,1,1,1,1,4,1,4,4,1,1,1,1,3,3,3,3,1,37,1,3.8,1.4,1.0,1.0,5,1,2.0,,2.0,1.0,1.0,3.25,1.0,3.0,1,
R_6EGElqkhGEd46Z3,true,SV_5nV942MJGubDmqq,136,1,cloudresearch,America/New_York,2026-06-04,36,White or Caucasian,Man,3 to 5 years,Bachelor's degree,false,Employee - Full-Time (30 to 40+ hrs/week),first_shift,3,2,4,3,2,5,2,4,4,3,2,4,4,3,3,4,3,3,4,2,2,4,3,4,2,2,3,3,2,2,2,3,4,2,2,4,5,2,2,1,3,3,3,4,2,2,3,3,2,5,5,5,5,1,45,2,2.8,3.6,3.2,3.5,2,2,3.5,2.6666666666666665,2.6,3.6666666666666665,2.0,3.0,2.5,5.0,2,2
R_6EGElqkhGEd46Z3,true,SV_eRKl4lgMZDAurT8,176,2,cloudresearch,America/New_York,2026-06-04,36,White or Caucasian,Man,3 to 5 years,Bachelor's degree,false,Employee - Full-Time (30 to 40+ hrs/week),first_shift,3,2,4,3,2,5,2,4,4,3,2,4,4,3,3,4,3,3,4,2,2,4,3,2,2,,3,2,2,2,2,2,3,3,2,4,3,1,1,1,3,3,3,3,2,1,4,1,1,5,5,5,5,0,0,2,2.8,3.6,3.2,3.5,2,2,3.5,,2.4,3.0,1.5,2.75,1.75,5.0,2,
R_6EGElqkhGEd46Z3,true,SV_6J3svun1r97AAHc,452,3,cloudresearch,America/New_York,2026-06-04,36,White or Caucasian,Man,3 to 5 years,Bachelor's degree,false,Employee - Full-Time (30 to 40+ hrs/week),first_shift,3,2,4,3,2,5,2,4,4,3,2,4,4,3,3,4,3,3,4,2,2,4,3,4,2,,2,2,2,1,1,2,2,1,4,3,5,1,2,1,1,2,3,2,2,1,3,1,1,5,5,5,5,1,24,2,2.8,3.6,3.2,3.5,2,2,3.5,,1.4,4.0,1.25,2.25,1.5,5.0,2,
R_6JDe3dVUucS83P0,true,SV_5nV942MJGubDmqq,285,1,cloudresearch,America/New_York,2026-06-04,46,White or Caucasian,Woman,3 to 5 years,"Some college, no degree",false,Employee - Full-Time (30 to 40+ hrs/week),early_shift,4,3,5,4,4,3,2,2,3,2,3,1,1,1,1,1,1,1,1,4,2,4,4,1,1,1,2,1,1,1,1,1,1,1,1,1,1,2,3,4,2,2,2,3,2,4,4,4,3,5,5,5,5,0,0,1,4.0,2.4,1.4,1.0,4,2,4.0,1.1666666666666667,1.0,1.0,2.75,2.25,3.75,5.0,1,2
R_6JDe3dVUucS83P0,true,SV_eRKl4lgMZDAurT8,195,2,cloudresearch,America/New_York,2026-06-04,46,White or Caucasian,Woman,3 to 5 years,"Some college, no degree",false,Employee - Full-Time (30 to 40+ hrs/week),early_shift,4,3,5,4,4,3,2,2,3,2,3,1,1,1,1,1,1,1,1,4,2,4,4,1,1,,1,2,2,1,1,1,1,1,1,1,1,1,3,3,2,3,3,3,3,4,4,5,4,5,5,5,5,0,0,1,4.0,2.4,1.4,1.0,4,2,4.0,,1.0,1.0,2.25,3.0,4.25,5.0,1,
R_6JDe3dVUucS83P0,true,SV_6J3svun1r97AAHc,198,3,cloudresearch,America/New_York,2026-06-04,46,White or Caucasian,Woman,3 to 5 years,"Some college, no degree",false,Employee - Full-Time (30 to 40+ hrs/week),early_shift,4,3,5,4,4,3,2,2,3,2,3,1,1,1,1,1,1,1,1,4,2,4,4,2,1,,1,1,2,1,1,1,1,1,1,1,1,1,2,2,1,2,3,3,1,4,4,4,3,5,5,5,5,0,0,1,4.0,2.4,1.4,1.0,4,2,4.0,,1.0,1.0,1.5,2.25,3.75,5.0,1,
R_6LcKTcoOTOjeqC5,true,SV_5nV942MJGubDmqq,192,1,cloudresearch,America/New_York,2026-06-04,32,White or Caucasian,Man,3 to 5 years,Bachelor's degree,false,Employee - Full-Time (30 to 40+ hrs/week),first_shift,4,4,4,4,4,1,1,1,1,1,2,2,3,3,3,2,3,3,3,4,3,3,3,1,1,1,1,1,1,1,1,1,1,1,1,1,1,1,1,1,1,1,1,1,1,1,1,1,1,3,3,3,3,0,0,1,4.0,1.0,2.6,2.75,4,3,3.0,1.0,1.0,1.0,1.0,1.0,1.0,3.0,1,5
R_6LcKTcoOTOjeqC5,true,SV_eRKl4lgMZDAurT8,171,2,cloudresearch,America/New_York,2026-06-04,32,White or Caucasian,Man,3 to 5 years,Bachelor's degree,false,Employee - Full-Time (30 to 40+ hrs/week),first_shift,4,4,4,4,4,1,1,1,1,1,2,2,3,3,3,2,3,3,3,4,3,3,3,1,1,,1,1,1,1,1,1,1,1,1,1,1,1,1,1,1,1,1,3,1,1,1,1,3,3,3,3,3,1,15,1,4.0,1.0,2.6,2.75,4,3,3.0,,1.0,1.0,1.0,1.5,1.5,3.0,1,
R_6LcKTcoOTOjeqC5,true,SV_6J3svun1r97AAHc,120,3,cloudresearch,America/New_York,2026-06-04,32,White or Caucasian,Man,3 to 5 years,Bachelor's degree,false,Employee - Full-Time (30 to 40+ hrs/week),first_shift,4,4,4,4,4,1,1,1,1,1,2,2,3,3,3,2,3,3,3,4,3,3,3,1,1,,1,1,1,1,1,1,1,1,1,1,1,3,3,3,3,3,3,1,1,1,1,3,3,3,3,3,3,2,15,1,4.0,1.0,2.6,2.75,4,3,3.0,,1.0,1.0,3.0,2.0,2.0,3.0,1,
R_6OMubORW5qvCxj3,true,SV_5nV942MJGubDmqq,276,1,cloudresearch,America/New_York,2026-06-04,33,White or Caucasian,Woman,1 to 3 years,Bachelor's degree,false,Employee - Full-Time (30 to 40+ hrs/week),first_shift,4,3,3,4,4,2,1,1,2,1,1,1,1,1,1,1,1,1,1,4,1,4,3,2,2,2,1,2,2,3,2,1,2,2,1,2,1,2,1,1,1,1,1,4,3,1,1,1,1,5,5,5,5,0,0,1,3.6,1.4,1.0,1.0,4,1,3.5,1.8333333333333333,2.0,1.3333333333333333,1.25,2.25,1.0,5.0,1,4
R_6OMubORW5qvCxj3,true,SV_eRKl4lgMZDAurT8,175,2,cloudresearch,America/New_York,2026-06-04,33,White or Caucasian,Woman,1 to 3 years,Bachelor's degree,false,Employee - Full-Time (30 to 40+ hrs/week),first_shift,4,3,3,4,4,2,1,1,2,1,1,1,1,1,1,1,1,1,1,4,1,4,3,3,2,,1,2,1,2,2,1,3,2,1,1,1,4,2,4,4,2,1,4,4,1,1,1,1,5,5,5,5,2,120,2,3.6,1.4,1.0,1.0,4,1,3.5,,2.0,1.0,3.5,2.75,1.0,5.0,2,
R_6OMubORW5qvCxj3,true,SV_6J3svun1r97AAHc,179,3,cloudresearch,America/New_York,2026-06-04,33,White or Caucasian,Woman,1 to 3 years,Bachelor's degree,false,Employee - Full-Time (30 to 40+ hrs/week),first_shift,4,3,3,4,4,2,1,1,2,1,1,1,1,1,1,1,1,1,1,4,1,4,3,2,2,,1,2,1,2,2,1,2,2,1,1,1,2,1,1,1,2,1,4,2,1,1,1,1,5,5,5,5,1,29,2,3.6,1.4,1.0,1.0,4,1,3.5,,1.8,1.0,1.25,2.25,1.0,5.0,2,
R_6PgKy9jSeIcbeZH,true,SV_5nV942MJGubDmqq,201,1,cloudresearch,America/New_York,2026-06-04,31,Hispanic or Latino,Man,3 to 5 years,Bachelor's degree,false,Employee - Full-Time (30 to 40+ hrs/week),second_shift,4,3,4,4,4,2,1,2,2,2,2,4,4,2,3,1,1,2,4,4,3,3,3,1,1,1,1,1,1,1,1,1,1,1,1,1,1,2,1,1,1,1,1,3,4,1,1,1,1,5,5,5,5,1,30,1,3.8,1.8,3.0,2.0,4,3,3.0,1.0,1.0,1.0,1.25,2.25,1.0,5.0,1,4
R_6PgKy9jSeIcbeZH,true,SV_eRKl4lgMZDAurT8,154,2,cloudresearch,America/New_York,2026-06-04,31,Hispanic or Latino,Man,3 to 5 years,Bachelor's degree,false,Employee - Full-Time (30 to 40+ hrs/week),second_shift,4,3,4,4,4,2,1,2,2,2,2,4,4,2,3,1,1,2,4,4,3,3,3,2,2,,1,2,2,2,2,2,2,1,1,1,1,1,1,1,1,1,1,1,1,1,1,1,1,5,5,5,5,2,90,2,3.8,1.8,3.0,2.0,4,3,3.0,,1.8,1.0,1.0,1.0,1.0,5.0,2,
R_6PgKy9jSeIcbeZH,true,SV_6J3svun1r97AAHc,121,3,cloudresearch,America/New_York,2026-06-04,31,Hispanic or Latino,Man,3 to 5 years,Bachelor's degree,false,Employee - Full-Time (30 to 40+ hrs/week),second_shift,4,3,4,4,4,2,1,2,2,2,2,4,4,2,3,1,1,2,4,4,3,3,3,3,3,,2,3,2,3,3,3,4,3,2,2,2,1,1,1,1,1,1,1,1,1,1,1,1,5,5,5,5,2,59,2,3.8,1.8,3.0,2.0,4,3,3.0,,3.2,2.0,1.0,1.0,1.0,5.0,2,
R_6QoIIn2qkciEr78,true,SV_5nV942MJGubDmqq,185,1,cloudresearch,America/New_York,2026-06-04,30,White or Caucasian,Woman,More than 5 years,Bachelor's degree,false,Employee - Full-Time (30 to 40+ hrs/week),first_shift,4,3,3,4,3,3,2,3,4,3,2,1,2,2,2,2,1,1,1,4,1,3,3,2,1,1,1,1,1,1,1,2,2,1,1,1,1,1,1,1,2,2,1,3,2,2,1,4,1,5,5,5,5,0,0,1,3.4,3.0,1.8,1.25,4,1,3.0,1.1666666666666667,1.4,1.0,1.25,2.0,2.0,5.0,1,4
R_6QoIIn2qkciEr78,true,SV_eRKl4lgMZDAurT8,168,2,cloudresearch,America/New_York,2026-06-04,30,White or Caucasian,Woman,More than 5 years,Bachelor's degree,false,Employee - Full-Time (30 to 40+ hrs/week),first_shift,4,3,3,4,3,3,2,3,4,3,2,1,2,2,2,2,1,1,1,4,1,3,3,2,2,,1,1,1,2,2,2,2,1,1,1,1,2,1,1,3,2,1,2,3,1,2,1,1,5,5,5,5,0,0,1,3.4,3.0,1.8,1.25,4,1,3.0,,1.8,1.0,1.75,2.0,1.25,5.0,1,
R_6QoIIn2qkciEr78,true,SV_6J3svun1r97AAHc,117,3,cloudresearch,America/New_York,2026-06-04,30,White or Caucasian,Woman,More than 5 years,Bachelor's degree,false,Employee - Full-Time (30 to 40+ hrs/week),first_shift,4,3,3,4,3,3,2,3,4,3,2,1,2,2,2,2,1,1,1,4,1,3,3,1,3,,1,1,1,2,2,2,2,1,1,1,1,1,1,1,3,3,2,3,2,1,2,1,1,5,5,5,5,0,0,1,3.4,3.0,1.8,1.25,4,1,3.0,,1.8,1.0,1.5,2.5,1.25,5.0,1,
R_6SlB7cb8VchOHgB,true,SV_5nV942MJGubDmqq,99,1,cloudresearch,America/Chicago,2026-06-04,38,White or Caucasian,Man,More than 5 years,Bachelor's degree,true,Employee - Full-Time (30 to 40+ hrs/week),first_shift,4,4,4,4,4,2,1,2,2,1,1,1,1,1,1,1,1,1,1,4,2,3,3,1,1,1,1,1,1,1,1,1,1,1,1,1,1,1,1,1,1,1,1,1,1,1,1,1,1,4,4,4,4,0,0,1,4.0,1.6,1.0,1.0,4,2,3.0,1.0,1.0,1.0,1.0,1.0,1.0,4.0,1,4
R_6SlB7cb8VchOHgB,true,SV_eRKl4lgMZDAurT8,106,2,cloudresearch,America/Chicago,2026-06-04,38,White or Caucasian,Man,More than 5 years,Bachelor's degree,true,Employee - Full-Time (30 to 40+ hrs/week),first_shift,4,4,4,4,4,2,1,2,2,1,1,1,1,1,1,1,1,1,1,4,2,3,3,2,2,,1,3,1,1,2,2,3,2,1,1,1,1,1,1,1,2,1,1,1,1,1,1,1,4,4,4,4,2,60,1,4.0,1.6,1.0,1.0,4,2,3.0,,2.0,1.0,1.0,1.25,1.0,4.0,1,
R_6SlB7cb8VchOHgB,true,SV_6J3svun1r97AAHc,90,3,cloudresearch,America/Chicago,2026-06-04,38,White or Caucasian,Man,More than 5 years,Bachelor's degree,true,Employee - Full-Time (30 to 40+ hrs/week),first_shift,4,4,4,4,4,2,1,2,2,1,1,1,1,1,1,1,1,1,1,4,2,3,3,3,3,,1,3,1,2,2,2,3,2,1,1,1,1,2,1,2,2,4,4,2,1,2,1,1,4,4,5,4,2,91,1,4.0,1.6,1.0,1.0,4,2,3.0,,2.2,1.0,1.5,3.0,1.25,4.25,1,
R_6VKP9XJk20cqu2G,true,SV_5nV942MJGubDmqq,244,1,cloudresearch,America/New_York,2026-06-04,55,White or Caucasian,Man,Less than a year,Master's degree,false,Employee - Part-Time (<30 hrs/week),first_shift,5,3,4,4,5,2,1,3,2,2,1,1,4,4,1,1,1,1,1,4,2,3,3,2,1,2,2,1,2,2,2,2,2,2,1,1,1,1,1,1,1,4,1,4,4,1,1,1,1,5,5,4,4,1,2,2,4.2,2.0,2.2,1.0,4,2,3.0,1.6666666666666667,2.0,1.0,1.0,3.25,1.0,4.5,2,4
R_6VKP9XJk20cqu2G,true,SV_eRKl4lgMZDAurT8,294,2,cloudresearch,America/New_York,2026-06-04,55,White or Caucasian,Man,Less than a year,Master's degree,false,Employee - Part-Time (<30 hrs/week),first_shift,5,3,4,4,5,2,1,3,2,2,1,1,4,4,1,1,1,1,1,4,2,3,3,1,1,,2,1,2,1,1,1,1,2,1,1,1,2,1,1,3,1,2,3,3,1,1,1,1,4,5,5,5,0,0,2,4.2,2.0,2.2,1.0,4,2,3.0,,1.2,1.0,1.75,2.25,1.0,4.75,2,
R_6VKP9XJk20cqu2G,true,SV_6J3svun1r97AAHc,293,3,cloudresearch,America/New_York,2026-06-04,55,White or Caucasian,Man,Less than a year,Master's degree,false,Employee - Part-Time (<30 hrs/week),first_shift,5,3,4,4,5,2,1,3,2,2,1,1,4,4,1,1,1,1,1,4,2,3,3,2,1,,2,1,2,1,1,1,1,2,1,1,1,1,1,1,1,1,3,3,4,1,1,1,1,5,5,4,5,0,0,2,4.2,2.0,2.2,1.0,4,2,3.0,,1.2,1.0,1.0,2.75,1.0,4.75,2,
R_6XcE47MCfC7M6Kw,true,SV_5nV942MJGubDmqq,176,1,cloudresearch,America/Los_Angeles,2026-06-04,50,White or Caucasian,Woman,1 to 3 years,Bachelor's degree,true,Employee - Full-Time (30 to 40+ hrs/week),early_shift,4,3,4,4,3,2,2,2,3,2,5,3,4,3,4,4,3,4,5,2,1,5,4,5,5,5,5,5,5,1,5,1,5,1,3,5,5,2,1,2,2,4,4,3,5,2,5,3,4,3,3,3,4,0,0,5,3.6,2.2,3.8,4.0,2,1,4.5,5.0,2.6,4.333333333333333,1.75,4.0,3.5,3.25,5,1
R_6XcE47MCfC7M6Kw,true,SV_eRKl4lgMZDAurT8,181,2,cloudresearch,America/Los_Angeles,2026-06-04,50,White or Caucasian,Woman,1 to 3 years,Bachelor's degree,true,Employee - Full-Time (30 to 40+ hrs/week),early_shift,4,3,4,4,3,2,2,2,3,2,5,3,4,3,4,4,3,4,5,2,1,5,4,5,5,,5,4,5,3,4,2,3,3,5,5,5,3,2,2,2,5,4,3,4,4,5,3,4,3,3,3,4,0,0,5,3.6,2.2,3.8,4.0,2,1,4.5,,3.0,5.0,2.25,4.0,4.0,3.25,5,
R_6XcE47MCfC7M6Kw,true,SV_6J3svun1r97AAHc,159,3,cloudresearch,America/Los_Angeles,2026-06-04,50,White or Caucasian,Woman,1 to 3 years,Bachelor's degree,true,Employee - Full-Time (30 to 40+ hrs/week),early_shift,4,3,4,4,3,2,2,2,3,2,5,3,4,3,4,4,3,4,5,2,1,5,4,5,5,,5,5,5,3,5,2,3,3,4,5,5,4,2,2,4,5,5,4,4,2,5,4,4,3,3,3,3,0,0,5,3.6,2.2,3.8,4.0,2,1,4.5,,3.2,4.666666666666667,3.0,4.5,3.75,3.0,5,
R_6Yox3cBsiFE0FW1,true,SV_5nV942MJGubDmqq,105,1,cloudresearch,America/New_York,2026-06-04,26,White or Caucasian,Man,More than 5 years,Bachelor's degree,true,Employee - Full-Time (30 to 40+ hrs/week),second_shift,3,2,4,4,4,2,3,2,2,1,2,4,4,3,3,5,4,3,4,2,4,3,2,2,2,2,3,1,3,3,3,3,3,2,1,1,3,1,1,2,3,2,1,2,1,1,1,3,1,4,4,4,4,0,0,5,3.4,2.0,3.2,4.0,2,4,2.5,2.1666666666666665,2.8,1.6666666666666667,1.75,1.5,1.5,4.0,5,1
R_6Yox3cBsiFE0FW1,true,SV_eRKl4lgMZDAurT8,276,2,cloudresearch,America/New_York,2026-06-04,26,White or Caucasian,Man,More than 5 years,Bachelor's degree,true,Employee - Full-Time (30 to 40+ hrs/week),second_shift,3,2,4,4,4,2,3,2,2,1,2,4,4,3,3,5,4,3,4,2,4,3,2,4,5,,4,2,4,2,3,4,3,3,2,1,5,1,1,1,2,3,3,3,2,2,2,1,1,4,4,4,4,1,34,5,3.4,2.0,3.2,4.0,2,4,2.5,,3.0,2.6666666666666665,1.25,2.75,1.5,4.0,5,
R_6Yox3cBsiFE0FW1,true,SV_6J3svun1r97AAHc,101,3,cloudresearch,America/New_York,2026-06-04,26,White or Caucasian,Man,More than 5 years,Bachelor's degree,true,Employee - Full-Time (30 to 40+ hrs/week),second_shift,3,2,4,4,4,2,3,2,2,1,2,4,4,3,3,5,4,3,4,2,4,3,2,3,5,,5,3,5,2,5,3,2,4,2,2,5,1,1,1,2,3,3,2,2,1,1,2,1,4,4,4,4,1,59,5,3.4,2.0,3.2,4.0,2,4,2.5,,3.2,3.0,1.25,2.5,1.25,4.0,5,
R_6fI4fm7LT4oy8Bn,true,SV_5nV942MJGubDmqq,368,1,cloudresearch,America/New_York,2026-06-04,19,White or Caucasian,Man,Less than a year,"Some college, no degree",true,Employee - Part-Time (<30 hrs/week),third_shift,3,3,5,3,3,2,4,3,5,4,1,1,1,1,2,2,1,1,1,5,1,4,2,5,3,4,3,1,1,2,2,3,3,2,1,3,1,1,1,1,5,4,1,5,5,1,2,1,1,4,5,4,4,0,0,2,3.4,3.6,1.2,1.25,5,1,3.0,2.8333333333333335,2.4,1.6666666666666667,2.0,3.75,1.25,4.25,2,4
R_6fI4fm7LT4oy8Bn,true,SV_eRKl4lgMZDAurT8,152,2,cloudresearch,America/New_York,2026-06-04,19,White or Caucasian,Man,Less than a year,"Some college, no degree",true,Employee - Part-Time (<30 hrs/week),third_shift,3,3,5,3,3,2,4,3,5,4,1,1,1,1,2,2,1,1,1,5,1,4,2,4,1,,1,2,1,1,2,2,1,2,1,1,1,1,1,1,4,2,4,1,5,2,1,2,1,5,4,3,4,0,0,1,3.4,3.6,1.2,1.25,5,1,3.0,,1.6,1.0,1.75,3.0,1.5,4.0,1,
R_6fI4fm7LT4oy8Bn,true,SV_6J3svun1r97AAHc,236,3,cloudresearch,America/New_York,2026-06-04,19,White or Caucasian,Man,Less than a year,"Some college, no degree",true,Employee - Part-Time (<30 hrs/week),third_shift,3,3,5,3,3,2,4,3,5,4,1,1,1,1,2,2,1,1,1,5,1,4,2,5,1,,1,1,1,2,1,1,1,1,1,1,1,1,1,1,1,1,2,5,5,1,1,1,1,4,4,3,4,1,11,1,3.4,3.6,1.2,1.25,5,1,3.0,,1.2,1.0,1.0,3.25,1.0,3.75,1,
R_6fMErLRXOJf7jNP,true,SV_5nV942MJGubDmqq,175,1,cloudresearch,America/New_York,2026-06-04,27,Asian,Man,1 to 3 years,Bachelor's degree,true,Employee - Full-Time (30 to 40+ hrs/week),first_shift,4,2,4,4,3,2,1,1,3,1,1,1,1,4,1,1,1,1,1,3,3,2,2,2,2,1,1,1,1,1,2,1,2,2,1,1,1,1,1,1,1,1,1,1,1,1,1,1,1,5,5,5,5,0,0,1,3.4,1.6,1.6,1.0,3,3,2.0,1.3333333333333333,1.6,1.0,1.0,1.0,1.0,5.0,1,3
R_6fMErLRXOJf7jNP,true,SV_eRKl4lgMZDAurT8,103,2,cloudresearch,America/New_York,2026-06-04,27,Asian,Man,1 to 3 years,Bachelor's degree,true,Employee - Full-Time (30 to 40+ hrs/week),first_shift,4,2,4,4,3,2,1,1,3,1,1,1,1,4,1,1,1,1,1,3,3,2,2,2,1,,1,1,1,1,1,1,1,1,1,1,1,1,1,1,1,1,1,1,1,1,1,1,1,5,5,5,5,0,0,1,3.4,1.6,1.6,1.0,3,3,2.0,,1.0,1.0,1.0,1.0,1.0,5.0,1,
R_6fMErLRXOJf7jNP,true,SV_6J3svun1r97AAHc,95,3,cloudresearch,America/New_York,2026-06-04,27,Asian,Man,1 to 3 years,Bachelor's degree,true,Employee - Full-Time (30 to 40+ hrs/week),first_shift,4,2,4,4,3,2,1,1,3,1,1,1,1,4,1,1,1,1,1,3,3,2,2,2,1,,1,1,1,1,2,1,2,2,1,1,1,1,1,1,1,1,1,1,1,1,1,1,1,5,5,5,5,0,0,1,3.4,1.6,1.6,1.0,3,3,2.0,,1.6,1.0,1.0,1.0,1.0,5.0,1,
R_6ixiuYTnwGFbpnz,true,SV_5nV942MJGubDmqq,166,1,snowball,America/New_York,2026-06-04,34,White or Caucasian,Man,More than 5 years,Master's degree,false,Employee - Full-Time (30 to 40+ hrs/week),first_shift,4,2,4,4,5,3,1,1,3,2,2,2,1,3,2,3,1,1,2,3,1,4,4,2,1,1,2,1,1,2,2,3,3,2,1,1,3,1,1,1,1,1,3,4,5,1,1,1,1,4,5,5,5,1,26,1,3.8,2.0,2.0,1.75,3,1,4.0,1.3333333333333333,2.4,1.6666666666666667,1.0,3.25,1.0,4.75,1,3
R_6ixiuYTnwGFbpnz,true,SV_eRKl4lgMZDAurT8,167,2,snowball,America/New_York,2026-06-04,34,White or Caucasian,Man,More than 5 years,Master's degree,false,Employee - Full-Time (30 to 40+ hrs/week),first_shift,4,2,4,4,5,3,1,1,3,2,2,2,1,3,2,3,1,1,2,3,1,4,4,2,1,,3,1,1,2,1,2,2,1,1,1,3,1,1,1,1,1,2,5,5,1,2,1,1,5,5,5,5,0,0,2,3.8,2.0,2.0,1.75,3,1,4.0,,1.6,1.6666666666666667,1.0,3.25,1.25,5.0,2,
R_6ixiuYTnwGFbpnz,true,SV_6J3svun1r97AAHc,111,3,snowball,America/New_York,2026-06-04,34,White or Caucasian,Man,More than 5 years,Master's degree,false,Employee - Full-Time (30 to 40+ hrs/week),first_shift,4,2,4,4,5,3,1,1,3,2,2,2,1,3,2,3,1,1,2,3,1,4,4,5,1,,3,1,3,3,3,2,3,1,1,1,4,1,1,1,1,2,4,5,5,1,2,1,1,5,4,5,3,0,0,2,3.8,2.0,2.0,1.75,3,1,4.0,,2.4,2.0,1.0,4.0,1.25,4.25,2,
R_6j6nO6IFjhO8sSd,true,SV_5nV942MJGubDmqq,241,1,cloudresearch,America/Chicago,2026-06-04,44,Black or African American,Woman,1 to 3 years,Associate degree,true,Employee - Full-Time (30 to 40+ hrs/week),first_shift,5,4,5,5,4,3,2,1,2,1,1,2,2,1,1,1,1,1,1,5,3,3,1,1,1,1,1,1,1,1,1,1,1,1,1,1,1,1,1,1,1,1,1,5,1,1,1,1,1,5,5,5,5,0,0,1,4.6,1.8,1.4,1.0,5,3,2.0,1.0,1.0,1.0,1.0,2.0,1.0,5.0,1,5
R_6j6nO6IFjhO8sSd,true,SV_eRKl4lgMZDAurT8,218,2,cloudresearch,America/Chicago,2026-06-04,44,Black or African American,Woman,1 to 3 years,Associate degree,true,Employee - Full-Time (30 to 40+ hrs/week),first_shift,5,4,5,5,4,3,2,1,2,1,1,2,2,1,1,1,1,1,1,5,3,3,1,1,1,,1,1,1,2,2,2,2,1,1,1,1,1,1,1,1,1,1,1,1,1,1,1,1,5,5,5,5,0,0,1,4.6,1.8,1.4,1.0,5,3,2.0,,1.8,1.0,1.0,1.0,1.0,5.0,1,
R_6j6nO6IFjhO8sSd,true,SV_6J3svun1r97AAHc,338,3,cloudresearch,America/Chicago,2026-06-04,44,Black or African American,Woman,1 to 3 years,Associate degree,true,Employee - Full-Time (30 to 40+ hrs/week),first_shift,5,4,5,5,4,3,2,1,2,1,1,2,2,1,1,1,1,1,1,5,3,3,1,1,2,,1,1,1,1,1,1,1,1,1,1,1,1,1,1,1,1,1,2,1,1,1,1,1,5,5,5,5,0,0,1,4.6,1.8,1.4,1.0,5,3,2.0,,1.0,1.0,1.0,1.25,1.0,5.0,1,
R_6jvFVfPsT5KVrAR,true,SV_5nV942MJGubDmqq,403,1,cloudresearch,America/New_York,2026-06-04,31,Black or African American,Man,3 to 5 years,Bachelor's degree,true,Employee - Full-Time (30 to 40+ hrs/week),early_shift,4,5,5,5,4,3,1,2,2,2,1,1,1,1,1,1,1,1,1,5,1,4,4,2,1,2,1,1,1,1,1,1,1,1,1,1,1,1,1,1,1,1,1,3,2,1,1,1,1,5,5,5,5,1,60,1,4.6,2.0,1.0,1.0,5,1,4.0,1.3333333333333333,1.0,1.0,1.0,1.75,1.0,5.0,1,5
R_6jvFVfPsT5KVrAR,true,SV_eRKl4lgMZDAurT8,245,2,cloudresearch,America/New_York,2026-06-04,31,Black or African American,Man,3 to 5 years,Bachelor's degree,true,Employee - Full-Time (30 to 40+ hrs/week),early_shift,4,5,5,5,4,3,1,2,2,2,1,1,1,1,1,1,1,1,1,5,1,4,4,2,1,,2,2,1,2,2,1,2,1,1,1,1,1,1,1,1,1,1,1,1,1,1,1,1,5,5,5,5,2,150,1,4.6,2.0,1.0,1.0,5,1,4.0,,1.6,1.0,1.0,1.0,1.0,5.0,1,
R_6jvFVfPsT5KVrAR,true,SV_6J3svun1r97AAHc,167,3,cloudresearch,America/New_York,2026-06-04,31,Black or African American,Man,3 to 5 years,Bachelor's degree,true,Employee - Full-Time (30 to 40+ hrs/week),early_shift,4,5,5,5,4,3,1,2,2,2,1,1,1,1,1,1,1,1,1,5,1,4,4,3,2,,2,2,2,2,3,3,2,2,1,1,1,1,1,1,1,1,1,1,1,1,1,1,1,5,5,5,5,2,180,1,4.6,2.0,1.0,1.0,5,1,4.0,,2.4,1.0,1.0,1.0,1.0,5.0,1,
R_6lEra9ijdH4UDuW,true,SV_5nV942MJGubDmqq,197,1,cloudresearch,America/New_York,2026-06-04,26,White or Caucasian,Man,Less than a year,Bachelor's degree,true,Independent Contractor or Freelancer (1099),first_shift,3,4,4,5,4,2,1,2,2,2,2,4,4,5,5,4,4,4,5,2,2,5,5,1,1,1,1,1,1,1,2,1,2,1,1,1,1,1,1,1,4,1,2,2,2,1,1,1,1,4,4,4,4,0,0,2,4.0,1.8,4.0,4.25,2,2,5.0,1.0,1.4,1.0,1.75,1.75,1.0,4.0,2,2
R_6lEra9ijdH4UDuW,true,SV_eRKl4lgMZDAurT8,455,2,cloudresearch,America/New_York,2026-06-04,26,White or Caucasian,Man,Less than a year,Bachelor's degree,true,Independent Contractor or Freelancer (1099),first_shift,3,4,4,5,4,2,1,2,2,2,2,4,4,5,5,4,4,4,5,2,2,5,5,1,1,,1,1,1,1,1,1,1,1,1,1,1,1,1,1,1,1,1,1,1,1,1,1,1,4,4,4,4,0,0,1,4.0,1.8,4.0,4.25,2,2,5.0,,1.0,1.0,1.0,1.0,1.0,4.0,1,
R_6lEra9ijdH4UDuW,true,SV_6J3svun1r97AAHc,158,3,cloudresearch,America/New_York,2026-06-04,26,White or Caucasian,Man,Less than a year,Bachelor's degree,true,Independent Contractor or Freelancer (1099),first_shift,3,4,4,5,4,2,1,2,2,2,2,4,4,5,5,4,4,4,5,2,2,5,5,1,2,,1,1,2,1,3,1,2,1,1,1,1,1,1,1,1,1,1,1,1,1,1,1,1,4,4,4,4,0,0,1,4.0,1.8,4.0,4.25,2,2,5.0,,1.6,1.0,1.0,1.0,1.0,4.0,1,
R_6mPMiZo4YkboVwE,true,SV_5nV942MJGubDmqq,99,1,cloudresearch,America/Chicago,2026-06-04,39,White or Caucasian,Woman,1 to 3 years,Associate degree,false,Employee - Full-Time (30 to 40+ hrs/week),first_shift,4,3,3,4,4,1,1,1,1,1,1,1,1,1,1,1,1,1,1,5,1,1,2,3,1,2,1,1,1,1,1,1,1,1,1,1,2,1,1,2,1,1,2,2,1,1,1,1,1,4,4,4,4,0,0,1,3.6,1.0,1.0,1.0,5,1,1.5,1.5,1.0,1.3333333333333333,1.25,1.5,1.0,4.0,1,5
R_6mPMiZo4YkboVwE,true,SV_eRKl4lgMZDAurT8,100,2,cloudresearch,America/Chicago,2026-06-04,39,White or Caucasian,Woman,1 to 3 years,Associate degree,false,Employee - Full-Time (30 to 40+ hrs/week),first_shift,4,3,3,4,4,1,1,1,1,1,1,1,1,1,1,1,1,1,1,5,1,1,2,1,1,,1,1,1,1,1,1,1,1,1,1,1,1,1,1,1,1,1,1,1,1,1,1,1,4,5,4,4,0,0,1,3.6,1.0,1.0,1.0,5,1,1.5,,1.0,1.0,1.0,1.0,1.0,4.25,1,
R_6mPMiZo4YkboVwE,true,SV_6J3svun1r97AAHc,118,3,cloudresearch,America/Chicago,2026-06-04,39,White or Caucasian,Woman,1 to 3 years,Associate degree,false,Employee - Full-Time (30 to 40+ hrs/week),first_shift,4,3,3,4,4,1,1,1,1,1,1,1,1,1,1,1,1,1,1,5,1,1,2,1,1,,1,1,1,1,1,1,1,1,1,1,1,1,1,1,1,1,1,1,1,1,1,1,1,4,4,4,4,1,47,1,3.6,1.0,1.0,1.0,5,1,1.5,,1.0,1.0,1.0,1.0,1.0,4.0,1,
R_6pqCSnTqYCnAe7n,true,SV_5nV942MJGubDmqq,283,1,cloudresearch,America/New_York,2026-06-04,64,Black or African American,Woman,1 to 3 years,"Some college, no degree",false,Employee - Part-Time (<30 hrs/week),second_shift,4,4,4,3,3,2,1,1,1,1,1,4,3,4,3,1,2,2,1,4,2,4,3,3,2,1,1,2,2,1,1,2,1,2,1,1,2,3,2,3,2,4,4,4,2,1,2,1,1,5,5,5,5,0,8,2,3.6,1.2,3.0,1.5,4,2,3.5,1.8333333333333333,1.4,1.3333333333333333,2.5,3.5,1.25,5.0,2,4
R_6pqCSnTqYCnAe7n,true,SV_eRKl4lgMZDAurT8,265,2,cloudresearch,America/New_York,2026-06-04,64,Black or African American,Woman,1 to 3 years,"Some college, no degree",false,Employee - Part-Time (<30 hrs/week),second_shift,4,4,4,3,3,2,1,1,1,1,1,4,3,4,3,1,2,2,1,4,2,4,3,2,2,,2,1,2,1,1,2,1,1,2,1,1,1,1,1,3,1,1,5,1,1,1,1,1,5,5,5,5,0,10,1,3.6,1.2,3.0,1.5,4,2,3.5,,1.2,1.3333333333333333,1.5,2.0,1.0,5.0,1,
R_6pqCSnTqYCnAe7n,true,SV_6J3svun1r97AAHc,262,3,cloudresearch,America/New_York,2026-06-04,64,Black or African American,Woman,1 to 3 years,"Some college, no degree",false,Employee - Part-Time (<30 hrs/week),second_shift,4,4,4,3,3,2,1,1,1,1,1,4,3,4,3,1,2,2,1,4,2,4,3,2,2,,1,1,2,1,2,1,1,1,1,1,1,1,2,1,2,2,1,3,2,1,1,1,1,5,5,5,5,1,54,1,3.6,1.2,3.0,1.5,4,2,3.5,,1.2,1.0,1.5,2.0,1.0,5.0,1,
R_6rHp70u7YptbjQk,true,SV_5nV942MJGubDmqq,160,1,cloudresearch,America/New_York,2026-06-04,40,White or Caucasian,Woman,1 to 3 years,Bachelor's degree,true,Independent Contractor or Freelancer (1099),first_shift,4,2,3,3,3,3,3,1,3,1,2,2,2,2,1,2,2,3,3,2,3,4,4,2,2,1,1,1,1,1,1,1,1,1,1,1,1,1,1,1,1,1,1,1,1,2,1,1,1,5,5,4,5,1,10,1,3.0,2.2,1.8,2.5,2,3,4.0,1.3333333333333333,1.0,1.0,1.0,1.0,1.25,4.75,1,4
R_6rHp70u7YptbjQk,true,SV_eRKl4lgMZDAurT8,208,2,cloudresearch,America/New_York,2026-06-04,40,White or Caucasian,Woman,1 to 3 years,Bachelor's degree,true,Independent Contractor or Freelancer (1099),first_shift,4,2,3,3,3,3,3,1,3,1,2,2,2,2,1,2,2,3,3,2,3,4,4,2,3,,1,1,1,1,1,2,1,1,1,1,1,1,2,1,1,1,1,4,1,1,1,1,2,5,4,5,4,0,0,1,3.0,2.2,1.8,2.5,2,3,4.0,,1.2,1.0,1.25,1.75,1.25,4.5,1,
R_6rHp70u7YptbjQk,true,SV_6J3svun1r97AAHc,124,3,cloudresearch,America/New_York,2026-06-04,40,White or Caucasian,Woman,1 to 3 years,Bachelor's degree,true,Independent Contractor or Freelancer (1099),first_shift,4,2,3,3,3,3,3,1,3,1,2,2,2,2,1,2,2,3,3,2,3,4,4,3,4,,2,3,3,2,3,2,3,2,2,3,2,1,1,1,1,1,1,1,1,1,1,1,1,5,4,5,4,0,0,2,3.0,2.2,1.8,2.5,2,3,4.0,,2.4,2.3333333333333335,1.0,1.0,1.0,4.5,2,
R_6sRMDP7fS7v9DSe,true,SV_5nV942MJGubDmqq,256,1,cloudresearch,America/New_York,2026-06-04,46,Asian,Man,More than 5 years,Bachelor's degree,true,Employee - Full-Time (30 to 40+ hrs/week),first_shift,3,4,4,3,4,1,1,1,1,1,1,1,1,1,1,1,1,1,1,5,1,3,2,1,1,1,1,1,1,1,1,1,1,1,1,1,1,4,3,3,3,1,2,4,4,1,3,2,2,5,5,5,5,0,0,1,3.6,1.0,1.0,1.0,5,1,2.5,1.0,1.0,1.0,3.25,2.75,2.0,5.0,1,5
R_6sRMDP7fS7v9DSe,true,SV_eRKl4lgMZDAurT8,135,2,cloudresearch,America/New_York,2026-06-04,46,Asian,Man,More than 5 years,Bachelor's degree,true,Employee - Full-Time (30 to 40+ hrs/week),first_shift,3,4,4,3,4,1,1,1,1,1,1,1,1,1,1,1,1,1,1,5,1,3,2,2,1,,1,1,1,1,1,1,1,1,1,1,1,1,1,1,4,1,1,4,3,1,1,1,1,5,5,5,5,0,0,1,3.6,1.0,1.0,1.0,5,1,2.5,,1.0,1.0,1.75,2.25,1.0,5.0,1,
R_6sRMDP7fS7v9DSe,true,SV_6J3svun1r97AAHc,96,3,cloudresearch,America/New_York,2026-06-04,46,Asian,Man,More than 5 years,Bachelor's degree,true,Employee - Full-Time (30 to 40+ hrs/week),first_shift,3,4,4,3,4,1,1,1,1,1,1,1,1,1,1,1,1,1,1,5,1,3,2,1,1,,1,1,1,1,1,1,1,1,1,1,1,1,1,1,1,1,3,3,3,1,1,1,1,5,5,5,5,0,0,1,3.6,1.0,1.0,1.0,5,1,2.5,,1.0,1.0,1.0,2.5,1.0,5.0,1,
R_6uO7ZCsYwQUNcop,true,SV_5nV942MJGubDmqq,552,1,cloudresearch,America/Los_Angeles,2026-06-04,43,Hispanic or Latino,Man,1 to 3 years,Bachelor's degree,false,Employee - Full-Time (30 to 40+ hrs/week),early_shift,5,4,5,5,5,2,1,2,2,2,2,2,2,2,2,1,1,1,2,4,4,5,4,1,1,1,1,1,1,2,2,2,1,1,1,1,1,1,1,1,1,1,1,1,1,1,1,1,1,5,5,5,5,1,29,1,4.8,1.8,2.0,1.25,4,4,4.5,1.0,1.6,1.0,1.0,1.0,1.0,5.0,1,4
R_6uO7ZCsYwQUNcop,true,SV_eRKl4lgMZDAurT8,128,2,cloudresearch,America/Los_Angeles,2026-06-04,43,Hispanic or Latino,Man,1 to 3 years,Bachelor's degree,false,Employee - Full-Time (30 to 40+ hrs/week),early_shift,5,4,5,5,5,2,1,2,2,2,2,2,2,2,2,1,1,1,2,4,4,5,4,3,2,,1,1,1,2,2,1,2,2,1,1,1,1,1,1,1,1,3,1,1,1,1,1,1,5,5,5,5,0,0,1,4.8,1.8,2.0,1.25,4,4,4.5,,1.8,1.0,1.0,1.5,1.0,5.0,1,
R_6uO7ZCsYwQUNcop,true,SV_6J3svun1r97AAHc,202,3,cloudresearch,America/Los_Angeles,2026-06-04,43,Hispanic or Latino,Man,1 to 3 years,Bachelor's degree,false,Employee - Full-Time (30 to 40+ hrs/week),early_shift,5,4,5,5,5,2,1,2,2,2,2,2,2,2,2,1,1,1,2,4,4,5,4,3,3,,3,2,2,2,2,2,2,1,1,1,1,1,1,1,1,1,1,1,1,1,1,1,1,5,5,5,5,0,0,1,4.8,1.8,2.0,1.25,4,4,4.5,,1.8,1.0,1.0,1.0,1.0,5.0,1,
R_6xDU95SgedvHaRo,true,SV_5nV942MJGubDmqq,199,1,cloudresearch,America/New_York,2026-06-04,47,White or Caucasian,Woman,More than 5 years,Bachelor's degree,true,Employee - Full-Time (30 to 40+ hrs/week),first_shift,4,3,4,4,4,2,1,2,1,2,5,4,4,3,3,3,4,3,2,4,3,2,2,2,1,1,1,1,1,1,1,1,1,1,1,1,1,1,1,1,1,1,2,4,1,1,1,1,1,5,5,5,5,0,0,1,3.8,1.6,3.8,3.0,4,3,2.0,1.1666666666666667,1.0,1.0,1.0,2.0,1.0,5.0,1,5
R_6xDU95SgedvHaRo,true,SV_eRKl4lgMZDAurT8,141,2,cloudresearch,America/New_York,2026-06-04,47,White or Caucasian,Woman,More than 5 years,Bachelor's degree,true,Employee - Full-Time (30 to 40+ hrs/week),first_shift,4,3,4,4,4,2,1,2,1,2,5,4,4,3,3,3,4,3,2,4,3,2,2,2,2,,1,1,1,2,3,1,3,1,1,1,1,1,1,1,1,1,1,1,1,1,1,1,1,5,4,5,4,0,0,1,3.8,1.6,3.8,3.0,4,3,2.0,,2.0,1.0,1.0,1.0,1.0,4.5,1,
R_6xDU95SgedvHaRo,true,SV_6J3svun1r97AAHc,104,3,cloudresearch,America/New_York,2026-06-04,47,White or Caucasian,Woman,More than 5 years,Bachelor's degree,true,Employee - Full-Time (30 to 40+ hrs/week),first_shift,4,3,4,4,4,2,1,2,1,2,5,4,4,3,3,3,4,3,2,4,3,2,2,3,3,,2,2,1,1,2,1,2,1,1,1,1,1,1,1,1,1,1,4,1,1,1,1,1,5,5,5,4,1,15,2,3.8,1.6,3.8,3.0,4,3,2.0,,1.4,1.0,1.0,1.75,1.0,4.75,2,
R_6xVMomiB0R23cyp,true,SV_5nV942MJGubDmqq,222,1,cloudresearch,America/New_York,2026-06-04,37,White or Caucasian,Woman,Less than a year,Bachelor's degree,true,Other,first_shift,4,3,3,4,3,3,2,3,3,3,3,3,2,3,3,3,3,3,3,3,3,4,4,5,5,5,5,4,2,3,3,3,5,3,3,3,5,4,4,4,4,3,3,3,5,4,4,4,4,4,4,4,4,0,0,2,3.4,2.8,2.8,3.0,3,3,4.0,4.333333333333333,3.4,3.6666666666666665,4.0,3.5,4.0,4.0,2,3
R_6xVMomiB0R23cyp,true,SV_eRKl4lgMZDAurT8,233,2,cloudresearch,America/New_York,2026-06-04,37,White or Caucasian,Woman,Less than a year,Bachelor's degree,true,Other,first_shift,4,3,3,4,3,3,2,3,3,3,3,3,2,3,3,3,3,3,3,3,3,4,4,5,5,,3,5,5,5,5,5,5,3,2,3,3,4,4,4,4,4,4,3,4,4,4,4,4,4,4,4,4,1,30,2,3.4,2.8,2.8,3.0,3,3,4.0,,4.6,2.6666666666666665,4.0,3.75,4.0,4.0,2,
R_6xVMomiB0R23cyp,true,SV_6J3svun1r97AAHc,161,3,cloudresearch,America/New_York,2026-06-04,37,White or Caucasian,Woman,Less than a year,Bachelor's degree,true,Other,first_shift,4,3,3,4,3,3,2,3,3,3,3,3,2,3,3,3,3,3,3,3,3,4,4,5,5,,5,5,5,5,5,5,5,5,3,3,3,4,4,4,4,4,3,4,4,4,4,4,4,4,4,4,4,0,231,3,3.4,2.8,2.8,3.0,3,3,4.0,,5.0,3.0,4.0,3.75,4.0,4.0,3,
R_701U0E3FlhxRdXF,true,SV_5nV942MJGubDmqq,366,1,cloudresearch,America/New_York,2026-06-04,43,Black or African American,Man,3 to 5 years,Master's degree,false,Employee - Full-Time (30 to 40+ hrs/week),early_shift,4,3,3,4,3,2,2,3,2,2,1,1,1,1,1,1,1,1,1,4,3,3,2,1,1,2,1,1,1,1,1,1,1,1,1,1,1,2,1,2,3,2,2,1,3,2,2,3,2,5,5,5,5,2,36,1,3.4,2.2,1.0,1.0,4,3,2.5,1.1666666666666667,1.0,1.0,2.0,2.0,2.25,5.0,1,5
R_701U0E3FlhxRdXF,true,SV_eRKl4lgMZDAurT8,376,2,cloudresearch,America/New_York,2026-06-04,43,Black or African American,Man,3 to 5 years,Master's degree,false,Employee - Full-Time (30 to 40+ hrs/week),early_shift,4,3,3,4,3,2,2,3,2,2,1,1,1,1,1,1,1,1,1,4,3,3,2,2,2,,2,1,1,2,2,1,2,1,1,1,1,4,1,3,3,3,3,4,3,1,3,1,1,5,5,5,5,3,100,1,3.4,2.2,1.0,1.0,4,3,2.5,,1.6,1.0,2.75,3.25,1.5,5.0,1,
R_701U0E3FlhxRdXF,true,SV_6J3svun1r97AAHc,484,3,cloudresearch,America/New_York,2026-06-04,43,Black or African American,Man,3 to 5 years,Master's degree,false,Employee - Full-Time (30 to 40+ hrs/week),early_shift,4,3,3,4,3,2,2,3,2,2,1,1,1,1,1,1,1,1,1,4,3,3,2,1,1,,1,1,1,1,1,1,1,1,1,1,1,4,3,3,3,1,2,3,3,1,1,1,1,5,5,5,5,2,90,1,3.4,2.2,1.0,1.0,4,3,2.5,,1.0,1.0,3.25,2.25,1.0,5.0,1,
R_70W7WWSmhd2UgGB,true,SV_5nV942MJGubDmqq,154,1,cloudresearch,America/Los_Angeles,2026-06-04,27,White or Caucasian,Man,More than 5 years,Master's degree,false,Employee - Full-Time (30 to 40+ hrs/week),second_shift,5,2,4,5,5,2,1,1,1,1,1,1,1,1,1,1,1,1,1,5,1,1,1,1,1,1,1,1,1,1,1,1,1,1,1,1,1,1,1,1,1,1,1,5,1,1,1,1,1,5,5,5,5,0,0,1,4.2,1.2,1.0,1.0,5,1,1.0,1.0,1.0,1.0,1.0,2.0,1.0,5.0,1,5
R_70W7WWSmhd2UgGB,true,SV_eRKl4lgMZDAurT8,340,2,cloudresearch,America/Los_Angeles,2026-06-04,27,White or Caucasian,Man,More than 5 years,Master's degree,false,Employee - Full-Time (30 to 40+ hrs/week),second_shift,5,2,4,5,5,2,1,1,1,1,1,1,1,1,1,1,1,1,1,5,1,1,1,1,1,,1,1,1,1,1,1,1,1,1,1,1,1,1,1,1,1,1,1,1,1,1,1,1,5,5,5,5,0,203,1,4.2,1.2,1.0,1.0,5,1,1.0,,1.0,1.0,1.0,1.0,1.0,5.0,1,
R_70W7WWSmhd2UgGB,true,SV_6J3svun1r97AAHc,188,3,cloudresearch,America/Los_Angeles,2026-06-04,27,White or Caucasian,Man,More than 5 years,Master's degree,false,Employee - Full-Time (30 to 40+ hrs/week),second_shift,5,2,4,5,5,2,1,1,1,1,1,1,1,1,1,1,1,1,1,5,1,1,1,1,1,,1,1,1,1,1,1,1,1,1,1,1,1,1,1,1,1,1,1,1,1,1,1,1,5,5,5,5,1,21,1,4.2,1.2,1.0,1.0,5,1,1.0,,1.0,1.0,1.0,1.0,1.0,5.0,1,
R_74pUV0Sr6MekiBo,true,SV_5nV942MJGubDmqq,667,1,cloudresearch,America/New_York,2026-06-04,51,White or Caucasian,Man,More than 5 years,Master's degree,true,Employee - Full-Time (30 to 40+ hrs/week),second_shift,5,3,5,4,5,2,1,1,2,1,1,2,1,1,1,1,1,1,1,5,1,2,1,3,2,2,1,2,2,2,2,2,2,2,1,1,1,4,1,1,1,1,2,2,4,1,2,1,1,5,5,5,5,0,0,1,4.4,1.4,1.2,1.0,5,1,1.5,2.0,2.0,1.0,1.75,2.25,1.25,5.0,1,5
R_74pUV0Sr6MekiBo,true,SV_eRKl4lgMZDAurT8,742,2,cloudresearch,America/New_York,2026-06-04,51,White or Caucasian,Man,More than 5 years,Master's degree,true,Employee - Full-Time (30 to 40+ hrs/week),second_shift,5,3,5,4,5,2,1,1,2,1,1,2,1,1,1,1,1,1,1,5,1,2,1,2,2,,1,2,2,1,1,1,1,1,1,1,1,2,2,1,1,1,1,2,4,1,1,1,1,5,5,5,5,0,0,1,4.4,1.4,1.2,1.0,5,1,1.5,,1.0,1.0,1.5,2.0,1.0,5.0,1,
R_74pUV0Sr6MekiBo,true,SV_6J3svun1r97AAHc,1383,3,cloudresearch,America/New_York,2026-06-04,51,White or Caucasian,Man,More than 5 years,Master's degree,true,Employee - Full-Time (30 to 40+ hrs/week),second_shift,5,3,5,4,5,2,1,1,2,1,1,2,1,1,1,1,1,1,1,5,1,2,1,1,2,,2,1,4,1,2,1,2,1,3,2,2,3,1,2,2,1,2,4,4,2,2,1,2,5,5,5,5,4,120,1,4.4,1.4,1.2,1.0,5,1,1.5,,1.4,2.3333333333333335,2.0,2.75,1.75,5.0,1,
R_76bRA7SXTfxuB8e,true,SV_5nV942MJGubDmqq,145,1,cloudresearch,America/New_York,2026-06-04,32,Asian,Woman,1 to 3 years,Bachelor's degree,true,Employee - Full-Time (30 to 40+ hrs/week),first_shift,3,2,4,4,4,3,3,2,4,2,1,2,2,2,2,1,1,1,2,3,3,1,1,1,2,1,1,1,1,2,2,2,2,2,1,1,1,1,1,1,2,2,2,4,2,1,1,1,1,5,5,5,5,0,0,1,3.4,2.8,1.8,1.25,3,3,1.0,1.1666666666666667,2.0,1.0,1.25,2.5,1.0,5.0,1,3
R_76bRA7SXTfxuB8e,true,SV_eRKl4lgMZDAurT8,193,2,cloudresearch,America/New_York,2026-06-04,32,Asian,Woman,1 to 3 years,Bachelor's degree,true,Employee - Full-Time (30 to 40+ hrs/week),first_shift,3,2,4,4,4,3,3,2,4,2,1,2,2,2,2,1,1,1,2,3,3,1,1,3,2,,1,2,1,3,3,4,3,2,1,1,1,1,1,1,2,1,1,1,1,1,1,1,1,5,5,5,5,0,0,1,3.4,2.8,1.8,1.25,3,3,1.0,,3.0,1.0,1.25,1.0,1.0,5.0,1,
R_76bRA7SXTfxuB8e,true,SV_6J3svun1r97AAHc,138,3,cloudresearch,America/New_York,2026-06-04,32,Asian,Woman,1 to 3 years,Bachelor's degree,true,Employee - Full-Time (30 to 40+ hrs/week),first_shift,3,2,4,4,4,3,3,2,4,2,1,2,2,2,2,1,1,1,2,3,3,1,1,3,3,,2,3,1,4,4,4,4,3,1,1,1,1,1,1,1,1,1,2,1,1,1,1,1,5,5,5,5,0,0,1,3.4,2.8,1.8,1.25,3,3,1.0,,3.8,1.0,1.0,1.25,1.0,5.0,1,
R_76cI4Ilplhwf4OZ,true,SV_5nV942MJGubDmqq,274,1,cloudresearch,America/Denver,2026-06-04,70,White or Caucasian,Woman,More than 5 years,Master's degree,true,Independent Contractor or Freelancer (1099),second_shift,4,5,5,4,5,2,1,2,2,2,2,1,1,1,1,1,1,1,1,1,5,4,4,1,1,1,5,1,2,1,3,3,3,3,1,1,1,4,4,5,3,1,1,1,4,2,4,1,1,5,5,5,5,1,45,1,4.6,1.8,1.2,1.0,1,5,4.0,1.8333333333333333,2.6,1.0,4.0,1.75,2.0,5.0,1,4
R_76cI4Ilplhwf4OZ,true,SV_eRKl4lgMZDAurT8,200,2,cloudresearch,America/Denver,2026-06-04,70,White or Caucasian,Woman,More than 5 years,Master's degree,true,Independent Contractor or Freelancer (1099),second_shift,4,5,5,4,5,2,1,2,2,2,2,1,1,1,1,1,1,1,1,1,5,4,4,2,2,,2,2,2,2,2,2,3,1,1,2,1,1,1,4,4,1,1,1,1,1,1,1,1,5,5,5,5,1,60,1,4.6,1.8,1.2,1.0,1,5,4.0,,2.0,1.3333333333333333,2.5,1.0,1.0,5.0,1,
R_76cI4Ilplhwf4OZ,true,SV_6J3svun1r97AAHc,169,3,cloudresearch,America/Denver,2026-06-04,70,White or Caucasian,Woman,More than 5 years,Master's degree,true,Independent Contractor or Freelancer (1099),second_shift,4,5,5,4,5,2,1,2,2,2,2,1,1,1,1,1,1,1,1,1,5,4,4,2,2,,1,2,1,1,1,1,1,1,1,1,1,1,1,1,5,1,1,5,4,3,1,2,1,5,5,5,5,1,45,1,4.6,1.8,1.2,1.0,1,5,4.0,,1.0,1.0,2.0,2.75,1.75,5.0,1,
R_799Zfu2CoY0Y5EX,true,SV_5nV942MJGubDmqq,186,1,cloudresearch,America/New_York,2026-06-04,27,White or Caucasian,Man,3 to 5 years,Bachelor's degree,false,Employee - Full-Time (30 to 40+ hrs/week),first_shift,4,3,4,4,4,2,2,2,2,2,1,1,1,1,1,1,1,1,1,5,1,2,2,1,2,2,1,1,2,2,2,1,2,1,1,1,1,1,1,1,1,1,1,1,1,1,1,1,1,5,5,5,5,1,27,1,3.8,2.0,1.0,1.0,5,1,2.0,1.5,1.6,1.0,1.0,1.0,1.0,5.0,1,5
R_799Zfu2CoY0Y5EX,true,SV_eRKl4lgMZDAurT8,133,2,cloudresearch,America/New_York,2026-06-04,27,White or Caucasian,Man,3 to 5 years,Bachelor's degree,false,Employee - Full-Time (30 to 40+ hrs/week),first_shift,4,3,4,4,4,2,2,2,2,2,1,1,1,1,1,1,1,1,1,5,1,2,2,2,2,,1,1,1,2,2,1,3,1,1,1,1,1,1,1,1,1,1,1,1,1,1,1,1,5,5,5,5,3,68,1,3.8,2.0,1.0,1.0,5,1,2.0,,1.8,1.0,1.0,1.0,1.0,5.0,1,
R_799Zfu2CoY0Y5EX,true,SV_6J3svun1r97AAHc,92,3,cloudresearch,America/New_York,2026-06-04,27,White or Caucasian,Man,3 to 5 years,Bachelor's degree,false,Employee - Full-Time (30 to 40+ hrs/week),first_shift,4,3,4,4,4,2,2,2,2,2,1,1,1,1,1,1,1,1,1,5,1,2,2,1,1,,1,1,1,1,1,1,1,1,1,1,1,1,1,1,1,1,1,1,1,1,1,1,1,5,5,5,5,3,68,1,3.8,2.0,1.0,1.0,5,1,2.0,,1.0,1.0,1.0,1.0,1.0,5.0,1,
R_79FbPWgdtZsedc5,true,SV_5nV942MJGubDmqq,109,1,cloudresearch,America/New_York,2026-06-04,26,White or Caucasian,Woman,3 to 5 years,Bachelor's degree,true,Employee - Full-Time (30 to 40+ hrs/week),first_shift,1,4,4,5,4,1,1,1,1,1,1,1,1,1,1,1,1,1,1,5,1,4,4,5,4,5,3,5,5,5,5,3,5,3,2,4,2,2,1,4,4,5,1,4,4,4,4,4,2,3,3,3,3,1,16,2,3.6,1.0,1.0,1.0,5,1,4.0,4.5,4.2,2.6666666666666665,2.75,3.5,3.5,3.0,2,2
R_79FbPWgdtZsedc5,true,SV_eRKl4lgMZDAurT8,92,2,cloudresearch,America/New_York,2026-06-04,26,White or Caucasian,Woman,3 to 5 years,Bachelor's degree,true,Employee - Full-Time (30 to 40+ hrs/week),first_shift,1,4,4,5,4,1,1,1,1,1,1,1,1,1,1,1,1,1,1,5,1,4,4,3,3,,3,3,5,4,5,3,3,4,4,3,4,4,4,4,4,4,4,4,4,2,4,4,4,3,3,3,3,4,25,2,3.6,1.0,1.0,1.0,5,1,4.0,,3.8,3.6666666666666665,4.0,4.0,3.5,3.0,2,
R_79FbPWgdtZsedc5,true,SV_6J3svun1r97AAHc,169,3,cloudresearch,America/New_York,2026-06-04,26,White or Caucasian,Woman,3 to 5 years,Bachelor's degree,true,Employee - Full-Time (30 to 40+ hrs/week),first_shift,1,4,4,5,4,1,1,1,1,1,1,1,1,1,1,1,1,1,1,5,1,4,4,5,3,,3,5,2,3,3,5,3,3,4,3,2,4,2,4,4,4,4,2,4,5,4,4,4,2,2,2,2,2,23,2,3.6,1.0,1.0,1.0,5,1,4.0,,3.4,3.0,3.5,3.5,4.25,2.0,2,
R_7EgosUIXBGv9Mkx,true,SV_5nV942MJGubDmqq,153,1,cloudresearch,America/New_York,2026-06-04,54,Black or African American,Woman,More than 5 years,Master's degree,false,Employee - Full-Time (30 to 40+ hrs/week),first_shift,4,3,4,4,4,3,2,2,2,2,1,1,1,1,1,1,1,1,1,4,2,3,3,2,1,1,1,1,1,1,1,1,1,1,1,1,1,1,1,1,1,1,4,4,1,1,1,1,1,4,4,4,4,0,7,1,3.8,2.2,1.0,1.0,4,2,3.0,1.1666666666666667,1.0,1.0,1.0,2.5,1.0,4.0,1,5
R_7EgosUIXBGv9Mkx,true,SV_eRKl4lgMZDAurT8,148,2,cloudresearch,America/New_York,2026-06-04,54,Black or African American,Woman,More than 5 years,Master's degree,false,Employee - Full-Time (30 to 40+ hrs/week),first_shift,4,3,4,4,4,3,2,2,2,2,1,1,1,1,1,1,1,1,1,4,2,3,3,2,1,,1,1,1,1,1,1,1,1,1,1,1,1,1,1,1,1,1,4,1,1,1,1,1,4,4,4,4,1,31,1,3.8,2.2,1.0,1.0,4,2,3.0,,1.0,1.0,1.0,1.75,1.0,4.0,1,
R_7EgosUIXBGv9Mkx,true,SV_6J3svun1r97AAHc,101,3,cloudresearch,America/New_York,2026-06-04,54,Black or African American,Woman,More than 5 years,Master's degree,false,Employee - Full-Time (30 to 40+ hrs/week),first_shift,4,3,4,4,4,3,2,2,2,2,1,1,1,1,1,1,1,1,1,4,2,3,3,3,2,,1,1,2,2,2,2,2,1,1,1,1,1,1,1,1,1,2,4,4,1,1,1,1,4,4,4,4,0,0,1,3.8,2.2,1.0,1.0,4,2,3.0,,1.8,1.0,1.0,2.75,1.0,4.0,1,
R_7EkvLLplINyVmLv,true,SV_5nV942MJGubDmqq,314,1,cloudresearch,America/Chicago,2026-06-04,29,Black or African American,Woman,Less than a year,Bachelor's degree,true,Employee - Full-Time (30 to 40+ hrs/week),first_shift,4,3,4,4,4,2,2,2,3,2,1,1,1,1,1,1,1,1,1,5,1,3,2,2,2,2,1,1,1,2,2,2,2,2,2,2,2,1,1,1,1,3,1,3,4,1,1,1,4,4,3,4,3,0,0,1,3.8,2.2,1.0,1.0,5,1,2.5,1.5,2.0,2.0,1.0,2.75,1.75,3.5,1,5
R_7EkvLLplINyVmLv,true,SV_eRKl4lgMZDAurT8,389,2,cloudresearch,America/Chicago,2026-06-04,29,Black or African American,Woman,Less than a year,Bachelor's degree,true,Employee - Full-Time (30 to 40+ hrs/week),first_shift,4,3,4,4,4,2,2,2,3,2,1,1,1,1,1,1,1,1,1,5,1,3,2,1,1,,1,1,1,1,1,1,1,1,1,1,1,1,1,1,2,2,1,3,3,1,1,1,2,4,4,4,3,1,40,1,3.8,2.2,1.0,1.0,5,1,2.5,,1.0,1.0,1.25,2.25,1.25,3.75,1,
R_7EkvLLplINyVmLv,true,SV_6J3svun1r97AAHc,151,3,cloudresearch,America/Chicago,2026-06-04,29,Black or African American,Woman,Less than a year,Bachelor's degree,true,Employee - Full-Time (30 to 40+ hrs/week),first_shift,4,3,4,4,4,2,2,2,3,2,1,1,1,1,1,1,1,1,1,5,1,3,2,3,3,,1,2,1,2,3,3,3,1,2,2,2,2,1,1,1,3,3,3,2,2,2,1,1,4,4,4,4,0,0,1,3.8,2.2,1.0,1.0,5,1,2.5,,2.4,2.0,1.25,2.75,1.5,4.0,1,
R_7EzjVoVG3SUweSd,true,SV_5nV942MJGubDmqq,126,1,cloudresearch,America/New_York,2026-06-04,37,White or Caucasian,Woman,More than 5 years,Bachelor's degree,false,Employee - Full-Time (30 to 40+ hrs/week),first_shift,3,3,4,4,3,2,2,2,2,2,1,2,2,1,2,1,2,1,2,4,3,3,3,3,1,2,1,1,1,1,1,1,1,1,1,1,1,1,1,1,1,3,1,5,1,1,1,1,1,5,5,4,5,1,10,1,3.4,2.0,1.6,1.5,4,3,3.0,1.5,1.0,1.0,1.0,2.5,1.0,4.75,1,5
R_7EzjVoVG3SUweSd,true,SV_eRKl4lgMZDAurT8,242,2,cloudresearch,America/New_York,2026-06-04,37,White or Caucasian,Woman,More than 5 years,Bachelor's degree,false,Employee - Full-Time (30 to 40+ hrs/week),first_shift,3,3,4,4,3,2,2,2,2,2,1,2,2,1,2,1,2,1,2,4,3,3,3,3,1,,1,1,2,1,1,1,1,1,1,5,1,1,1,1,1,3,1,3,3,1,1,1,1,5,5,4,5,0,0,1,3.4,2.0,1.6,1.5,4,3,3.0,,1.0,2.3333333333333335,1.0,2.5,1.0,4.75,1,
R_7EzjVoVG3SUweSd,true,SV_6J3svun1r97AAHc,205,3,cloudresearch,America/New_York,2026-06-04,37,White or Caucasian,Woman,More than 5 years,Bachelor's degree,false,Employee - Full-Time (30 to 40+ hrs/week),first_shift,3,3,4,4,3,2,2,2,2,2,1,2,2,1,2,1,2,1,2,4,3,3,3,3,2,,1,3,1,1,1,1,1,1,1,1,1,2,2,1,1,4,1,4,3,1,1,1,1,4,5,5,5,1,15,1,3.4,2.0,1.6,1.5,4,3,3.0,,1.0,1.0,1.5,3.0,1.0,4.75,1,
R_7FG71d4Pi1KvPhT,true,SV_5nV942MJGubDmqq,220,1,cloudresearch,America/New_York,2026-06-04,37,White or Caucasian,Man,3 to 5 years,Bachelor's degree,true,Employee - Full-Time (30 to 40+ hrs/week),first_shift,4,1,3,4,5,2,4,1,4,3,1,1,1,1,1,2,1,1,3,4,2,3,3,3,1,1,2,2,3,1,3,1,3,1,1,1,1,2,1,1,3,3,3,3,3,1,1,1,2,5,5,5,5,0,0,1,3.4,2.8,1.0,1.75,4,2,3.0,2.0,1.8,1.0,1.75,3.0,1.25,5.0,1,4
R_7FG71d4Pi1KvPhT,true,SV_eRKl4lgMZDAurT8,129,2,cloudresearch,America/New_York,2026-06-04,37,White or Caucasian,Man,3 to 5 years,Bachelor's degree,true,Employee - Full-Time (30 to 40+ hrs/week),first_shift,4,1,3,4,5,2,4,1,4,3,1,1,1,1,1,2,1,1,3,4,2,3,3,2,1,,1,1,1,1,2,1,2,1,1,1,1,1,1,1,1,1,3,3,2,3,1,1,1,5,5,5,5,0,0,1,3.4,2.8,1.0,1.75,4,2,3.0,,1.4,1.0,1.0,2.25,1.5,5.0,1,
R_7FG71d4Pi1KvPhT,true,SV_6J3svun1r97AAHc,107,3,cloudresearch,America/New_York,2026-06-04,37,White or Caucasian,Man,3 to 5 years,Bachelor's degree,true,Employee - Full-Time (30 to 40+ hrs/week),first_shift,4,1,3,4,5,2,4,1,4,3,1,1,1,1,1,2,1,1,3,4,2,3,3,2,1,,1,3,2,1,1,1,1,1,2,2,2,1,1,1,1,1,4,3,4,1,1,1,1,5,5,5,5,0,0,1,3.4,2.8,1.0,1.75,4,2,3.0,,1.0,2.0,1.0,3.0,1.0,5.0,1,
R_7GOSqTE4ttm7jep,true,SV_5nV942MJGubDmqq,128,1,cloudresearch,America/New_York,2026-06-04,36,Asian,Man,More than 5 years,Master's degree,false,Employee - Full-Time (30 to 40+ hrs/week),first_shift,4,2,4,4,5,2,2,2,3,2,1,1,2,2,2,2,2,1,2,4,1,3,3,2,2,2,1,2,1,2,2,2,2,1,1,1,1,1,1,1,1,1,2,3,1,1,1,1,1,4,4,4,4,0,0,1,3.8,2.2,1.6,1.75,4,1,3.0,1.6666666666666667,1.8,1.0,1.0,1.75,1.0,4.0,1,3
R_7GOSqTE4ttm7jep,true,SV_eRKl4lgMZDAurT8,97,2,cloudresearch,America/New_York,2026-06-04,36,Asian,Man,More than 5 years,Master's degree,false,Employee - Full-Time (30 to 40+ hrs/week),first_shift,4,2,4,4,5,2,2,2,3,2,1,1,2,2,2,2,2,1,2,4,1,3,3,2,1,,1,1,1,2,1,2,1,1,1,1,1,1,1,1,1,2,1,2,1,1,1,1,1,4,4,4,4,1,11,1,3.8,2.2,1.6,1.75,4,1,3.0,,1.4,1.0,1.0,1.5,1.0,4.0,1,
R_7GOSqTE4ttm7jep,true,SV_6J3svun1r97AAHc,99,3,cloudresearch,America/New_York,2026-06-04,36,Asian,Man,More than 5 years,Master's degree,false,Employee - Full-Time (30 to 40+ hrs/week),first_shift,4,2,4,4,5,2,2,2,3,2,1,1,2,2,2,2,2,1,2,4,1,3,3,1,1,,1,1,1,1,1,1,1,1,1,1,1,1,1,1,1,1,2,1,1,1,1,1,1,4,4,4,4,0,0,1,3.8,2.2,1.6,1.75,4,1,3.0,,1.0,1.0,1.0,1.25,1.0,4.0,1,
R_7MM9VouuPzLOsfv,false,SV_5nV942MJGubDmqq,221,1,snowball,America/New_York,2026-06-04,37,White or Caucasian,Man,Less than a year,Professional or doctorate degree,true,Employee - Full-Time (30 to 40+ hrs/week),first_shift,5,2,4,3,3,3,1,1,3,1,1,1,1,1,1,1,1,1,1,4,1,2,2,2,2,2,1,1,2,1,1,1,2,1,2,1,1,4,1,1,2,1,1,4,5,1,1,1,1,3,4,4,4,1,62,1,3.4,1.8,1.0,1.0,4,1,2.0,1.6666666666666667,1.2,1.3333333333333333,2.0,2.75,1.0,3.75,1,5
R_7MM9VouuPzLOsfv,false,SV_eRKl4lgMZDAurT8,207,2,snowball,America/New_York,2026-06-04,37,White or Caucasian,Man,Less than a year,Professional or doctorate degree,true,Employee - Full-Time (30 to 40+ hrs/week),first_shift,5,2,4,3,3,3,1,1,3,1,1,1,1,1,1,1,1,1,1,4,1,2,2,3,3,,3,2,4,2,2,3,3,2,1,2,3,1,1,1,1,3,1,4,4,1,1,1,1,4,4,4,4,3,181,1,3.4,1.8,1.0,1.0,4,1,2.0,,2.4,2.0,1.0,3.0,1.0,4.0,1,
R_7MM9VouuPzLOsfv,false,SV_6J3svun1r97AAHc,150,3,snowball,America/New_York,2026-06-04,37,White or Caucasian,Man,Less than a year,Professional or doctorate degree,true,Employee - Full-Time (30 to 40+ hrs/week),first_shift,5,2,4,3,3,3,1,1,3,1,1,1,1,1,1,1,1,1,1,4,1,2,2,2,1,,1,2,2,2,2,2,2,1,1,2,1,1,1,1,1,4,1,4,4,1,1,1,1,4,4,4,4,1,74,2,3.4,1.8,1.0,1.0,4,1,2.0,,1.8,1.3333333333333333,1.0,3.25,1.0,4.0,2,
R_7OGO6hGgI7JUqB3,false,SV_5nV942MJGubDmqq,193,1,snowball,America/New_York,2026-06-04,29,Two or more races,Woman,Less than a year,Professional or doctorate degree,true,Employee - Full-Time (30 to 40+ hrs/week),first_shift,3,3,4,3,2,3,1,1,4,2,1,2,1,1,1,1,1,1,1,4,2,3,2,2,2,1,1,1,1,2,1,1,1,1,1,1,1,2,1,1,1,2,2,4,4,1,1,1,1,3,4,3,4,0,0,1,3.0,2.2,1.2,1.0,4,2,2.5,1.3333333333333333,1.2,1.0,1.25,3.0,1.0,3.5,1,4
R_7OGO6hGgI7JUqB3,false,SV_eRKl4lgMZDAurT8,245,2,snowball,America/New_York,2026-06-04,29,Two or more races,Woman,Less than a year,Professional or doctorate degree,true,Employee - Full-Time (30 to 40+ hrs/week),first_shift,3,3,4,3,2,3,1,1,4,2,1,2,1,1,1,1,1,1,1,4,2,3,2,2,3,,2,1,2,2,2,2,3,2,1,1,1,4,4,2,2,4,1,2,3,1,2,1,1,4,4,4,4,1,31,1,3.0,2.2,1.2,1.0,4,2,2.5,,2.2,1.0,3.0,2.5,1.25,4.0,1,
R_7OGO6hGgI7JUqB3,false,SV_6J3svun1r97AAHc,122,3,snowball,America/New_York,2026-06-04,29,Two or more races,Woman,Less than a year,Professional or doctorate degree,true,Employee - Full-Time (30 to 40+ hrs/week),first_shift,3,3,4,3,2,3,1,1,4,2,1,2,1,1,1,1,1,1,1,4,2,3,2,2,2,,2,3,2,3,4,3,4,2,1,1,1,1,1,1,1,2,1,1,1,1,1,1,1,4,4,5,4,1,44,1,3.0,2.2,1.2,1.0,4,2,2.5,,3.2,1.0,1.0,1.25,1.0,4.25,1,
R_7QEhGQZ9jL9YFcA,true,SV_5nV942MJGubDmqq,280,1,cloudresearch,America/New_York,2026-06-04,29,Hispanic or Latino,Woman,3 to 5 years,Bachelor's degree,true,Employee - Full-Time (30 to 40+ hrs/week),first_shift,3,2,3,3,3,2,1,1,2,1,2,3,4,4,4,2,1,2,3,3,2,3,3,5,2,1,5,5,3,2,2,2,5,2,2,2,3,4,2,4,4,4,3,4,4,3,4,2,4,4,4,4,4,1,22,1,2.8,1.4,3.4,2.0,3,2,3.0,3.5,2.6,2.3333333333333335,3.5,3.75,3.25,4.0,1,3
R_7QEhGQZ9jL9YFcA,true,SV_eRKl4lgMZDAurT8,183,2,cloudresearch,America/New_York,2026-06-04,29,Hispanic or Latino,Woman,3 to 5 years,Bachelor's degree,true,Employee - Full-Time (30 to 40+ hrs/week),first_shift,3,2,3,3,3,2,1,1,2,1,2,3,4,4,4,2,1,2,3,3,2,3,3,4,4,,3,4,4,4,4,4,4,4,3,2,2,4,2,2,4,4,3,4,5,1,2,1,4,5,5,5,5,1,22,2,2.8,1.4,3.4,2.0,3,2,3.0,,4.0,2.3333333333333335,3.0,4.0,2.0,5.0,2,
R_7QEhGQZ9jL9YFcA,true,SV_6J3svun1r97AAHc,173,3,cloudresearch,America/New_York,2026-06-04,29,Hispanic or Latino,Woman,3 to 5 years,Bachelor's degree,true,Employee - Full-Time (30 to 40+ hrs/week),first_shift,3,2,3,3,3,2,1,1,2,1,2,3,4,4,4,2,1,2,3,3,2,3,3,4,4,,2,4,2,4,4,3,4,4,3,2,2,3,1,2,4,4,3,4,4,1,1,1,4,5,5,5,5,0,0,2,2.8,1.4,3.4,2.0,3,2,3.0,,3.8,2.3333333333333335,2.5,3.75,1.75,5.0,2,
R_7QRa4pJSevkiZyh,true,SV_5nV942MJGubDmqq,203,1,cloudresearch,America/New_York,2026-06-04,34,White or Caucasian,Man,More than 5 years,Associate degree,false,Employee - Full-Time (30 to 40+ hrs/week),first_shift,4,3,5,3,5,2,1,1,1,1,2,2,2,1,2,1,2,2,3,4,1,3,2,2,2,2,1,2,1,2,1,1,1,1,1,1,2,1,1,1,1,1,1,1,1,1,1,1,1,5,5,5,5,0,0,1,4.0,1.2,1.8,2.0,4,1,2.5,1.6666666666666667,1.2,1.3333333333333333,1.0,1.0,1.0,5.0,1,4
R_7QRa4pJSevkiZyh,true,SV_eRKl4lgMZDAurT8,404,2,cloudresearch,America/New_York,2026-06-04,34,White or Caucasian,Man,More than 5 years,Associate degree,false,Employee - Full-Time (30 to 40+ hrs/week),first_shift,4,3,5,3,5,2,1,1,1,1,2,2,2,1,2,1,2,2,3,4,1,3,2,5,5,,1,3,1,1,1,2,1,1,1,1,3,1,1,1,1,1,1,1,1,1,1,1,1,5,5,5,5,2,60,1,4.0,1.2,1.8,2.0,4,1,2.5,,1.2,1.6666666666666667,1.0,1.0,1.0,5.0,1,
R_7QRa4pJSevkiZyh,true,SV_6J3svun1r97AAHc,268,3,cloudresearch,America/New_York,2026-06-04,34,White or Caucasian,Man,More than 5 years,Associate degree,false,Employee - Full-Time (30 to 40+ hrs/week),first_shift,4,3,5,3,5,2,1,1,1,1,2,2,2,1,2,1,2,2,3,4,1,3,2,5,2,,2,4,2,1,1,1,1,1,1,1,1,1,1,1,1,1,1,5,1,1,1,1,1,5,5,5,5,1,30,1,4.0,1.2,1.8,2.0,4,1,2.5,,1.0,1.0,1.0,2.0,1.0,5.0,1,
R_7Qm53Zqjj8flFeM,true,SV_5nV942MJGubDmqq,326,1,cloudresearch,America/Chicago,2026-06-04,68,White or Caucasian,Man,1 to 3 years,Master's degree,true,Other,first_shift,4,5,4,5,4,2,2,2,1,1,1,1,1,1,1,1,1,1,1,4,4,3,3,2,1,1,1,1,1,1,1,1,1,1,1,1,1,1,1,1,1,1,3,3,2,1,1,1,1,3,5,4,5,0,0,1,4.4,1.6,1.0,1.0,4,4,3.0,1.1666666666666667,1.0,1.0,1.0,2.25,1.0,4.25,1,5
R_7Qm53Zqjj8flFeM,true,SV_eRKl4lgMZDAurT8,178,2,cloudresearch,America/Chicago,2026-06-04,68,White or Caucasian,Man,1 to 3 years,Master's degree,true,Other,first_shift,4,5,4,5,4,2,2,2,1,1,1,1,1,1,1,1,1,1,1,4,4,3,3,1,1,,1,1,1,1,1,1,1,1,1,1,1,1,1,1,1,1,1,1,1,1,1,1,1,3,4,3,4,0,0,1,4.4,1.6,1.0,1.0,4,4,3.0,,1.0,1.0,1.0,1.0,1.0,3.5,1,
R_7Qm53Zqjj8flFeM,true,SV_6J3svun1r97AAHc,243,3,cloudresearch,America/Chicago,2026-06-04,68,White or Caucasian,Man,1 to 3 years,Master's degree,true,Other,first_shift,4,5,4,5,4,2,2,2,1,1,1,1,1,1,1,1,1,1,1,4,4,3,3,2,1,,1,2,1,1,1,1,1,1,1,1,1,1,1,1,1,1,1,1,1,1,1,1,1,3,4,3,4,0,0,1,4.4,1.6,1.0,1.0,4,4,3.0,,1.0,1.0,1.0,1.0,1.0,3.5,1,
R_7ReaD1WZDiocYYf,true,SV_5nV942MJGubDmqq,219,1,cloudresearch,America/New_York,2026-06-04,31,White or Caucasian,Man,More than 5 years,Bachelor's degree,false,Employee - Full-Time (30 to 40+ hrs/week),first_shift,5,3,5,5,5,1,1,1,1,1,3,1,1,1,1,1,1,1,1,4,4,3,4,1,1,1,1,1,1,1,1,1,1,1,1,1,1,2,1,1,1,1,1,4,4,1,1,1,1,3,3,3,2,0,0,1,4.6,1.0,1.4,1.0,4,4,3.5,1.0,1.0,1.0,1.25,2.5,1.0,2.75,1,4
R_7ReaD1WZDiocYYf,true,SV_eRKl4lgMZDAurT8,125,2,cloudresearch,America/New_York,2026-06-04,31,White or Caucasian,Man,More than 5 years,Bachelor's degree,false,Employee - Full-Time (30 to 40+ hrs/week),first_shift,5,3,5,5,5,1,1,1,1,1,3,1,1,1,1,1,1,1,1,4,4,3,4,1,1,,1,1,1,1,1,1,1,1,1,1,1,1,1,1,2,1,1,1,1,1,1,1,1,3,4,3,2,1,30,1,4.6,1.0,1.4,1.0,4,4,3.5,,1.0,1.0,1.25,1.0,1.0,3.0,1,
R_7ReaD1WZDiocYYf,true,SV_6J3svun1r97AAHc,117,3,cloudresearch,America/New_York,2026-06-04,31,White or Caucasian,Man,More than 5 years,Bachelor's degree,false,Employee - Full-Time (30 to 40+ hrs/week),first_shift,5,3,5,5,5,1,1,1,1,1,3,1,1,1,1,1,1,1,1,4,4,3,4,3,1,,1,2,2,2,1,1,1,2,1,3,1,2,1,1,2,1,2,1,1,1,1,2,2,2,3,2,4,2,30,2,4.6,1.0,1.4,1.0,4,4,3.5,,1.4,1.6666666666666667,1.5,1.25,1.5,2.75,2,
R_7UAx7dK7y9MFnzz,true,SV_5nV942MJGubDmqq,393,1,cloudresearch,America/Chicago,2026-06-04,22,Black or African American,Woman,Less than a year,Associate degree,true,Employee - Full-Time (30 to 40+ hrs/week),second_shift,1,2,2,1,2,4,3,4,4,4,1,1,1,1,1,1,1,1,1,4,1,4,4,2,2,2,1,3,2,2,3,1,2,1,1,1,1,1,1,1,5,1,1,1,1,1,1,4,1,5,5,5,5,0,0,1,1.6,3.8,1.0,1.0,4,1,4.0,2.0,1.8,1.0,2.0,1.0,1.75,5.0,1,4
R_7UAx7dK7y9MFnzz,true,SV_eRKl4lgMZDAurT8,1270,2,cloudresearch,America/Chicago,2026-06-04,22,Black or African American,Woman,Less than a year,Associate degree,true,Employee - Full-Time (30 to 40+ hrs/week),second_shift,1,2,2,1,2,4,3,4,4,4,1,1,1,1,1,1,1,1,1,4,1,4,4,2,2,,2,2,2,1,2,2,2,1,1,1,1,1,4,4,4,1,1,4,1,4,1,1,1,5,5,5,5,0,0,2,1.6,3.8,1.0,1.0,4,1,4.0,,1.6,1.0,3.25,1.75,1.75,5.0,2,
R_7UAx7dK7y9MFnzz,true,SV_6J3svun1r97AAHc,339,3,cloudresearch,America/Chicago,2026-06-04,22,Black or African American,Woman,Less than a year,Associate degree,true,Employee - Full-Time (30 to 40+ hrs/week),second_shift,1,2,2,1,2,4,3,4,4,4,1,1,1,1,1,1,1,1,1,4,1,4,4,2,2,,1,2,2,1,2,1,1,1,1,1,1,4,1,4,4,2,1,4,1,1,1,4,1,5,5,5,5,0,0,2,1.6,3.8,1.0,1.0,4,1,4.0,,1.2,1.0,3.25,2.0,1.75,5.0,2,
R_7gpBKbepCWNNqqT,true,SV_5nV942MJGubDmqq,201,1,cloudresearch,America/Los_Angeles,2026-06-04,24,White or Caucasian,Man,1 to 3 years,Bachelor's degree,true,Employee - Full-Time (30 to 40+ hrs/week),second_shift,4,3,4,5,3,2,2,2,2,2,1,1,1,1,1,1,1,1,1,4,2,3,3,2,1,1,1,1,1,2,1,1,2,1,1,2,1,1,2,1,2,2,3,5,3,2,2,1,1,5,5,5,5,0,0,1,3.8,2.0,1.0,1.0,4,2,3.0,1.1666666666666667,1.4,1.3333333333333333,1.5,3.25,1.5,5.0,1,5
R_7gpBKbepCWNNqqT,true,SV_eRKl4lgMZDAurT8,203,2,cloudresearch,America/Los_Angeles,2026-06-04,24,White or Caucasian,Man,1 to 3 years,Bachelor's degree,true,Employee - Full-Time (30 to 40+ hrs/week),second_shift,4,3,4,5,3,2,2,2,2,2,1,1,1,1,1,1,1,1,1,4,2,3,3,2,2,,1,1,1,2,2,2,2,2,2,2,2,2,2,2,2,2,3,5,4,1,1,2,1,4,5,4,5,1,15,1,3.8,2.0,1.0,1.0,4,2,3.0,,2.0,2.0,2.0,3.5,1.25,4.5,1,
R_7gpBKbepCWNNqqT,true,SV_6J3svun1r97AAHc,112,3,cloudresearch,America/Los_Angeles,2026-06-04,24,White or Caucasian,Man,1 to 3 years,Bachelor's degree,true,Employee - Full-Time (30 to 40+ hrs/week),second_shift,4,3,4,5,3,2,2,2,2,2,1,1,1,1,1,1,1,1,1,4,2,3,3,3,3,,2,1,2,3,2,2,2,3,2,2,1,2,3,3,2,2,4,4,4,1,1,2,1,4,5,4,5,1,40,1,3.8,2.0,1.0,1.0,4,2,3.0,,2.4,1.6666666666666667,2.5,3.5,1.25,4.5,1,
R_7pReKLl9HbprqLQ,true,SV_5nV942MJGubDmqq,231,1,cloudresearch,America/New_York,2026-06-04,36,White or Caucasian,Woman,1 to 3 years,Bachelor's degree,true,Independent Contractor or Freelancer (1099),second_shift,3,5,5,4,4,2,1,1,3,1,4,4,4,4,4,4,4,1,5,3,1,5,4,4,1,2,1,3,2,1,1,1,1,1,1,1,1,1,1,1,1,1,1,4,4,1,1,1,1,5,5,5,5,1,30,2,4.2,1.6,4.0,3.5,3,1,4.5,2.1666666666666665,1.0,1.0,1.0,2.5,1.0,5.0,2,3
R_7pReKLl9HbprqLQ,true,SV_eRKl4lgMZDAurT8,154,2,cloudresearch,America/New_York,2026-06-04,36,White or Caucasian,Woman,1 to 3 years,Bachelor's degree,true,Independent Contractor or Freelancer (1099),second_shift,3,5,5,4,4,2,1,1,3,1,4,4,4,4,4,4,4,1,5,3,1,5,4,4,3,,5,3,5,2,2,2,1,2,1,1,1,1,4,4,2,1,2,4,4,1,2,5,1,5,5,5,5,3,59,4,4.2,1.6,4.0,3.5,3,1,4.5,,1.8,1.0,2.75,2.75,2.25,5.0,4,
R_7pReKLl9HbprqLQ,true,SV_6J3svun1r97AAHc,112,3,cloudresearch,America/New_York,2026-06-04,36,White or Caucasian,Woman,1 to 3 years,Bachelor's degree,true,Independent Contractor or Freelancer (1099),second_shift,3,5,5,4,4,2,1,1,3,1,4,4,4,4,4,4,4,1,5,3,1,5,4,5,5,,4,5,5,3,3,2,2,2,1,1,1,4,4,4,5,5,4,5,5,4,2,1,1,5,5,5,5,3,60,4,4.2,1.6,4.0,3.5,3,1,4.5,,2.4,1.0,4.25,4.75,2.0,5.0,4,
R_7suoN0ikCLqwXyC,true,SV_5nV942MJGubDmqq,239,1,cloudresearch,America/Chicago,2026-06-04,33,White or Caucasian,Man,3 to 5 years,Bachelor's degree,true,Employee - Full-Time (30 to 40+ hrs/week),first_shift,5,5,5,5,5,2,5,2,2,2,4,4,4,4,4,4,4,4,4,3,4,5,4,2,3,2,2,2,2,2,2,2,2,2,2,2,2,1,2,2,2,2,2,2,2,2,2,2,2,4,4,4,4,1,30,2,5.0,2.6,4.0,4.0,3,4,4.5,2.1666666666666665,2.0,2.0,1.75,2.0,2.0,4.0,2,3
R_7suoN0ikCLqwXyC,true,SV_eRKl4lgMZDAurT8,220,2,cloudresearch,America/Chicago,2026-06-04,33,White or Caucasian,Man,3 to 5 years,Bachelor's degree,true,Employee - Full-Time (30 to 40+ hrs/week),first_shift,5,5,5,5,5,2,5,2,2,2,4,4,4,4,4,4,4,4,4,3,4,5,4,3,2,,3,2,3,2,2,1,2,1,2,2,2,4,4,4,4,2,2,4,3,3,2,2,4,4,4,4,4,1,30,3,5.0,2.6,4.0,4.0,3,4,4.5,,1.6,2.0,4.0,2.75,2.75,4.0,3,
R_7suoN0ikCLqwXyC,true,SV_6J3svun1r97AAHc,241,3,cloudresearch,America/Chicago,2026-06-04,33,White or Caucasian,Man,3 to 5 years,Bachelor's degree,true,Employee - Full-Time (30 to 40+ hrs/week),first_shift,5,5,5,5,5,2,5,2,2,2,4,4,4,4,4,4,4,4,4,3,4,5,4,2,2,,2,3,3,4,2,2,2,2,2,2,2,4,4,3,3,4,4,4,4,4,3,4,3,4,4,4,4,0,0,1,5.0,2.6,4.0,4.0,3,4,4.5,,2.4,2.0,3.5,4.0,3.5,4.0,1,
R_7ypkTVbLdnMztx2,true,SV_5nV942MJGubDmqq,154,1,cloudresearch,America/New_York,2026-06-04,46,White or Caucasian,Man,1 to 3 years,Bachelor's degree,false,Employee - Full-Time (30 to 40+ hrs/week),first_shift,3,1,2,4,2,3,2,4,4,3,4,4,4,4,4,2,3,4,4,2,1,5,5,1,2,1,1,1,1,1,1,1,1,1,1,1,1,3,2,2,3,4,4,4,4,2,3,2,1,5,5,5,5,0,0,1,2.4,3.2,4.0,3.25,2,1,5.0,1.1666666666666667,1.0,1.0,2.5,4.0,2.0,5.0,1,2
R_7ypkTVbLdnMztx2,true,SV_eRKl4lgMZDAurT8,169,2,cloudresearch,America/New_York,2026-06-04,46,White or Caucasian,Man,1 to 3 years,Bachelor's degree,false,Employee - Full-Time (30 to 40+ hrs/week),first_shift,3,1,2,4,2,3,2,4,4,3,4,4,4,4,4,2,3,4,4,2,1,5,5,3,3,,5,5,3,3,5,5,5,3,2,2,2,4,4,4,3,5,4,4,5,2,4,3,2,5,5,5,5,0,0,3,2.4,3.2,4.0,3.25,2,1,5.0,,4.2,2.0,3.75,4.5,2.75,5.0,3,
R_7ypkTVbLdnMztx2,true,SV_6J3svun1r97AAHc,184,3,cloudresearch,America/New_York,2026-06-04,46,White or Caucasian,Man,1 to 3 years,Bachelor's degree,false,Employee - Full-Time (30 to 40+ hrs/week),first_shift,3,1,2,4,2,3,2,4,4,3,4,4,4,4,4,2,3,4,4,2,1,5,5,5,5,,5,5,5,5,5,5,5,5,2,5,2,4,4,4,4,5,4,5,5,3,4,3,2,5,5,5,5,0,0,5,2.4,3.2,4.0,3.25,2,1,5.0,,5.0,3.0,4.0,4.75,3.0,5.0,5,
R_1y7oBPSk1tPLak5,false,SV_5nV942MJGubDmqq,189,1,snowball,America/New_York,2026-06-03,27,White or Caucasian,Man,More than 5 years,Master's degree,false,Employee - Full-Time (30 to 40+ hrs/week),first_shift,4,3,4,4,3,3,2,3,4,2,1,1,1,2,1,3,1,1,3,3,2,5,5,2,2,2,1,2,1,2,1,1,1,1,1,1,1,1,1,1,1,1,1,1,1,1,1,1,1,4,5,5,5,0,0,1,3.6,2.8,1.2,2.0,3,2,5.0,1.6666666666666667,1.2,1.0,1.0,1.0,1.0,4.75,1,3
R_1y7oBPSk1tPLak5,false,SV_eRKl4lgMZDAurT8,141,2,snowball,America/New_York,2026-06-03,27,White or Caucasian,Man,More than 5 years,Master's degree,false,Employee - Full-Time (30 to 40+ hrs/week),first_shift,4,3,4,4,3,3,2,3,4,2,1,1,1,2,1,3,1,1,3,3,2,5,5,2,2,,1,3,3,5,3,3,3,2,1,1,1,1,1,1,3,2,3,4,4,3,2,1,1,4,5,4,5,0,0,1,3.6,2.8,1.2,2.0,3,2,5.0,,3.2,1.0,1.5,3.25,1.75,4.5,1,
R_1y7oBPSk1tPLak5,false,SV_6J3svun1r97AAHc,126,3,snowball,America/New_York,2026-06-03,27,White or Caucasian,Man,More than 5 years,Master's degree,false,Employee - Full-Time (30 to 40+ hrs/week),first_shift,4,3,4,4,3,3,2,3,4,2,1,1,1,2,1,3,1,1,3,3,2,5,5,3,3,,1,2,2,4,3,3,3,3,1,1,2,1,1,1,1,1,4,4,4,2,1,1,1,4,5,4,5,0,0,1,3.6,2.8,1.2,2.0,3,2,5.0,,3.2,1.3333333333333333,1.0,3.25,1.25,4.5,1,
R_5dlvKAftZCoieGZ,false,SV_5nV942MJGubDmqq,298,1,snowball,America/New_York,2026-06-03,52,Black or African American,Woman,More than 5 years,Professional or doctorate degree,true,Employee - Full-Time (30 to 40+ hrs/week),first_shift,4,4,4,4,3,3,2,3,2,3,2,4,2,5,4,3,5,4,4,2,4,4,4,3,2,2,2,3,2,2,1,2,2,1,1,1,1,3,3,3,1,4,3,4,4,4,4,1,3,5,5,5,5,0,0,3,3.8,2.6,3.4,4.0,2,4,4.0,2.3333333333333335,1.6,1.0,2.5,3.75,3.0,5.0,3,1
R_5dlvKAftZCoieGZ,false,SV_eRKl4lgMZDAurT8,489,2,snowball,America/New_York,2026-06-03,52,Black or African American,Woman,More than 5 years,Professional or doctorate degree,true,Employee - Full-Time (30 to 40+ hrs/week),first_shift,4,4,4,4,3,3,2,3,2,3,2,4,2,5,4,3,5,4,4,2,4,4,4,2,3,,1,2,2,1,2,2,1,2,1,1,1,3,4,4,1,4,2,4,2,2,2,1,1,5,5,5,5,1,62,3,3.8,2.6,3.4,4.0,2,4,4.0,,1.6,1.0,3.0,3.0,1.5,5.0,3,
R_5dlvKAftZCoieGZ,false,SV_6J3svun1r97AAHc,412,3,snowball,America/New_York,2026-06-03,52,Black or African American,Woman,More than 5 years,Professional or doctorate degree,true,Employee - Full-Time (30 to 40+ hrs/week),first_shift,4,4,4,4,3,3,2,3,2,3,2,4,2,5,4,3,5,4,4,2,4,4,4,2,3,,3,2,2,1,1,2,1,2,2,4,2,3,3,2,5,4,2,4,4,4,4,1,1,5,5,5,5,2,76,4,3.8,2.6,3.4,4.0,2,4,4.0,,1.4,2.6666666666666665,3.25,3.5,2.5,5.0,4,
R_5h9I8gIPLF24L9p,false,SV_5nV942MJGubDmqq,634,1,snowball,America/New_York,2026-06-03,53,Black or African American,Man,3 to 5 years,"High school diploma or equivalent (e.g., GED)",true,Employee - Full-Time (30 to 40+ hrs/week),first_shift,4,3,5,4,3,2,1,1,2,2,1,1,1,3,1,1,1,1,1,5,1,1,3,2,1,2,2,1,1,1,1,1,1,1,1,1,1,1,1,1,1,1,1,3,1,1,1,1,1,4,5,4,5,1,20,1,3.8,1.6,1.4,1.0,5,1,2.0,1.5,1.0,1.0,1.0,1.5,1.0,4.5,1,5
R_5h9I8gIPLF24L9p,false,SV_eRKl4lgMZDAurT8,733,2,snowball,America/New_York,2026-06-03,53,Black or African American,Man,3 to 5 years,"High school diploma or equivalent (e.g., GED)",true,Employee - Full-Time (30 to 40+ hrs/week),first_shift,4,3,5,4,3,2,1,1,2,2,1,1,1,3,1,1,1,1,1,5,1,1,3,2,1,,2,1,1,1,2,1,1,1,1,1,1,1,2,2,3,1,2,3,2,1,1,3,1,3,4,3,5,1,20,1,3.8,1.6,1.4,1.0,5,1,2.0,,1.2,1.0,2.0,2.0,1.5,3.75,1,
R_5h9I8gIPLF24L9p,false,SV_6J3svun1r97AAHc,240,3,snowball,America/New_York,2026-06-03,53,Black or African American,Man,3 to 5 years,"High school diploma or equivalent (e.g., GED)",true,Employee - Full-Time (30 to 40+ hrs/week),first_shift,4,3,5,4,3,2,1,1,2,2,1,1,1,3,1,1,1,1,1,5,1,1,3,2,2,,2,1,1,1,1,1,1,1,1,1,1,1,1,1,1,1,1,1,1,1,1,3,1,3,5,3,5,0,0,1,3.8,1.6,1.4,1.0,5,1,2.0,,1.0,1.0,1.0,1.0,1.5,4.0,1,
R_5ykMyFDzNwph1W9,false,SV_5nV942MJGubDmqq,303,1,snowball,America/New_York,2026-06-03,26,Black or African American,Man,More than 5 years,"Some college, no degree",false,Employee - Full-Time (30 to 40+ hrs/week),first_shift,5,2,4,5,4,2,1,1,2,1,2,4,4,4,3,3,3,2,3,2,2,5,4,4,3,3,1,4,3,1,1,1,1,1,1,2,1,2,4,3,5,4,4,4,4,5,2,2,2,5,5,5,5,0,0,3,4.0,1.4,3.4,2.75,2,2,4.5,3.0,1.0,1.3333333333333333,3.5,4.0,2.75,5.0,3,1
R_5ykMyFDzNwph1W9,false,SV_eRKl4lgMZDAurT8,216,2,snowball,America/New_York,2026-06-03,26,Black or African American,Man,More than 5 years,"Some college, no degree",false,Employee - Full-Time (30 to 40+ hrs/week),first_shift,5,2,4,5,4,2,1,1,2,1,2,4,4,4,3,3,3,2,3,2,2,5,4,3,2,,3,4,5,1,1,1,1,1,2,2,1,4,4,4,4,4,4,4,4,4,4,3,4,5,5,5,5,0,0,3,4.0,1.4,3.4,2.75,2,2,4.5,,1.0,1.6666666666666667,4.0,4.0,3.75,5.0,3,
R_5ykMyFDzNwph1W9,false,SV_6J3svun1r97AAHc,211,3,snowball,America/New_York,2026-06-03,26,Black or African American,Man,More than 5 years,"Some college, no degree",false,Employee - Full-Time (30 to 40+ hrs/week),first_shift,5,2,4,5,4,2,1,1,2,1,2,4,4,4,3,3,3,2,3,2,2,5,4,5,3,,5,4,4,2,2,2,3,2,1,2,1,4,4,4,5,4,4,4,4,4,4,3,4,4,5,5,5,0,0,5,4.0,1.4,3.4,2.75,2,2,4.5,,2.2,1.3333333333333333,4.25,4.0,3.75,4.75,5,
R_673tvBQBJLK8Qu2,false,SV_5nV942MJGubDmqq,164,1,snowball,America/New_York,2026-06-03,29,Black or African American,Woman,Less than a year,Master's degree,false,Employee - Full-Time (30 to 40+ hrs/week),first_shift,4,3,4,4,4,3,1,2,2,2,4,4,2,2,1,3,1,1,2,4,2,3,4,2,2,1,1,3,1,3,4,4,5,1,1,1,1,1,1,1,3,2,1,2,1,1,1,1,1,4,4,4,4,0,0,2,3.8,2.0,2.6,1.75,4,2,3.5,1.6666666666666667,3.4,1.0,1.5,1.5,1.0,4.0,2,4
R_673tvBQBJLK8Qu2,false,SV_eRKl4lgMZDAurT8,128,2,snowball,America/New_York,2026-06-03,29,Black or African American,Woman,Less than a year,Master's degree,false,Employee - Full-Time (30 to 40+ hrs/week),first_shift,4,3,4,4,4,3,1,2,2,2,4,4,2,2,1,3,1,1,2,4,2,3,4,3,3,,1,2,1,2,5,4,4,2,1,2,1,1,1,1,4,2,1,3,1,1,1,1,1,4,4,4,4,0,0,2,3.8,2.0,2.6,1.75,4,2,3.5,,3.4,1.3333333333333333,1.75,1.75,1.0,4.0,2,
R_673tvBQBJLK8Qu2,false,SV_6J3svun1r97AAHc,115,3,snowball,America/New_York,2026-06-03,29,Black or African American,Woman,Less than a year,Master's degree,false,Employee - Full-Time (30 to 40+ hrs/week),first_shift,4,3,4,4,4,3,1,2,2,2,4,4,2,2,1,3,1,1,2,4,2,3,4,3,4,,1,4,1,4,4,3,4,2,1,1,1,1,1,1,4,1,1,2,1,1,1,1,1,4,5,5,4,0,0,2,3.8,2.0,2.6,1.75,4,2,3.5,,3.4,1.0,1.75,1.25,1.0,4.5,2,
R_72RoHuzY0ELEpxO,false,SV_5nV942MJGubDmqq,445,1,snowball,America/New_York,2026-06-03,56,Black or African American,Woman,More than 5 years,"Some college, no degree",true,Independent Contractor or Freelancer (1099),first_shift,5,4,4,5,5,3,2,3,2,2,1,1,1,1,1,1,1,1,2,4,1,4,4,1,1,1,1,1,1,1,2,1,1,1,2,1,2,4,4,4,3,3,4,4,4,2,4,4,5,5,5,5,5,0,0,1,4.6,2.4,1.0,1.25,4,1,4.0,1.0,1.2,1.6666666666666667,3.75,3.75,3.75,5.0,1,4
R_72RoHuzY0ELEpxO,false,SV_eRKl4lgMZDAurT8,336,2,snowball,America/New_York,2026-06-03,56,Black or African American,Woman,More than 5 years,"Some college, no degree",true,Independent Contractor or Freelancer (1099),first_shift,5,4,4,5,5,3,2,3,2,2,1,1,1,1,1,1,1,1,2,4,1,4,4,1,1,,1,1,1,1,1,1,1,1,1,1,2,2,2,1,2,2,1,3,1,1,1,2,3,5,5,5,5,1,59,1,4.6,2.4,1.0,1.25,4,1,4.0,,1.0,1.3333333333333333,1.75,1.75,1.75,5.0,1,
R_72RoHuzY0ELEpxO,false,SV_6J3svun1r97AAHc,313,3,snowball,America/New_York,2026-06-03,56,Black or African American,Woman,More than 5 years,"Some college, no degree",true,Independent Contractor or Freelancer (1099),first_shift,5,4,4,5,5,3,2,3,2,2,1,1,1,1,1,1,1,1,2,4,1,4,4,1,1,,1,1,1,1,1,1,1,1,2,2,2,1,2,1,1,2,1,2,2,1,1,3,1,5,5,5,5,0,0,1,4.6,2.4,1.0,1.25,4,1,4.0,,1.0,2.0,1.25,1.75,1.5,5.0,1,
R_7E3ZqRh0VPaCObD,false,SV_5nV942MJGubDmqq,243,1,snowball,America/New_York,2026-06-03,27,White or Caucasian,Woman,1 to 3 years,Master's degree,false,Employee - Full-Time (30 to 40+ hrs/week),first_shift,3,2,4,3,3,2,1,2,3,1,2,3,2,3,2,2,1,1,2,4,3,3,1,5,3,5,1,3,1,3,2,3,5,3,1,5,1,1,1,1,2,1,3,5,2,2,1,2,1,5,5,5,5,1,31,1,3.0,1.8,2.4,1.5,4,3,2.0,3.0,3.2,2.3333333333333335,1.25,2.75,1.5,5.0,1,3
R_7E3ZqRh0VPaCObD,false,SV_eRKl4lgMZDAurT8,2638,2,snowball,America/New_York,2026-06-03,27,White or Caucasian,Woman,1 to 3 years,Master's degree,false,Employee - Full-Time (30 to 40+ hrs/week),first_shift,3,2,4,3,3,2,1,2,3,1,2,3,2,3,2,2,1,1,2,4,3,3,1,2,1,,2,2,1,2,1,2,3,3,1,2,3,1,2,1,3,1,2,4,1,1,1,2,1,5,5,5,5,1,40,5,3.0,1.8,2.4,1.5,4,3,2.0,,2.2,2.0,1.75,2.0,1.25,5.0,5,
R_7E3ZqRh0VPaCObD,false,SV_6J3svun1r97AAHc,130,3,snowball,America/New_York,2026-06-03,27,White or Caucasian,Woman,1 to 3 years,Master's degree,false,Employee - Full-Time (30 to 40+ hrs/week),first_shift,3,2,4,3,3,2,1,2,3,1,2,3,2,3,2,2,1,1,2,4,3,3,1,3,2,,2,3,1,4,2,2,1,1,1,1,1,1,1,1,3,2,1,5,3,1,2,2,1,5,5,5,5,1,45,1,3.0,1.8,2.4,1.5,4,3,2.0,,2.0,1.0,1.5,2.75,1.5,5.0,1,
R_7HBIXHJ2QaqofLm,false,SV_5nV942MJGubDmqq,149,1,snowball,America/New_York,2026-06-03,34,White or Caucasian,Woman,Less than a year,Bachelor's degree,true,Employee - Full-Time (30 to 40+ hrs/week),first_shift,2,2,3,4,2,2,2,2,4,2,1,1,1,2,1,3,1,3,1,4,3,3,3,1,1,1,1,1,1,1,1,1,1,1,1,1,1,1,1,1,1,1,1,1,1,1,1,1,1,5,5,5,5,0,0,1,2.6,2.4,1.2,2.0,4,3,3.0,1.0,1.0,1.0,1.0,1.0,1.0,5.0,1,5
R_7HBIXHJ2QaqofLm,false,SV_eRKl4lgMZDAurT8,177,2,snowball,America/New_York,2026-06-03,34,White or Caucasian,Woman,Less than a year,Bachelor's degree,true,Employee - Full-Time (30 to 40+ hrs/week),first_shift,2,2,3,4,2,2,2,2,4,2,1,1,1,2,1,3,1,3,1,4,3,3,3,2,3,,1,1,1,3,3,2,3,1,1,1,1,1,1,1,1,1,1,1,1,1,1,1,1,4,4,5,4,1,0,1,2.6,2.4,1.2,2.0,4,3,3.0,,2.4,1.0,1.0,1.0,1.0,4.25,1,
R_7HBIXHJ2QaqofLm,false,SV_6J3svun1r97AAHc,143,3,snowball,America/New_York,2026-06-03,34,White or Caucasian,Woman,Less than a year,Bachelor's degree,true,Employee - Full-Time (30 to 40+ hrs/week),first_shift,2,2,3,4,2,2,2,2,4,2,1,1,1,2,1,3,1,3,1,4,3,3,3,2,3,,1,1,1,2,3,3,4,2,1,1,1,1,1,1,1,1,1,1,1,1,1,1,1,5,5,5,4,0,0,1,2.6,2.4,1.2,2.0,4,3,3.0,,2.8,1.0,1.0,1.0,1.0,4.75,1,
R_7HivoHEHuMnZs7C,false,SV_5nV942MJGubDmqq,298,1,snowball,America/New_York,2026-06-03,36,White or Caucasian,Woman,1 to 3 years,Professional or doctorate degree,true,Employee - Full-Time (30 to 40+ hrs/week),first_shift,3,3,4,4,3,3,3,2,4,2,1,2,2,2,2,1,1,1,2,5,2,1,1,5,4,4,1,3,1,3,4,4,4,3,1,1,1,1,1,1,1,1,1,1,1,1,1,1,1,5,5,5,5,0,0,1,3.4,2.8,1.8,1.25,5,2,1.0,3.0,3.6,1.0,1.0,1.0,1.0,5.0,1,5
R_7HivoHEHuMnZs7C,false,SV_eRKl4lgMZDAurT8,162,2,snowball,America/New_York,2026-06-03,36,White or Caucasian,Woman,1 to 3 years,Professional or doctorate degree,true,Employee - Full-Time (30 to 40+ hrs/week),first_shift,3,3,4,4,3,3,3,2,4,2,1,2,2,2,2,1,1,1,2,5,2,1,1,1,1,,2,1,1,1,1,1,1,1,1,1,1,1,2,1,1,1,1,1,1,1,1,1,1,5,5,5,5,0,0,1,3.4,2.8,1.8,1.25,5,2,1.0,,1.0,1.0,1.25,1.0,1.0,5.0,1,
R_7HivoHEHuMnZs7C,false,SV_6J3svun1r97AAHc,134,3,snowball,America/New_York,2026-06-03,36,White or Caucasian,Woman,1 to 3 years,Professional or doctorate degree,true,Employee - Full-Time (30 to 40+ hrs/week),first_shift,3,3,4,4,3,3,3,2,4,2,1,2,2,2,2,1,1,1,2,5,2,1,1,2,2,,1,2,1,2,2,2,2,2,1,1,1,1,1,1,1,1,1,1,1,1,1,1,1,5,5,5,5,0,0,1,3.4,2.8,1.8,1.25,5,2,1.0,,2.0,1.0,1.0,1.0,1.0,5.0,1,
R_10wS9a8uiqOZQ1O,false,SV_5nV942MJGubDmqq,152,1,snowball,America/Chicago,2026-06-02,41,White or Caucasian,Woman,More than 5 years,Professional or doctorate degree,false,Employee - Full-Time (30 to 40+ hrs/week),first_shift,4,3,5,4,4,2,1,2,4,2,1,1,1,1,1,1,1,1,1,5,1,4,2,3,3,2,1,3,2,3,3,2,3,3,1,1,1,2,1,3,2,1,2,2,4,3,4,3,4,4,5,5,5,0,0,1,4.0,2.2,1.0,1.0,5,1,3.0,2.3333333333333335,2.8,1.0,2.0,2.25,3.5,4.75,1,5
R_10wS9a8uiqOZQ1O,false,SV_eRKl4lgMZDAurT8,180,2,snowball,America/Chicago,2026-06-02,41,White or Caucasian,Woman,More than 5 years,Professional or doctorate degree,false,Employee - Full-Time (30 to 40+ hrs/week),first_shift,4,3,5,4,4,2,1,2,4,2,1,1,1,1,1,1,1,1,1,5,1,4,2,2,2,,1,2,1,2,2,2,2,1,1,1,1,1,1,2,1,2,4,2,2,2,2,3,4,4,5,4,4,1,60,1,4.0,2.2,1.0,1.0,5,1,3.0,,1.8,1.0,1.25,2.5,2.75,4.25,1,
R_10wS9a8uiqOZQ1O,false,SV_6J3svun1r97AAHc,134,3,snowball,America/Chicago,2026-06-02,41,White or Caucasian,Woman,More than 5 years,Professional or doctorate degree,false,Employee - Full-Time (30 to 40+ hrs/week),first_shift,4,3,5,4,4,2,1,2,4,2,1,1,1,1,1,1,1,1,1,5,1,4,2,3,2,,1,2,1,1,1,1,1,1,1,1,1,1,1,1,1,1,4,4,1,2,1,2,3,4,5,5,4,1,45,1,4.0,2.2,1.0,1.0,5,1,3.0,,1.0,1.0,1.0,2.5,2.0,4.5,1,
R_12DPFUdLW4fIJD6,false,SV_5nV942MJGubDmqq,154,1,snowball,America/New_York,2026-06-02,39,White or Caucasian,Woman,More than 5 years,Professional or doctorate degree,false,Employee - Full-Time (30 to 40+ hrs/week),first_shift,5,4,5,5,3,3,2,1,3,2,1,1,1,1,1,1,1,1,2,4,3,5,4,1,1,1,1,1,1,1,2,1,2,1,1,1,3,1,1,1,1,1,3,1,1,2,4,1,1,5,5,5,5,0,0,1,4.4,2.2,1.0,1.25,4,3,4.5,1.0,1.4,1.6666666666666667,1.0,1.5,2.0,5.0,1,5
R_12DPFUdLW4fIJD6,false,SV_eRKl4lgMZDAurT8,145,2,snowball,America/New_York,2026-06-02,39,White or Caucasian,Woman,More than 5 years,Professional or doctorate degree,false,Employee - Full-Time (30 to 40+ hrs/week),first_shift,5,4,5,5,3,3,2,1,3,2,1,1,1,1,1,1,1,1,2,4,3,5,4,3,1,,1,2,1,1,4,1,2,1,1,1,1,1,1,1,1,1,1,2,1,1,1,1,1,5,5,5,5,0,0,1,4.4,2.2,1.0,1.25,4,3,4.5,,1.8,1.0,1.0,1.25,1.0,5.0,1,
R_12DPFUdLW4fIJD6,false,SV_6J3svun1r97AAHc,141,3,snowball,America/New_York,2026-06-02,39,White or Caucasian,Woman,More than 5 years,Professional or doctorate degree,false,Employee - Full-Time (30 to 40+ hrs/week),first_shift,5,4,5,5,3,3,2,1,3,2,1,1,1,1,1,1,1,1,2,4,3,5,4,2,2,,2,1,2,1,1,1,2,1,1,2,4,2,1,1,1,1,1,1,4,1,1,1,2,5,5,5,5,0,0,1,4.4,2.2,1.0,1.25,4,3,4.5,,1.2,2.3333333333333335,1.25,1.75,1.25,5.0,1,
R_15XR6zytV4WZVRe,false,SV_5nV942MJGubDmqq,363,1,snowball,America/New_York,2026-06-02,47,White or Caucasian,Man,More than 5 years,Professional or doctorate degree,false,Employee - Full-Time (30 to 40+ hrs/week),first_shift,4,4,5,4,5,4,2,3,3,3,4,4,4,3,5,3,3,4,3,3,4,5,5,5,4,5,2,5,4,4,3,3,4,2,1,1,1,1,1,1,2,2,4,4,3,1,2,1,4,5,5,5,5,2,60,5,4.4,3.0,4.0,3.25,3,4,5.0,4.166666666666667,3.2,1.0,1.25,3.25,2.0,5.0,5,2
R_15XR6zytV4WZVRe,false,SV_eRKl4lgMZDAurT8,163,2,snowball,America/New_York,2026-06-02,47,White or Caucasian,Man,More than 5 years,Professional or doctorate degree,false,Employee - Full-Time (30 to 40+ hrs/week),first_shift,4,4,5,4,5,4,2,3,3,3,4,4,4,3,5,3,3,4,3,3,4,5,5,5,3,,2,4,4,2,3,4,3,2,2,2,2,1,3,1,3,2,4,4,4,1,4,1,4,5,5,5,5,0,0,5,4.4,3.0,4.0,3.25,3,4,5.0,,2.8,2.0,2.0,3.5,2.5,5.0,5,
R_15XR6zytV4WZVRe,false,SV_6J3svun1r97AAHc,159,3,snowball,America/New_York,2026-06-02,47,White or Caucasian,Man,More than 5 years,Professional or doctorate degree,false,Employee - Full-Time (30 to 40+ hrs/week),first_shift,4,4,5,4,5,4,2,3,3,3,4,4,4,3,5,3,3,4,3,3,4,5,5,4,4,,4,4,5,4,4,3,3,4,3,4,2,2,1,1,4,2,1,4,2,2,3,1,1,5,5,5,5,0,0,5,4.4,3.0,4.0,3.25,3,4,5.0,,3.6,3.0,2.0,2.25,1.75,5.0,5,
R_1RPGRzwv7F9FasV,true,SV_5nV942MJGubDmqq,368,1,snowball,America/New_York,2026-06-02,50,Black or African American,Woman,More than 5 years,Master's degree,true,Employee - Full-Time (30 to 40+ hrs/week),first_shift,4,3,3,3,4,2,1,2,2,2,1,1,2,2,1,1,1,1,4,3,2,4,4,2,2,2,1,1,1,2,1,2,1,2,1,1,1,1,1,1,1,1,1,1,1,1,1,1,1,5,5,5,5,0,0,1,3.4,1.8,1.4,1.75,3,2,4.0,1.5,1.6,1.0,1.0,1.0,1.0,5.0,1,4
R_1RPGRzwv7F9FasV,true,SV_eRKl4lgMZDAurT8,272,2,snowball,America/New_York,2026-06-02,50,Black or African American,Woman,More than 5 years,Master's degree,true,Employee - Full-Time (30 to 40+ hrs/week),first_shift,4,3,3,3,4,2,1,2,2,2,1,1,2,2,1,1,1,1,4,3,2,4,4,2,1,,1,1,1,1,2,1,2,2,1,1,1,1,1,1,2,1,1,4,2,1,1,1,1,5,4,5,5,1,100,2,3.4,1.8,1.4,1.75,3,2,4.0,,1.6,1.0,1.25,2.0,1.0,4.75,2,
R_1RPGRzwv7F9FasV,true,SV_6J3svun1r97AAHc,294,3,snowball,America/New_York,2026-06-02,50,Black or African American,Woman,More than 5 years,Master's degree,true,Employee - Full-Time (30 to 40+ hrs/week),first_shift,4,3,3,3,4,2,1,2,2,2,1,1,2,2,1,1,1,1,4,3,2,4,4,2,1,,1,1,1,1,2,1,1,1,1,1,1,1,3,1,2,1,1,3,1,1,1,2,1,5,5,5,5,0,0,2,3.4,1.8,1.4,1.75,3,2,4.0,,1.2,1.0,1.75,1.5,1.25,5.0,2,
R_1j0AYXzdro8N3lT,false,SV_5nV942MJGubDmqq,328,1,snowball,America/Chicago,2026-06-02,40,White or Caucasian,Woman,1 to 3 years,Master's degree,true,Employee - Full-Time (30 to 40+ hrs/week),first_shift,5,4,4,4,4,3,1,2,2,2,3,3,3,1,3,3,3,3,4,4,3,4,3,3,3,3,3,3,5,2,2,2,2,1,1,2,1,3,3,1,3,4,4,4,4,1,4,1,4,5,5,5,5,0,0,3,4.2,2.0,2.6,3.25,4,3,3.5,3.3333333333333335,1.8,1.3333333333333333,2.5,4.0,2.5,5.0,3,4
R_1j0AYXzdro8N3lT,false,SV_eRKl4lgMZDAurT8,264,2,snowball,America/Chicago,2026-06-02,40,White or Caucasian,Woman,1 to 3 years,Master's degree,true,Employee - Full-Time (30 to 40+ hrs/week),first_shift,5,4,4,4,4,3,1,2,2,2,3,3,3,1,3,3,3,3,4,4,3,4,3,2,3,,1,2,2,2,1,2,2,2,1,1,1,1,1,3,3,2,3,5,4,3,2,3,4,5,5,5,5,1,15,3,4.2,2.0,2.6,3.25,4,3,3.5,,1.8,1.0,2.0,3.5,3.0,5.0,3,
R_1j0AYXzdro8N3lT,false,SV_6J3svun1r97AAHc,221,3,snowball,America/Chicago,2026-06-02,40,White or Caucasian,Woman,1 to 3 years,Master's degree,true,Employee - Full-Time (30 to 40+ hrs/week),first_shift,5,4,4,4,4,3,1,2,2,2,3,3,3,1,3,3,3,3,4,4,3,4,3,2,2,,1,1,2,1,1,1,1,1,1,1,1,3,3,3,3,3,3,4,3,3,3,3,4,5,5,5,5,0,0,3,4.2,2.0,2.6,3.25,4,3,3.5,,1.0,1.0,3.0,3.25,3.25,5.0,3,
R_342hwPB3s3SRCQQ,false,SV_5nV942MJGubDmqq,239,1,snowball,America/New_York,2026-06-02,27,White or Caucasian,Man,More than 5 years,Master's degree,false,Employee - Full-Time (30 to 40+ hrs/week),first_shift,4,4,3,3,4,3,3,2,2,1,5,5,5,5,5,5,5,5,5,2,4,5,4,2,1,1,3,1,2,2,2,2,2,2,1,1,1,1,1,2,4,3,4,4,4,1,2,2,2,3,4,3,3,0,0,4,3.6,2.2,5.0,5.0,2,4,4.5,1.6666666666666667,2.0,1.0,2.0,3.75,1.75,3.25,4,4
R_342hwPB3s3SRCQQ,false,SV_eRKl4lgMZDAurT8,392,2,snowball,America/New_York,2026-06-02,27,White or Caucasian,Man,More than 5 years,Master's degree,false,Employee - Full-Time (30 to 40+ hrs/week),first_shift,4,4,3,3,4,3,3,2,2,1,5,5,5,5,5,5,5,5,5,2,4,5,4,2,2,,5,2,3,3,3,2,3,2,2,3,3,5,3,4,5,4,5,4,4,3,4,3,3,3,4,3,4,1,24,4,3.6,2.2,5.0,5.0,2,4,4.5,,2.6,2.6666666666666665,4.25,4.25,3.25,3.5,4,
R_342hwPB3s3SRCQQ,false,SV_6J3svun1r97AAHc,168,3,snowball,America/New_York,2026-06-02,27,White or Caucasian,Man,More than 5 years,Master's degree,false,Employee - Full-Time (30 to 40+ hrs/week),first_shift,4,4,3,3,4,3,3,2,2,1,5,5,5,5,5,5,5,5,5,2,4,5,4,3,2,,5,2,5,3,5,3,4,3,5,2,5,3,2,2,4,4,5,4,4,3,4,2,2,2,4,3,4,1,55,5,3.6,2.2,5.0,5.0,2,4,4.5,,3.6,4.0,2.75,4.25,2.75,3.25,5,
R_3rJ3LsczL04Orlk,false,SV_5nV942MJGubDmqq,178,1,snowball,America/New_York,2026-06-02,34,White or Caucasian,Woman,More than 5 years,Bachelor's degree,false,Employee - Full-Time (30 to 40+ hrs/week),first_shift,3,3,3,3,3,2,2,1,4,2,1,1,2,1,1,1,1,1,1,5,1,2,3,4,4,4,3,4,4,4,4,4,5,3,2,3,2,4,3,2,1,1,1,4,1,1,1,1,1,5,5,5,5,0,0,2,3.0,2.2,1.2,1.0,5,1,2.5,3.8333333333333335,4.0,2.3333333333333335,2.5,1.75,1.0,5.0,2,5
R_3rJ3LsczL04Orlk,false,SV_eRKl4lgMZDAurT8,146,2,snowball,America/New_York,2026-06-02,34,White or Caucasian,Woman,More than 5 years,Bachelor's degree,false,Employee - Full-Time (30 to 40+ hrs/week),first_shift,3,3,3,3,3,2,2,1,4,2,1,1,2,1,1,1,1,1,1,5,1,2,3,1,2,,1,2,2,1,2,2,2,2,1,1,1,1,2,1,1,1,1,1,1,1,1,1,1,5,5,5,5,1,10,1,3.0,2.2,1.2,1.0,5,1,2.5,,1.8,1.0,1.25,1.0,1.0,5.0,1,
R_3rJ3LsczL04Orlk,false,SV_6J3svun1r97AAHc,125,3,snowball,America/New_York,2026-06-02,34,White or Caucasian,Woman,More than 5 years,Bachelor's degree,false,Employee - Full-Time (30 to 40+ hrs/week),first_shift,3,3,3,3,3,2,2,1,4,2,1,1,2,1,1,1,1,1,1,5,1,2,3,1,3,,1,1,1,2,2,4,2,2,1,1,1,1,1,1,1,2,1,1,1,1,1,1,1,5,5,5,5,0,0,1,3.0,2.2,1.2,1.0,5,1,2.5,,2.4,1.0,1.0,1.25,1.0,5.0,1,
R_3rcB2W1zkZlDOBi,false,SV_5nV942MJGubDmqq,156,1,snowball,America/New_York,2026-06-02,34,Black or African American,Woman,More than 5 years,Bachelor's degree,true,Employee - Full-Time (30 to 40+ hrs/week),first_shift,4,4,4,3,3,3,2,2,2,2,3,1,1,1,1,1,1,1,1,4,3,3,3,2,1,1,1,1,1,1,1,1,2,1,1,1,1,1,1,1,1,1,1,1,1,1,1,1,1,4,4,4,4,1,32,1,3.6,2.2,1.4,1.0,4,3,3.0,1.1666666666666667,1.2,1.0,1.0,1.0,1.0,4.0,1,5
R_3rcB2W1zkZlDOBi,false,SV_eRKl4lgMZDAurT8,220,2,snowball,America/New_York,2026-06-02,34,Black or African American,Woman,More than 5 years,Bachelor's degree,true,Employee - Full-Time (30 to 40+ hrs/week),first_shift,4,4,4,3,3,3,2,2,2,2,3,1,1,1,1,1,1,1,1,4,3,3,3,2,1,,1,1,1,1,1,1,2,1,1,1,1,1,1,1,1,1,1,3,1,1,1,1,1,4,4,4,4,2,62,1,3.6,2.2,1.4,1.0,4,3,3.0,,1.2,1.0,1.0,1.5,1.0,4.0,1,
R_3rcB2W1zkZlDOBi,false,SV_6J3svun1r97AAHc,164,3,snowball,America/New_York,2026-06-02,34,Black or African American,Woman,More than 5 years,Bachelor's degree,true,Employee - Full-Time (30 to 40+ hrs/week),first_shift,4,4,4,3,3,3,2,2,2,2,3,1,1,1,1,1,1,1,1,4,3,3,3,2,2,,1,2,1,2,2,1,2,1,1,1,1,1,1,1,1,1,1,1,1,1,1,1,1,4,4,4,4,3,72,1,3.6,2.2,1.4,1.0,4,3,3.0,,1.6,1.0,1.0,1.0,1.0,4.0,1,
R_5PSiKmqQmcgcvXV,false,SV_5nV942MJGubDmqq,1081,1,snowball,America/New_York,2026-06-02,41,White or Caucasian,Woman,3 to 5 years,Bachelor's degree,true,Employee - Full-Time (30 to 40+ hrs/week),first_shift,4,2,5,3,4,3,2,3,3,2,2,5,5,5,4,1,2,5,5,2,1,5,3,2,1,1,1,1,1,1,1,1,1,1,1,1,1,3,3,3,3,2,1,1,4,1,1,1,1,5,5,5,5,2,90,2,3.6,2.6,4.2,3.25,2,1,4.0,1.1666666666666667,1.0,1.0,3.0,2.0,1.0,5.0,2,3
R_5PSiKmqQmcgcvXV,false,SV_eRKl4lgMZDAurT8,301,2,snowball,America/New_York,2026-06-02,41,White or Caucasian,Woman,3 to 5 years,Bachelor's degree,true,Employee - Full-Time (30 to 40+ hrs/week),first_shift,4,2,5,3,4,3,2,3,3,2,2,5,5,5,4,1,2,5,5,2,1,5,3,2,1,,1,1,3,1,2,1,2,1,1,1,1,4,4,4,4,4,1,3,4,1,4,1,1,5,5,5,5,2,120,4,3.6,2.6,4.2,3.25,2,1,4.0,,1.4,1.0,4.0,3.0,1.75,5.0,4,
R_5PSiKmqQmcgcvXV,false,SV_6J3svun1r97AAHc,190,3,snowball,America/New_York,2026-06-02,41,White or Caucasian,Woman,3 to 5 years,Bachelor's degree,true,Employee - Full-Time (30 to 40+ hrs/week),first_shift,4,2,5,3,4,3,2,3,3,2,2,5,5,5,4,1,2,5,5,2,1,5,3,2,1,,1,3,3,2,2,2,2,1,1,2,1,3,4,4,4,3,3,3,4,1,3,1,1,5,5,5,5,3,120,4,3.6,2.6,4.2,3.25,2,1,4.0,,1.8,1.3333333333333333,3.75,3.25,1.5,5.0,4,
R_5axpVBKf3nN1z2x,true,SV_5nV942MJGubDmqq,398,1,snowball,America/New_York,2026-06-02,39,White or Caucasian,Woman,1 to 3 years,Professional or doctorate degree,false,Employee - Full-Time (30 to 40+ hrs/week),first_shift,4,3,4,4,4,3,2,3,4,2,1,4,3,4,3,1,1,2,3,4,2,2,3,2,2,2,2,2,2,2,2,2,2,1,1,1,1,5,3,2,4,4,4,5,5,2,4,2,3,5,5,5,5,1,8,2,3.8,2.8,3.0,1.75,4,2,2.5,2.0,1.8,1.0,3.5,4.5,2.75,5.0,2,4
R_5axpVBKf3nN1z2x,true,SV_eRKl4lgMZDAurT8,220,2,snowball,America/New_York,2026-06-02,39,White or Caucasian,Woman,1 to 3 years,Professional or doctorate degree,false,Employee - Full-Time (30 to 40+ hrs/week),first_shift,4,3,4,4,4,3,2,3,4,2,1,4,3,4,3,1,1,2,3,4,2,2,3,3,2,,1,1,2,4,2,2,2,2,1,1,1,4,2,3,4,4,4,5,5,4,4,2,2,5,5,5,5,1,180,1,3.8,2.8,3.0,1.75,4,2,2.5,,2.4,1.0,3.25,4.5,3.0,5.0,1,
R_5axpVBKf3nN1z2x,true,SV_6J3svun1r97AAHc,146,3,snowball,America/New_York,2026-06-02,39,White or Caucasian,Woman,1 to 3 years,Professional or doctorate degree,false,Employee - Full-Time (30 to 40+ hrs/week),first_shift,4,3,4,4,4,3,2,3,4,2,1,4,3,4,3,1,1,2,3,4,2,2,3,2,2,,1,3,2,2,4,2,4,2,1,1,1,4,1,3,4,4,4,4,4,2,1,2,3,5,5,5,5,1,40,1,3.8,2.8,3.0,1.75,4,2,2.5,,2.8,1.0,3.0,4.0,2.0,5.0,1,
R_5sjoDWfaUHiw5Yy,false,SV_5nV942MJGubDmqq,192,1,snowball,America/New_York,2026-06-02,34,Black or African American,Man,Less than a year,Professional or doctorate degree,true,Employee - Full-Time (30 to 40+ hrs/week),first_shift,3,3,4,4,3,2,2,1,3,1,2,2,2,1,2,1,1,2,2,4,1,2,2,1,1,1,1,1,1,1,1,1,1,1,1,1,1,1,1,1,1,1,1,1,1,1,1,1,1,5,5,5,5,0,0,1,3.4,1.8,1.8,1.5,4,1,2.0,1.0,1.0,1.0,1.0,1.0,1.0,5.0,1,4
R_5sjoDWfaUHiw5Yy,false,SV_eRKl4lgMZDAurT8,192,2,snowball,America/New_York,2026-06-02,34,Black or African American,Man,Less than a year,Professional or doctorate degree,true,Employee - Full-Time (30 to 40+ hrs/week),first_shift,3,3,4,4,3,2,2,1,3,1,2,2,2,1,2,1,1,2,2,4,1,2,2,2,2,,1,1,1,2,1,1,1,1,1,1,1,1,1,1,1,1,1,1,1,1,1,1,1,5,5,5,5,1,10,1,3.4,1.8,1.8,1.5,4,1,2.0,,1.2,1.0,1.0,1.0,1.0,5.0,1,
R_5sjoDWfaUHiw5Yy,false,SV_6J3svun1r97AAHc,142,3,snowball,America/New_York,2026-06-02,34,Black or African American,Man,Less than a year,Professional or doctorate degree,true,Employee - Full-Time (30 to 40+ hrs/week),first_shift,3,3,4,4,3,2,2,1,3,1,2,2,2,1,2,1,1,2,2,4,1,2,2,2,2,,1,2,1,2,2,2,3,2,1,1,1,1,1,1,1,1,1,1,1,1,1,1,1,5,5,5,5,1,60,1,3.4,1.8,1.8,1.5,4,1,2.0,,2.2,1.0,1.0,1.0,1.0,5.0,1,
R_60p0COa5dUalyIi,true,SV_5nV942MJGubDmqq,164,1,snowball,America/New_York,2026-06-02,32,White or Caucasian,Woman,3 to 5 years,Master's degree,true,Employee - Full-Time (30 to 40+ hrs/week),first_shift,4,2,3,4,2,3,2,4,4,3,1,3,2,3,3,4,1,1,4,2,1,4,4,2,2,1,2,1,2,1,2,1,2,1,1,1,1,2,1,1,1,1,4,1,2,1,1,1,1,3,3,3,4,0,0,2,3.0,3.2,2.4,2.5,2,1,4.0,1.6666666666666667,1.4,1.0,1.25,2.0,1.0,3.25,2,3
R_60p0COa5dUalyIi,true,SV_eRKl4lgMZDAurT8,221,2,snowball,America/New_York,2026-06-02,32,White or Caucasian,Woman,3 to 5 years,Master's degree,true,Employee - Full-Time (30 to 40+ hrs/week),first_shift,4,2,3,4,2,3,2,4,4,3,1,3,2,3,3,4,1,1,4,2,1,4,4,5,4,,2,2,3,2,2,1,4,2,1,1,2,2,2,1,2,3,4,4,4,1,1,1,1,4,4,4,4,3,70,4,3.0,3.2,2.4,2.5,2,1,4.0,,2.2,1.3333333333333333,1.75,3.75,1.0,4.0,4,
R_60p0COa5dUalyIi,true,SV_6J3svun1r97AAHc,124,3,snowball,America/New_York,2026-06-02,32,White or Caucasian,Woman,3 to 5 years,Master's degree,true,Employee - Full-Time (30 to 40+ hrs/week),first_shift,4,2,3,4,2,3,2,4,4,3,1,3,2,3,3,4,1,1,4,2,1,4,4,4,4,,2,3,5,2,3,1,4,2,1,1,2,1,1,1,1,2,3,3,5,1,2,1,1,3,4,4,3,0,0,4,3.0,3.2,2.4,2.5,2,1,4.0,,2.4,1.3333333333333333,1.0,3.25,1.25,3.5,4,
R_69oCniqgVCmM7Ye,false,SV_5nV942MJGubDmqq,210,1,snowball,America/New_York,2026-06-02,29,Asian,Woman,1 to 3 years,Professional or doctorate degree,true,Employee - Full-Time (30 to 40+ hrs/week),first_shift,4,2,4,4,4,3,2,2,3,2,2,1,1,1,1,1,1,1,1,4,1,4,4,1,1,1,1,2,1,1,2,1,2,1,1,1,1,3,1,3,3,3,3,5,5,3,3,1,1,5,5,5,5,0,0,1,3.6,2.4,1.2,1.0,4,1,4.0,1.1666666666666667,1.4,1.0,2.5,4.0,2.0,5.0,1,3
R_69oCniqgVCmM7Ye,false,SV_eRKl4lgMZDAurT8,198,2,snowball,America/New_York,2026-06-02,29,Asian,Woman,1 to 3 years,Professional or doctorate degree,true,Employee - Full-Time (30 to 40+ hrs/week),first_shift,4,2,4,4,4,3,2,2,3,2,2,1,1,1,1,1,1,1,1,4,1,4,4,3,5,,1,1,1,3,5,3,5,5,1,1,1,4,3,3,1,4,3,5,4,1,3,1,1,5,5,5,5,1,61,2,3.6,2.4,1.2,1.0,4,1,4.0,,4.2,1.0,2.75,4.0,1.5,5.0,2,
R_69oCniqgVCmM7Ye,false,SV_6J3svun1r97AAHc,153,3,snowball,America/New_York,2026-06-02,29,Asian,Woman,1 to 3 years,Professional or doctorate degree,true,Employee - Full-Time (30 to 40+ hrs/week),first_shift,4,2,4,4,4,3,2,2,3,2,2,1,1,1,1,1,1,1,1,4,1,4,4,3,2,,1,2,1,4,5,2,5,2,1,1,1,4,2,1,2,3,4,5,4,1,1,1,1,5,5,5,5,2,120,1,3.6,2.4,1.2,1.0,4,1,4.0,,3.6,1.0,2.25,4.0,1.0,5.0,1,
R_6BVp82IcC2EjcxU,false,SV_5nV942MJGubDmqq,486,1,snowball,America/Chicago,2026-06-02,24,White or Caucasian,Non-binary,1 to 3 years,Bachelor's degree,false,Employee - Full-Time (30 to 40+ hrs/week),first_shift,5,4,4,4,3,3,3,2,5,4,2,4,2,4,4,5,4,2,5,4,1,2,1,5,5,5,5,3,3,4,4,4,4,4,1,1,1,2,1,1,1,1,5,1,1,1,1,1,1,5,5,5,5,0,0,2,4.0,3.4,3.2,4.0,4,1,1.5,4.333333333333333,4.0,1.0,1.25,2.0,1.0,5.0,2,2
R_6BVp82IcC2EjcxU,false,SV_eRKl4lgMZDAurT8,145,2,snowball,America/Chicago,2026-06-02,24,White or Caucasian,Non-binary,1 to 3 years,Bachelor's degree,false,Employee - Full-Time (30 to 40+ hrs/week),first_shift,5,4,4,4,3,3,3,2,5,4,2,4,2,4,4,5,4,2,5,4,1,2,1,5,3,,5,5,5,2,5,5,5,5,2,4,4,2,4,2,1,5,5,4,4,4,4,5,4,5,5,5,5,1,75,5,4.0,3.4,3.2,4.0,4,1,1.5,,4.4,3.3333333333333335,2.25,4.5,4.25,5.0,5,
R_6BVp82IcC2EjcxU,false,SV_6J3svun1r97AAHc,583,3,snowball,America/Chicago,2026-06-02,24,White or Caucasian,Non-binary,1 to 3 years,Bachelor's degree,false,Employee - Full-Time (30 to 40+ hrs/week),first_shift,5,4,4,4,3,3,3,2,5,4,2,4,2,4,4,5,4,2,5,4,1,2,1,5,3,,4,5,4,1,5,5,5,3,1,5,5,2,4,4,1,5,4,5,5,5,2,4,5,5,5,5,5,2,53,1,4.0,3.4,3.2,4.0,4,1,1.5,,3.8,3.6666666666666665,2.75,4.75,4.0,5.0,1,
R_6MQck0C2Xd4UL6G,false,SV_5nV942MJGubDmqq,991,1,snowball,America/Los_Angeles,2026-06-02,30,White or Caucasian,Woman,Less than a year,Professional or doctorate degree,false,Employee - Full-Time (30 to 40+ hrs/week),first_shift,4,3,4,4,4,2,1,1,2,1,1,1,1,2,1,1,1,1,4,4,1,4,3,2,3,2,2,2,3,2,2,2,4,2,1,1,1,1,1,1,3,3,1,4,3,3,1,2,1,3,4,4,4,0,0,2,3.8,1.4,1.2,1.75,4,1,3.5,2.3333333333333335,2.4,1.0,1.5,2.75,1.75,3.75,2,3
R_6MQck0C2Xd4UL6G,false,SV_eRKl4lgMZDAurT8,155,2,snowball,America/Los_Angeles,2026-06-02,30,White or Caucasian,Woman,Less than a year,Professional or doctorate degree,false,Employee - Full-Time (30 to 40+ hrs/week),first_shift,4,3,4,4,4,2,1,1,2,1,1,1,1,2,1,1,1,1,4,4,1,4,3,2,3,,2,2,3,1,3,1,3,1,1,1,1,3,1,1,4,4,3,4,3,3,3,3,3,4,4,4,4,1,50,3,3.8,1.4,1.2,1.75,4,1,3.5,,1.8,1.0,2.25,3.5,3.0,4.0,3,
R_6MQck0C2Xd4UL6G,false,SV_6J3svun1r97AAHc,350,3,snowball,America/Los_Angeles,2026-06-02,30,White or Caucasian,Woman,Less than a year,Professional or doctorate degree,false,Employee - Full-Time (30 to 40+ hrs/week),first_shift,4,3,4,4,4,2,1,1,2,1,1,1,1,2,1,1,1,1,4,4,1,4,3,3,3,,2,2,2,2,2,3,2,2,1,1,1,1,1,1,4,4,3,4,4,1,1,1,1,4,4,4,4,0,0,3,3.8,1.4,1.2,1.75,4,1,3.5,,2.2,1.0,1.75,3.75,1.0,4.0,3,
R_6QusCLkSu6KqK6L,true,SV_5nV942MJGubDmqq,328,1,snowball,America/New_York,2026-06-02,33,White or Caucasian,Man,More than 5 years,Bachelor's degree,false,Employee - Full-Time (30 to 40+ hrs/week),first_shift,4,2,4,4,5,3,3,2,3,2,1,1,1,3,1,1,1,1,1,5,1,3,2,3,2,1,1,1,1,2,2,2,2,2,1,1,1,3,1,1,2,2,3,4,2,1,1,3,2,4,4,4,4,0,0,1,3.8,2.6,1.4,1.0,5,1,2.5,1.5,2.0,1.0,1.75,2.75,1.75,4.0,1,5
R_6QusCLkSu6KqK6L,true,SV_eRKl4lgMZDAurT8,184,2,snowball,America/New_York,2026-06-02,33,White or Caucasian,Man,More than 5 years,Bachelor's degree,false,Employee - Full-Time (30 to 40+ hrs/week),first_shift,4,2,4,4,5,3,3,2,3,2,1,1,1,3,1,1,1,1,1,5,1,3,2,2,2,,2,2,2,3,3,2,2,2,1,1,1,2,2,1,1,2,4,3,4,1,1,1,2,4,4,4,4,0,0,1,3.8,2.6,1.4,1.0,5,1,2.5,,2.4,1.0,1.5,3.25,1.25,4.0,1,
R_6QusCLkSu6KqK6L,true,SV_6J3svun1r97AAHc,353,3,snowball,America/New_York,2026-06-02,33,White or Caucasian,Man,More than 5 years,Bachelor's degree,false,Employee - Full-Time (30 to 40+ hrs/week),first_shift,4,2,4,4,5,3,3,2,3,2,1,1,1,3,1,1,1,1,1,5,1,3,2,3,2,,2,2,2,2,3,2,2,2,1,1,1,2,2,1,1,2,2,2,2,1,1,1,1,4,4,4,4,0,0,1,3.8,2.6,1.4,1.0,5,1,2.5,,2.2,1.0,1.5,2.0,1.0,4.0,1,
R_6snwzzo9zGTymZj,false,SV_5nV942MJGubDmqq,249,1,snowball,America/Los_Angeles,2026-06-02,32,Hispanic or Latino,Woman,More than 5 years,Bachelor's degree,false,Employee - Full-Time (30 to 40+ hrs/week),first_shift,4,3,4,4,4,3,2,2,4,3,4,4,4,4,4,4,5,2,4,2,2,3,3,4,4,3,2,4,3,4,2,2,3,3,2,3,1,4,1,3,4,2,4,3,3,1,3,1,1,5,5,5,5,0,0,3,3.8,2.8,4.0,3.75,2,2,3.0,3.3333333333333335,2.8,2.0,3.0,3.0,1.5,5.0,3,2
R_6snwzzo9zGTymZj,false,SV_eRKl4lgMZDAurT8,182,2,snowball,America/Los_Angeles,2026-06-02,32,Hispanic or Latino,Woman,More than 5 years,Bachelor's degree,false,Employee - Full-Time (30 to 40+ hrs/week),first_shift,4,3,4,4,4,3,2,2,4,3,4,4,4,4,4,4,5,2,4,2,2,3,3,2,2,,2,2,2,2,2,2,2,2,1,2,1,2,1,1,1,1,1,4,4,1,1,1,1,5,5,5,5,1,30,2,3.8,2.8,4.0,3.75,2,2,3.0,,2.0,1.3333333333333333,1.25,2.5,1.0,5.0,2,
R_6snwzzo9zGTymZj,false,SV_6J3svun1r97AAHc,137,3,snowball,America/Los_Angeles,2026-06-02,32,Hispanic or Latino,Woman,More than 5 years,Bachelor's degree,false,Employee - Full-Time (30 to 40+ hrs/week),first_shift,4,3,4,4,4,3,2,2,4,3,4,4,4,4,4,4,5,2,4,2,2,3,3,3,3,,2,3,3,3,2,3,2,3,2,2,3,1,1,1,1,1,2,4,1,1,1,1,1,5,5,5,5,1,30,2,3.8,2.8,4.0,3.75,2,2,3.0,,2.6,2.3333333333333335,1.0,2.0,1.0,5.0,2,
R_6z91b9PsSYD9UDB,false,SV_5nV942MJGubDmqq,499,1,snowball,America/New_York,2026-06-02,32,White or Caucasian,Woman,3 to 5 years,Bachelor's degree,true,Employee - Full-Time (30 to 40+ hrs/week),first_shift,4,2,3,4,3,2,2,2,3,2,2,2,1,2,1,1,1,1,1,5,2,2,1,4,4,3,2,4,3,3,3,4,4,3,1,3,1,1,1,1,1,1,1,4,1,1,1,1,1,5,5,5,5,0,0,1,3.2,2.2,1.6,1.0,5,2,1.5,3.3333333333333335,3.4,1.6666666666666667,1.0,1.75,1.0,5.0,1,3
R_6z91b9PsSYD9UDB,false,SV_eRKl4lgMZDAurT8,160,2,snowball,America/New_York,2026-06-02,32,White or Caucasian,Woman,3 to 5 years,Bachelor's degree,true,Employee - Full-Time (30 to 40+ hrs/week),first_shift,4,2,3,4,3,2,2,2,3,2,2,2,1,2,1,1,1,1,1,5,2,2,1,2,2,,1,1,1,2,2,1,2,2,1,1,1,1,1,1,1,2,3,4,4,1,1,2,1,5,5,5,5,1,45,1,3.2,2.2,1.6,1.0,5,2,1.5,,1.8,1.0,1.0,3.25,1.25,5.0,1,
R_6z91b9PsSYD9UDB,false,SV_6J3svun1r97AAHc,119,3,snowball,America/New_York,2026-06-02,32,White or Caucasian,Woman,3 to 5 years,Bachelor's degree,true,Employee - Full-Time (30 to 40+ hrs/week),first_shift,4,2,3,4,3,2,2,2,3,2,2,2,1,2,1,1,1,1,1,5,2,2,1,1,1,,2,1,1,1,1,1,1,1,1,1,1,1,1,1,1,1,2,2,2,1,1,1,1,5,5,5,5,0,0,1,3.2,2.2,1.6,1.0,5,2,1.5,,1.0,1.0,1.0,1.75,1.0,5.0,1,
R_7Nq4O4EGZMXyj2E,true,SV_5nV942MJGubDmqq,192,1,snowball,America/New_York,2026-06-02,35,White or Caucasian,Woman,More than 5 years,Bachelor's degree,true,Employee - Full-Time (30 to 40+ hrs/week),first_shift,4,4,4,3,4,3,2,2,3,2,2,1,1,1,2,1,1,1,1,4,1,2,3,3,2,1,1,1,1,2,2,2,2,2,1,1,1,1,1,1,4,4,1,5,4,1,4,1,4,5,5,5,5,0,0,1,3.8,2.4,1.4,1.0,4,1,2.5,1.5,2.0,1.0,1.75,3.5,2.5,5.0,1,5
R_7Nq4O4EGZMXyj2E,true,SV_eRKl4lgMZDAurT8,255,2,snowball,America/New_York,2026-06-02,35,White or Caucasian,Woman,More than 5 years,Bachelor's degree,true,Employee - Full-Time (30 to 40+ hrs/week),first_shift,4,4,4,3,4,3,2,2,3,2,2,1,1,1,2,1,1,1,1,4,1,2,3,4,2,,2,1,1,4,4,2,4,3,2,2,1,1,1,1,4,2,4,5,2,1,4,1,1,5,5,5,5,2,129,1,3.8,2.4,1.4,1.0,4,1,2.5,,3.4,1.6666666666666667,1.75,3.25,1.75,5.0,1,
R_7Nq4O4EGZMXyj2E,true,SV_6J3svun1r97AAHc,176,3,snowball,America/New_York,2026-06-02,35,White or Caucasian,Woman,More than 5 years,Bachelor's degree,true,Employee - Full-Time (30 to 40+ hrs/week),first_shift,4,4,4,3,4,3,2,2,3,2,2,1,1,1,2,1,1,1,1,4,1,2,3,4,2,,1,1,1,3,3,3,3,4,1,1,1,1,1,1,4,4,4,5,1,1,2,2,1,5,5,5,5,2,145,1,3.8,2.4,1.4,1.0,4,1,2.5,,3.2,1.0,1.75,3.5,1.5,5.0,1,
R_7OEMcLKaFCmm8Kt,false,SV_5nV942MJGubDmqq,109,1,snowball,America/New_York,2026-06-02,39,Black or African American,Woman,1 to 3 years,Master's degree,true,Employee - Full-Time (30 to 40+ hrs/week),first_shift,5,4,5,4,5,2,2,3,4,2,1,1,1,1,1,2,1,1,1,3,3,5,5,1,1,1,1,1,1,1,1,1,1,1,1,1,1,1,1,1,1,1,1,1,1,1,1,1,1,3,3,3,3,0,0,1,4.6,2.6,1.0,1.25,3,3,5.0,1.0,1.0,1.0,1.0,1.0,1.0,3.0,1,3
R_7OEMcLKaFCmm8Kt,false,SV_eRKl4lgMZDAurT8,162,2,snowball,America/New_York,2026-06-02,39,Black or African American,Woman,1 to 3 years,Master's degree,true,Employee - Full-Time (30 to 40+ hrs/week),first_shift,5,4,5,4,5,2,2,3,4,2,1,1,1,1,1,2,1,1,1,3,3,5,5,1,1,,1,1,1,2,1,1,3,1,1,1,1,1,1,1,1,1,1,1,1,1,1,1,1,3,3,3,3,1,29,2,4.6,2.6,1.0,1.25,3,3,5.0,,1.6,1.0,1.0,1.0,1.0,3.0,2,
R_7OEMcLKaFCmm8Kt,false,SV_6J3svun1r97AAHc,149,3,snowball,America/New_York,2026-06-02,39,Black or African American,Woman,1 to 3 years,Master's degree,true,Employee - Full-Time (30 to 40+ hrs/week),first_shift,5,4,5,4,5,2,2,3,4,2,1,1,1,1,1,2,1,1,1,3,3,5,5,2,1,,2,1,1,1,1,2,1,1,1,2,1,1,1,1,1,1,1,1,1,1,1,1,1,3,3,4,3,0,0,3,4.6,2.6,1.0,1.25,3,3,5.0,,1.2,1.3333333333333333,1.0,1.0,1.0,3.25,3,
R_7PbLhkQKAiwbm3J,false,SV_5nV942MJGubDmqq,233,1,snowball,America/Los_Angeles,2026-06-02,27,White or Caucasian,Woman,3 to 5 years,Master's degree,true,Employee - Part-Time (<30 hrs/week),first_shift,4,3,4,4,4,3,2,2,2,2,1,1,1,1,1,1,1,1,1,4,3,4,4,2,1,1,1,1,1,2,1,1,1,1,1,1,1,1,1,1,2,1,1,1,1,1,1,1,1,4,4,4,4,0,0,1,3.8,2.2,1.0,1.0,4,3,4.0,1.1666666666666667,1.2,1.0,1.25,1.0,1.0,4.0,1,3
R_7PbLhkQKAiwbm3J,false,SV_eRKl4lgMZDAurT8,117,2,snowball,America/Los_Angeles,2026-06-02,27,White or Caucasian,Woman,3 to 5 years,Master's degree,true,Employee - Part-Time (<30 hrs/week),first_shift,4,3,4,4,4,3,2,2,2,2,1,1,1,1,1,1,1,1,1,4,3,4,4,1,2,,1,1,1,2,2,2,2,2,1,1,1,1,1,1,1,1,1,1,1,1,1,1,1,4,4,4,4,1,60,1,3.8,2.2,1.0,1.0,4,3,4.0,,2.0,1.0,1.0,1.0,1.0,4.0,1,
R_7PbLhkQKAiwbm3J,false,SV_6J3svun1r97AAHc,123,3,snowball,America/Los_Angeles,2026-06-02,27,White or Caucasian,Woman,3 to 5 years,Master's degree,true,Employee - Part-Time (<30 hrs/week),first_shift,4,3,4,4,4,3,2,2,2,2,1,1,1,1,1,1,1,1,1,4,3,4,4,1,1,,1,1,1,4,4,4,4,2,1,1,1,1,1,1,1,1,1,1,1,1,1,1,1,4,4,4,4,0,0,1,3.8,2.2,1.0,1.0,4,3,4.0,,3.6,1.0,1.0,1.0,1.0,4.0,1,
R_7boL7fD6uzZCwyl,false,SV_5nV942MJGubDmqq,152,1,snowball,America/New_York,2026-06-02,32,Asian,Man,Less than a year,Master's degree,false,Employee - Full-Time (30 to 40+ hrs/week),first_shift,3,4,4,3,4,2,1,2,2,2,1,1,1,1,1,1,1,1,2,4,2,4,4,4,2,3,1,1,1,1,2,1,1,1,1,1,1,2,1,2,1,1,2,1,4,1,1,1,3,4,5,4,4,0,0,1,3.6,1.8,1.0,1.25,4,2,4.0,2.0,1.2,1.0,1.5,2.0,1.5,4.25,1,5
R_7boL7fD6uzZCwyl,false,SV_eRKl4lgMZDAurT8,123,2,snowball,America/New_York,2026-06-02,32,Asian,Man,Less than a year,Master's degree,false,Employee - Full-Time (30 to 40+ hrs/week),first_shift,3,4,4,3,4,2,1,2,2,2,1,1,1,1,1,1,1,1,2,4,2,4,4,3,1,,1,4,2,3,3,3,3,2,1,1,1,1,1,1,1,1,1,1,1,1,1,1,1,5,5,5,5,1,17,1,3.6,1.8,1.0,1.25,4,2,4.0,,2.8,1.0,1.0,1.0,1.0,5.0,1,
R_7boL7fD6uzZCwyl,false,SV_6J3svun1r97AAHc,105,3,snowball,America/New_York,2026-06-02,32,Asian,Man,Less than a year,Master's degree,false,Employee - Full-Time (30 to 40+ hrs/week),first_shift,3,4,4,3,4,2,1,2,2,2,1,1,1,1,1,1,1,1,2,4,2,4,4,3,3,,1,2,2,3,1,2,2,2,1,1,1,1,1,1,1,1,1,1,1,1,1,1,1,5,5,5,5,1,46,1,3.6,1.8,1.0,1.25,4,2,4.0,,2.0,1.0,1.0,1.0,1.0,5.0,1,
R_7dte2AhsCijDbUm,false,SV_5nV942MJGubDmqq,418,1,snowball,America/Los_Angeles,2026-06-02,47,Hispanic or Latino,Woman,3 to 5 years,Master's degree,true,Employee - Full-Time (30 to 40+ hrs/week),first_shift,3,2,3,3,4,2,2,4,5,4,2,1,3,1,2,4,1,3,3,2,2,2,1,3,5,2,2,3,3,5,3,3,3,3,2,3,1,5,4,4,2,4,4,4,5,4,4,5,1,3,5,3,4,0,0,3,3.0,3.4,1.8,2.75,2,2,1.5,3.0,3.4,2.0,3.75,4.25,3.5,3.75,3,2
R_7dte2AhsCijDbUm,false,SV_eRKl4lgMZDAurT8,180,2,snowball,America/Los_Angeles,2026-06-02,47,Hispanic or Latino,Woman,3 to 5 years,Master's degree,true,Employee - Full-Time (30 to 40+ hrs/week),first_shift,3,2,3,3,4,2,2,4,5,4,2,1,3,1,2,4,1,3,3,2,2,2,1,5,5,,5,5,5,5,5,5,5,5,1,3,3,5,4,4,3,3,3,4,5,3,5,3,3,3,5,3,5,1,90,5,3.0,3.4,1.8,2.75,2,2,1.5,,5.0,2.3333333333333335,4.0,3.75,3.5,4.0,5,
R_7dte2AhsCijDbUm,false,SV_6J3svun1r97AAHc,162,3,snowball,America/Los_Angeles,2026-06-02,47,Hispanic or Latino,Woman,3 to 5 years,Master's degree,true,Employee - Full-Time (30 to 40+ hrs/week),first_shift,3,2,3,3,4,2,2,4,5,4,2,1,3,1,2,4,1,3,3,2,2,2,1,5,5,,5,5,5,5,5,5,5,5,1,2,1,5,4,5,4,3,4,4,4,3,3,4,3,3,4,3,4,1,10,5,3.0,3.4,1.8,2.75,2,2,1.5,,5.0,1.3333333333333333,4.5,3.75,3.25,3.5,5,
R_8fxUXDdhlCifeXq,false,SV_5nV942MJGubDmqq,189,1,snowball,America/New_York,2026-06-02,35,Black or African American,Man,Less than a year,Bachelor's degree,true,Employee - Full-Time (30 to 40+ hrs/week),first_shift,3,3,5,4,4,2,2,1,2,2,4,5,4,4,5,4,4,4,5,3,2,1,5,5,4,5,3,4,4,3,2,3,2,2,1,3,1,1,1,3,5,5,4,5,2,4,4,2,4,3,5,4,5,0,0,5,3.8,1.8,4.4,4.25,3,2,3.0,4.166666666666667,2.4,1.6666666666666667,2.5,4.0,3.5,4.25,5,2
R_8fxUXDdhlCifeXq,false,SV_eRKl4lgMZDAurT8,228,2,snowball,America/New_York,2026-06-02,35,Black or African American,Man,Less than a year,Bachelor's degree,true,Employee - Full-Time (30 to 40+ hrs/week),first_shift,3,3,5,4,4,2,2,1,2,2,4,5,4,4,5,4,4,4,5,3,2,1,5,4,2,,4,2,2,1,1,1,2,1,1,2,1,1,1,1,1,5,4,4,5,2,5,1,3,4,5,5,5,4,120,4,3.8,1.8,4.4,4.25,3,2,3.0,,1.2,1.3333333333333333,1.0,4.5,2.75,4.75,4,
R_8fxUXDdhlCifeXq,false,SV_6J3svun1r97AAHc,3414,3,snowball,America/New_York,2026-06-02,35,Black or African American,Man,Less than a year,Bachelor's degree,true,Employee - Full-Time (30 to 40+ hrs/week),first_shift,3,3,5,4,4,2,2,1,2,2,4,5,4,4,5,4,4,4,5,3,2,1,5,3,2,,4,3,4,1,1,1,2,1,3,3,3,1,3,4,4,5,4,4,4,4,5,3,3,4,4,4,5,1,60,5,3.8,1.8,4.4,4.25,3,2,3.0,,1.2,3.0,3.0,4.25,3.75,4.25,5,
R_1rMJGGfgkwr5qjK,false,SV_5nV942MJGubDmqq,250,1,snowball,America/Chicago,2026-06-01,38,White or Caucasian,Woman,1 to 3 years,Professional or doctorate degree,true,Employee - Full-Time (30 to 40+ hrs/week),first_shift,2,3,3,3,3,4,3,4,4,3,1,1,1,1,1,1,1,1,1,5,2,2,2,3,2,2,1,2,1,2,1,1,1,1,1,1,1,2,4,4,1,2,3,3,2,4,4,4,1,5,5,5,5,0,0,1,2.8,3.6,1.0,1.0,5,2,2.0,1.8333333333333333,1.2,1.0,2.75,2.5,3.25,5.0,1,4
R_1rMJGGfgkwr5qjK,false,SV_eRKl4lgMZDAurT8,208,2,snowball,America/Chicago,2026-06-01,38,White or Caucasian,Woman,1 to 3 years,Professional or doctorate degree,true,Employee - Full-Time (30 to 40+ hrs/week),first_shift,2,3,3,3,3,4,3,4,4,3,1,1,1,1,1,1,1,1,1,5,2,2,2,2,1,,1,1,1,2,2,1,1,1,1,1,1,4,1,3,1,4,2,3,4,1,1,2,1,5,5,5,5,0,0,1,2.8,3.6,1.0,1.0,5,2,2.0,,1.4,1.0,2.25,3.25,1.25,5.0,1,
R_1rMJGGfgkwr5qjK,false,SV_6J3svun1r97AAHc,124,3,snowball,America/Chicago,2026-06-01,38,White or Caucasian,Woman,1 to 3 years,Professional or doctorate degree,true,Employee - Full-Time (30 to 40+ hrs/week),first_shift,2,3,3,3,3,4,3,4,4,3,1,1,1,1,1,1,1,1,1,5,2,2,2,2,1,,1,1,1,1,2,1,2,2,1,2,2,3,1,2,1,1,3,4,4,1,1,1,1,5,5,5,5,0,0,1,2.8,3.6,1.0,1.0,5,2,2.0,,1.6,1.6666666666666667,1.75,3.0,1.0,5.0,1,
R_1s4hSFVSK1Ss0uw,true,SV_5nV942MJGubDmqq,643,1,snowball,America/New_York,2026-06-01,53,Black or African American,Man,More than 5 years,Master's degree,false,Employee - Full-Time (30 to 40+ hrs/week),first_shift,4,3,5,4,4,2,2,2,2,2,3,4,3,3,3,2,3,2,4,2,3,5,4,3,2,3,2,2,2,2,2,2,2,2,1,2,1,4,4,4,4,4,3,4,4,4,4,4,4,5,5,3,5,1,85,3,4.0,2.0,3.2,2.75,2,3,4.5,2.3333333333333335,2.0,1.3333333333333333,4.0,3.75,4.0,4.5,3,2
R_1s4hSFVSK1Ss0uw,true,SV_eRKl4lgMZDAurT8,569,2,snowball,America/New_York,2026-06-01,53,Black or African American,Man,More than 5 years,Master's degree,false,Employee - Full-Time (30 to 40+ hrs/week),first_shift,4,3,5,4,4,2,2,2,2,2,3,4,3,3,3,2,3,2,4,2,3,5,4,2,2,,2,2,2,2,2,2,1,1,1,1,1,4,4,4,4,4,4,4,4,4,4,4,4,5,4,5,5,1,45,2,4.0,2.0,3.2,2.75,2,3,4.5,,1.6,1.0,4.0,4.0,4.0,4.75,2,
R_1s4hSFVSK1Ss0uw,true,SV_6J3svun1r97AAHc,233,3,snowball,America/New_York,2026-06-01,53,Black or African American,Man,More than 5 years,Master's degree,false,Employee - Full-Time (30 to 40+ hrs/week),first_shift,4,3,5,4,4,2,2,2,2,2,3,4,3,3,3,2,3,2,4,2,3,5,4,2,2,,2,2,1,2,2,1,2,1,1,1,1,4,4,4,4,4,4,4,2,4,4,4,4,5,5,5,5,0,0,2,4.0,2.0,3.2,2.75,2,3,4.5,,1.6,1.0,4.0,3.5,4.0,5.0,2,
R_1u7ZjT0q2ezgFTH,false,SV_5nV942MJGubDmqq,664,1,snowball,America/Chicago,2026-06-01,35,White or Caucasian,Man,3 to 5 years,Professional or doctorate degree,true,Employee - Full-Time (30 to 40+ hrs/week),first_shift,4,4,4,4,4,3,2,3,3,3,1,4,2,3,1,1,1,1,1,5,3,1,1,3,1,3,1,2,1,2,4,3,2,2,1,1,1,1,1,2,1,2,2,4,4,1,1,3,3,5,5,5,5,0,0,1,4.0,2.8,2.2,1.0,5,3,1.0,1.8333333333333333,2.6,1.0,1.25,3.0,2.0,5.0,1,5
R_1u7ZjT0q2ezgFTH,false,SV_eRKl4lgMZDAurT8,102,2,snowball,America/Chicago,2026-06-01,35,White or Caucasian,Man,3 to 5 years,Professional or doctorate degree,true,Employee - Full-Time (30 to 40+ hrs/week),first_shift,4,4,4,4,4,3,2,3,3,3,1,4,2,3,1,1,1,1,1,5,3,1,1,2,1,,2,2,1,2,1,2,2,1,2,1,2,1,1,3,2,3,1,2,1,1,4,1,2,5,5,5,5,1,30,1,4.0,2.8,2.2,1.0,5,3,1.0,,1.6,1.6666666666666667,1.75,1.75,2.0,5.0,1,
R_1u7ZjT0q2ezgFTH,false,SV_6J3svun1r97AAHc,792,3,snowball,America/Chicago,2026-06-01,35,White or Caucasian,Man,3 to 5 years,Professional or doctorate degree,true,Employee - Full-Time (30 to 40+ hrs/week),first_shift,4,4,4,4,4,3,2,3,3,3,1,4,2,3,1,1,1,1,1,5,3,1,1,3,1,,1,2,2,2,2,1,3,2,1,1,1,1,1,1,1,2,1,2,2,3,3,4,1,5,5,5,5,0,0,1,4.0,2.8,2.2,1.0,5,3,1.0,,2.0,1.0,1.0,1.75,2.75,5.0,1,
R_1uruhJwMv91VrKp,false,SV_5nV942MJGubDmqq,194,1,snowball,America/New_York,2026-06-01,38,Black or African American,Woman,3 to 5 years,Professional or doctorate degree,true,Employee - Full-Time (30 to 40+ hrs/week),first_shift,4,3,4,4,3,2,1,1,4,2,3,3,3,3,1,3,3,1,3,2,1,4,5,2,1,1,1,1,1,1,1,1,1,1,1,1,1,1,1,1,1,1,1,1,1,1,1,1,1,5,5,5,4,0,0,1,3.6,2.0,2.6,2.5,2,1,4.5,1.1666666666666667,1.0,1.0,1.0,1.0,1.0,4.75,1,4
R_1uruhJwMv91VrKp,false,SV_eRKl4lgMZDAurT8,1544,2,snowball,America/New_York,2026-06-01,38,Black or African American,Woman,3 to 5 years,Professional or doctorate degree,true,Employee - Full-Time (30 to 40+ hrs/week),first_shift,4,3,4,4,3,2,1,1,4,2,3,3,3,3,1,3,3,1,3,2,1,4,5,2,1,,1,1,1,1,1,1,2,1,1,1,2,1,1,1,1,1,1,4,4,1,1,1,1,5,5,5,5,1,60,1,3.6,2.0,2.6,2.5,2,1,4.5,,1.2,1.3333333333333333,1.0,2.5,1.0,5.0,1,
R_1uruhJwMv91VrKp,false,SV_6J3svun1r97AAHc,2765,3,snowball,America/New_York,2026-06-01,38,Black or African American,Woman,3 to 5 years,Professional or doctorate degree,true,Employee - Full-Time (30 to 40+ hrs/week),first_shift,4,3,4,4,3,2,1,1,4,2,3,3,3,3,1,3,3,1,3,2,1,4,5,2,2,,1,2,1,2,1,1,1,1,1,1,1,1,1,1,1,1,1,1,1,1,1,1,1,5,5,5,5,0,0,1,3.6,2.0,2.6,2.5,2,1,4.5,,1.2,1.0,1.0,1.0,1.0,5.0,1,
R_26vzVUWNbdkOkF3,false,SV_5nV942MJGubDmqq,806,1,snowball,America/New_York,2026-06-01,35,White or Caucasian,Woman,1 to 3 years,Bachelor's degree,true,Employee - Full-Time (30 to 40+ hrs/week),first_shift,4,1,3,3,3,4,3,2,4,3,5,5,5,5,5,3,5,4,5,1,3,4,4,2,5,3,1,5,3,3,5,1,2,4,1,4,5,4,1,4,5,4,5,5,5,3,4,4,3,5,5,5,5,0,0,3,2.8,3.2,5.0,4.25,1,3,4.0,3.1666666666666665,3.0,3.3333333333333335,3.5,4.75,3.5,5.0,3,2
R_26vzVUWNbdkOkF3,false,SV_eRKl4lgMZDAurT8,145,2,snowball,America/New_York,2026-06-01,35,White or Caucasian,Woman,1 to 3 years,Bachelor's degree,true,Employee - Full-Time (30 to 40+ hrs/week),first_shift,4,1,3,3,3,4,3,2,4,3,5,5,5,5,5,3,5,4,5,1,3,4,4,3,2,,2,3,3,3,3,3,3,3,3,3,3,3,3,3,4,5,4,4,4,3,3,2,4,5,5,5,5,5,126,5,2.8,3.2,5.0,4.25,1,3,4.0,,3.0,3.0,3.25,4.25,3.0,5.0,5,
R_26vzVUWNbdkOkF3,false,SV_6J3svun1r97AAHc,221,3,snowball,America/New_York,2026-06-01,35,White or Caucasian,Woman,1 to 3 years,Bachelor's degree,true,Employee - Full-Time (30 to 40+ hrs/week),first_shift,4,1,3,3,3,4,3,2,4,3,5,5,5,5,5,3,5,4,5,1,3,4,4,5,5,,5,4,5,5,5,4,4,3,5,4,5,4,4,4,5,4,4,5,5,3,4,3,4,5,5,5,5,3,186,5,2.8,3.2,5.0,4.25,1,3,4.0,,4.2,4.666666666666667,4.25,4.5,3.5,5.0,5,
R_3dVTCsFT8OJvbeo,true,SV_5nV942MJGubDmqq,205,1,snowball,America/New_York,2026-06-01,33,Hispanic or Latino,Woman,1 to 3 years,Master's degree,true,Employee - Full-Time (30 to 40+ hrs/week),first_shift,3,3,4,3,4,2,1,1,4,2,1,2,2,1,1,1,1,1,1,4,2,2,3,4,4,,3,4,4,3,4,3,4,3,1,5,3,1,1,1,4,1,1,2,1,1,1,2,1,4,4,4,4,0,0,2,3.4,2.0,1.4,1.0,4,2,2.5,,3.4,3.0,1.75,1.25,1.25,4.0,2,2
R_3dVTCsFT8OJvbeo,true,SV_eRKl4lgMZDAurT8,287,2,snowball,America/New_York,2026-06-01,33,Hispanic or Latino,Woman,1 to 3 years,Master's degree,true,Employee - Full-Time (30 to 40+ hrs/week),first_shift,3,3,4,3,4,2,1,1,4,2,1,2,2,1,1,1,1,1,1,4,2,2,3,3,4,,2,2,3,2,3,3,3,3,1,2,2,1,1,1,4,4,1,2,4,1,1,1,1,5,4,4,4,2,46,1,3.4,2.0,1.4,1.0,4,2,2.5,,2.8,1.6666666666666667,1.75,2.75,1.0,4.25,1,
R_3dVTCsFT8OJvbeo,true,SV_6J3svun1r97AAHc,199,3,snowball,America/New_York,2026-06-01,33,Hispanic or Latino,Woman,1 to 3 years,Master's degree,true,Employee - Full-Time (30 to 40+ hrs/week),first_shift,3,3,4,3,4,2,1,1,4,2,1,2,2,1,1,1,1,1,1,4,2,2,3,4,3,,2,3,2,2,2,2,2,2,1,2,1,1,1,1,4,1,1,2,1,1,1,1,1,4,4,4,4,0,0,3,3.4,2.0,1.4,1.0,4,2,2.5,,2.0,1.3333333333333333,1.75,1.25,1.0,4.0,3,
R_3ipMWXc8H1Q7aV1,true,SV_5nV942MJGubDmqq,367,1,snowball,America/Chicago,2026-06-01,45,White or Caucasian,Woman,Less than a year,Professional or doctorate degree,true,Employee - Full-Time (30 to 40+ hrs/week),first_shift,3,4,4,4,3,2,2,3,4,3,1,1,1,1,1,1,1,1,1,5,2,2,2,4,4,1,1,1,1,5,4,4,4,4,1,1,1,1,1,1,1,1,1,1,3,1,1,1,1,5,4,4,5,1,15,1,3.6,2.8,1.0,1.0,5,2,2.0,2.0,4.2,1.0,1.0,1.5,1.0,4.5,1,4
R_3ipMWXc8H1Q7aV1,true,SV_eRKl4lgMZDAurT8,166,2,snowball,America/Chicago,2026-06-01,45,White or Caucasian,Woman,Less than a year,Professional or doctorate degree,true,Employee - Full-Time (30 to 40+ hrs/week),first_shift,3,4,4,4,3,2,2,3,4,3,1,1,1,1,1,1,1,1,1,5,2,2,2,3,2,,1,1,1,2,4,3,4,1,1,1,1,1,1,1,1,1,4,1,1,1,1,1,1,5,3,4,4,5,120,1,3.6,2.8,1.0,1.0,5,2,2.0,,2.8,1.0,1.0,1.75,1.0,4.0,1,
R_3ipMWXc8H1Q7aV1,true,SV_6J3svun1r97AAHc,189,3,snowball,America/Chicago,2026-06-01,45,White or Caucasian,Woman,Less than a year,Professional or doctorate degree,true,Employee - Full-Time (30 to 40+ hrs/week),first_shift,3,4,4,4,3,2,2,3,4,3,1,1,1,1,1,1,1,1,1,5,2,2,2,3,2,,1,1,1,2,5,4,5,2,1,1,1,1,1,1,1,1,1,1,1,3,1,1,1,5,3,4,5,1,30,1,3.6,2.8,1.0,1.0,5,2,2.0,,3.6,1.0,1.0,1.0,1.5,4.25,1,
R_515gASXDPoopUT9,false,SV_5nV942MJGubDmqq,197,1,snowball,America/Chicago,2026-06-01,34,Black or African American,Man,1 to 3 years,Master's degree,false,Employee - Full-Time (30 to 40+ hrs/week),first_shift,4,3,4,3,4,3,3,1,2,2,1,1,1,2,1,1,1,1,2,4,1,2,2,1,1,1,1,1,3,1,5,1,5,1,1,1,1,1,1,1,1,1,1,1,4,1,1,1,1,5,5,5,5,0,8,5,3.6,2.2,1.2,1.25,4,1,2.0,1.3333333333333333,2.6,1.0,1.0,1.75,1.0,5.0,5,4
R_515gASXDPoopUT9,false,SV_eRKl4lgMZDAurT8,257,2,snowball,America/Chicago,2026-06-01,34,Black or African American,Man,1 to 3 years,Master's degree,false,Employee - Full-Time (30 to 40+ hrs/week),first_shift,4,3,4,3,4,3,3,1,2,2,1,1,1,2,1,1,1,1,2,4,1,2,2,2,1,,1,1,3,1,5,1,5,1,1,2,1,1,1,1,1,1,1,1,1,1,1,1,1,5,5,5,5,2,90,2,3.6,2.2,1.2,1.25,4,1,2.0,,2.6,1.3333333333333333,1.0,1.0,1.0,5.0,2,
R_515gASXDPoopUT9,false,SV_6J3svun1r97AAHc,247,3,snowball,America/Chicago,2026-06-01,34,Black or African American,Man,1 to 3 years,Master's degree,false,Employee - Full-Time (30 to 40+ hrs/week),first_shift,4,3,4,3,4,3,3,1,2,2,1,1,1,2,1,1,1,1,2,4,1,2,2,1,5,,1,1,2,1,5,5,5,1,1,1,1,1,1,1,1,1,1,1,1,1,1,1,1,5,5,5,5,0,0,5,3.6,2.2,1.2,1.25,4,1,2.0,,3.4,1.0,1.0,1.0,1.0,5.0,5,
R_5CvIkNTRUheeZtM,false,SV_5nV942MJGubDmqq,1959,1,snowball,America/Denver,2026-06-01,30,White or Caucasian,Woman,Less than a year,Professional or doctorate degree,true,Employee - Full-Time (30 to 40+ hrs/week),first_shift,3,3,4,3,4,3,2,2,2,2,2,2,2,3,2,2,2,2,2,4,2,4,3,1,1,1,1,1,1,1,1,1,1,1,1,1,1,1,1,1,2,1,2,1,2,1,1,1,2,5,5,5,5,1,30,1,3.4,2.2,2.2,2.0,4,2,3.5,1.0,1.0,1.0,1.25,1.5,1.25,5.0,1,4
R_5CvIkNTRUheeZtM,false,SV_eRKl4lgMZDAurT8,144,2,snowball,America/Denver,2026-06-01,30,White or Caucasian,Woman,Less than a year,Professional or doctorate degree,true,Employee - Full-Time (30 to 40+ hrs/week),first_shift,3,3,4,3,4,3,2,2,2,2,2,2,2,3,2,2,2,2,2,4,2,4,3,2,1,,1,1,1,1,1,1,1,1,1,1,1,2,1,1,3,1,2,4,4,1,1,1,1,5,5,5,5,2,100,1,3.4,2.2,2.2,2.0,4,2,3.5,,1.0,1.0,1.75,2.75,1.0,5.0,1,
R_5CvIkNTRUheeZtM,false,SV_6J3svun1r97AAHc,105,3,snowball,America/Denver,2026-06-01,30,White or Caucasian,Woman,Less than a year,Professional or doctorate degree,true,Employee - Full-Time (30 to 40+ hrs/week),first_shift,3,3,4,3,4,3,2,2,2,2,2,2,2,3,2,2,2,2,2,4,2,4,3,2,2,,1,2,2,1,2,1,2,1,1,1,1,1,1,1,1,1,1,1,4,1,1,1,1,5,5,5,5,0,0,1,3.4,2.2,2.2,2.0,4,2,3.5,,1.4,1.0,1.0,1.75,1.0,5.0,1,
R_5QcEHz0Z5X9FRc9,true,SV_5nV942MJGubDmqq,222,1,snowball,America/New_York,2026-06-01,61,White or Caucasian,Woman,3 to 5 years,Master's degree,true,Employee - Full-Time (30 to 40+ hrs/week),first_shift,4,4,4,4,4,2,1,1,3,1,1,1,1,1,1,1,1,1,1,2,4,4,2,4,4,3,3,4,5,3,5,3,4,2,1,2,1,1,1,1,1,2,1,1,3,1,1,4,3,5,5,5,5,0,0,3,4.0,1.6,1.0,1.0,2,4,3.0,3.8333333333333335,3.4,1.3333333333333333,1.0,1.75,2.25,5.0,3,2
R_5QcEHz0Z5X9FRc9,true,SV_eRKl4lgMZDAurT8,218,2,snowball,America/New_York,2026-06-01,61,White or Caucasian,Woman,3 to 5 years,Master's degree,true,Employee - Full-Time (30 to 40+ hrs/week),first_shift,4,4,4,4,4,2,1,1,3,1,1,1,1,1,1,1,1,1,1,2,4,4,2,4,4,,1,5,5,3,5,5,4,5,2,1,1,1,1,1,4,4,4,5,5,1,1,4,1,5,5,5,5,6,94,5,4.0,1.6,1.0,1.0,2,4,3.0,,4.4,1.3333333333333333,1.75,4.5,1.75,5.0,5,
R_5QcEHz0Z5X9FRc9,true,SV_6J3svun1r97AAHc,174,3,snowball,America/New_York,2026-06-01,61,White or Caucasian,Woman,3 to 5 years,Master's degree,true,Employee - Full-Time (30 to 40+ hrs/week),first_shift,4,4,4,4,4,2,1,1,3,1,1,1,1,1,1,1,1,1,1,2,4,4,2,5,5,,3,5,5,3,5,1,5,3,1,1,1,1,1,1,4,1,1,1,1,1,1,1,1,5,5,5,5,3,90,5,4.0,1.6,1.0,1.0,2,4,3.0,,3.4,1.0,1.75,1.0,1.0,5.0,5,
R_5aFW85E5jhY2Cic,false,SV_5nV942MJGubDmqq,299,1,snowball,America/New_York,2026-06-01,28,White or Caucasian,Woman,Less than a year,Master's degree,false,Employee - Full-Time (30 to 40+ hrs/week),first_shift,4,3,4,4,4,2,1,1,3,1,1,1,1,1,1,1,1,1,1,5,4,1,1,2,1,1,1,1,1,1,1,1,2,1,1,1,1,1,1,1,1,1,1,1,1,1,1,1,1,5,5,5,5,0,0,1,3.8,1.6,1.0,1.0,5,4,1.0,1.1666666666666667,1.2,1.0,1.0,1.0,1.0,5.0,1,5
R_5aFW85E5jhY2Cic,false,SV_eRKl4lgMZDAurT8,132,2,snowball,America/New_York,2026-06-01,28,White or Caucasian,Woman,Less than a year,Master's degree,false,Employee - Full-Time (30 to 40+ hrs/week),first_shift,4,3,4,4,4,2,1,1,3,1,1,1,1,1,1,1,1,1,1,5,4,1,1,1,1,,1,1,1,1,2,1,2,1,1,1,1,1,1,1,1,1,1,1,1,1,1,1,1,5,5,5,5,2,60,1,3.8,1.6,1.0,1.0,5,4,1.0,,1.4,1.0,1.0,1.0,1.0,5.0,1,
R_5aFW85E5jhY2Cic,false,SV_6J3svun1r97AAHc,153,3,snowball,America/New_York,2026-06-01,28,White or Caucasian,Woman,Less than a year,Master's degree,false,Employee - Full-Time (30 to 40+ hrs/week),first_shift,4,3,4,4,4,2,1,1,3,1,1,1,1,1,1,1,1,1,1,5,4,1,1,3,2,,1,1,2,1,2,1,2,1,1,1,1,1,1,1,1,1,1,4,1,1,1,1,1,5,5,5,5,2,60,1,3.8,1.6,1.0,1.0,5,4,1.0,,1.4,1.0,1.0,1.75,1.0,5.0,1,
R_5ilIQvmfb2IBosg,false,SV_5nV942MJGubDmqq,156,1,snowball,America/New_York,2026-06-01,35,Hispanic or Latino,Man,3 to 5 years,Bachelor's degree,true,Employee - Full-Time (30 to 40+ hrs/week),first_shift,4,3,4,4,3,2,2,2,2,2,3,2,3,4,3,2,3,3,3,3,3,3,4,2,1,1,1,1,1,1,1,1,2,1,1,1,1,3,1,1,1,1,1,1,1,1,1,1,2,3,4,3,4,0,0,1,3.6,2.0,3.0,2.75,3,3,3.5,1.1666666666666667,1.2,1.0,1.5,1.0,1.25,3.5,1,3
R_5ilIQvmfb2IBosg,false,SV_eRKl4lgMZDAurT8,128,2,snowball,America/New_York,2026-06-01,35,Hispanic or Latino,Man,3 to 5 years,Bachelor's degree,true,Employee - Full-Time (30 to 40+ hrs/week),first_shift,4,3,4,4,3,2,2,2,2,2,3,2,3,4,3,2,3,3,3,3,3,3,4,1,2,,2,1,2,1,1,2,2,1,1,1,1,1,1,1,1,1,1,2,3,1,1,1,1,3,3,3,4,2,45,1,3.6,2.0,3.0,2.75,3,3,3.5,,1.4,1.0,1.0,1.75,1.0,3.25,1,
R_5ilIQvmfb2IBosg,false,SV_6J3svun1r97AAHc,116,3,snowball,America/New_York,2026-06-01,35,Hispanic or Latino,Man,3 to 5 years,Bachelor's degree,true,Employee - Full-Time (30 to 40+ hrs/week),first_shift,4,3,4,4,3,2,2,2,2,2,3,2,3,4,3,2,3,3,3,3,3,3,4,2,2,,1,2,2,1,2,2,2,2,1,1,2,1,1,1,1,1,1,1,1,1,1,1,1,3,4,3,3,2,90,2,3.6,2.0,3.0,2.75,3,3,3.5,,1.8,1.3333333333333333,1.0,1.0,1.0,3.25,2,
R_65SKFjjYLXtYPOc,false,SV_5nV942MJGubDmqq,167,1,snowball,America/Los_Angeles,2026-06-01,32,White or Caucasian,Man,1 to 3 years,Professional or doctorate degree,true,Employee - Full-Time (30 to 40+ hrs/week),first_shift,4,1,3,3,3,2,2,2,2,1,2,1,1,1,2,1,1,1,2,5,2,5,3,2,1,1,1,1,1,2,1,1,2,1,1,1,1,1,1,1,1,2,1,2,1,1,1,1,1,2,4,2,3,1,16,1,2.8,1.8,1.4,1.25,5,2,4.0,1.1666666666666667,1.4,1.0,1.0,1.5,1.0,2.75,1,4
R_65SKFjjYLXtYPOc,false,SV_eRKl4lgMZDAurT8,270,2,snowball,America/Los_Angeles,2026-06-01,32,White or Caucasian,Man,1 to 3 years,Professional or doctorate degree,true,Employee - Full-Time (30 to 40+ hrs/week),first_shift,4,1,3,3,3,2,2,2,2,1,2,1,1,1,2,1,1,1,2,5,2,5,3,1,1,,1,1,1,3,2,1,2,1,1,1,1,1,1,1,1,2,2,2,2,1,1,1,1,2,3,2,3,5,182,1,2.8,1.8,1.4,1.25,5,2,4.0,,1.8,1.0,1.0,2.0,1.0,2.5,1,
R_65SKFjjYLXtYPOc,false,SV_6J3svun1r97AAHc,153,3,snowball,America/Los_Angeles,2026-06-01,32,White or Caucasian,Man,1 to 3 years,Professional or doctorate degree,true,Employee - Full-Time (30 to 40+ hrs/week),first_shift,4,1,3,3,3,2,2,2,2,1,2,1,1,1,2,1,1,1,2,5,2,5,3,1,3,,1,1,1,2,3,2,3,1,1,1,1,1,1,1,1,2,2,2,1,1,1,1,1,2,2,2,3,0,0,1,2.8,1.8,1.4,1.25,5,2,4.0,,2.2,1.0,1.0,1.75,1.0,2.25,1,
R_6EXRsV6VY4CuSZ4,false,SV_5nV942MJGubDmqq,228,1,snowball,America/New_York,2026-06-01,36,White or Caucasian,Woman,More than 5 years,Master's degree,false,Employee - Full-Time (30 to 40+ hrs/week),first_shift,3,3,4,4,3,2,1,3,3,3,3,4,4,4,4,2,4,3,4,3,3,5,5,1,1,2,1,1,2,1,1,1,1,1,1,1,1,1,3,1,1,1,1,4,1,1,1,1,1,5,5,5,5,1,39,2,3.4,2.4,3.8,3.25,3,3,5.0,1.3333333333333333,1.0,1.0,1.5,1.75,1.0,5.0,2,3
R_6EXRsV6VY4CuSZ4,false,SV_eRKl4lgMZDAurT8,154,2,snowball,America/New_York,2026-06-01,36,White or Caucasian,Woman,More than 5 years,Master's degree,false,Employee - Full-Time (30 to 40+ hrs/week),first_shift,3,3,4,4,3,2,1,3,3,3,3,4,4,4,4,2,4,3,4,3,3,5,5,1,2,,1,1,1,1,3,1,2,1,1,1,1,1,1,2,1,1,1,1,2,1,1,1,1,5,5,5,5,0,0,2,3.4,2.4,3.8,3.25,3,3,5.0,,1.6,1.0,1.25,1.25,1.0,5.0,2,
R_6EXRsV6VY4CuSZ4,false,SV_6J3svun1r97AAHc,139,3,snowball,America/New_York,2026-06-01,36,White or Caucasian,Woman,More than 5 years,Master's degree,false,Employee - Full-Time (30 to 40+ hrs/week),first_shift,3,3,4,4,3,2,1,3,3,3,3,4,4,4,4,2,4,3,4,3,3,5,5,2,2,,2,2,2,2,2,2,2,2,1,3,1,2,1,1,1,1,1,1,1,1,1,1,1,5,5,5,5,1,50,2,3.4,2.4,3.8,3.25,3,3,5.0,,2.0,1.6666666666666667,1.25,1.0,1.0,5.0,2,
R_6fdQyegqCwQspv2,false,SV_5nV942MJGubDmqq,274,1,snowball,America/New_York,2026-06-01,31,White or Caucasian,Woman,3 to 5 years,Professional or doctorate degree,true,Employee - Full-Time (30 to 40+ hrs/week),first_shift,4,3,3,2,2,3,1,2,4,3,3,3,2,4,2,1,1,1,2,4,3,3,3,2,1,1,1,2,1,3,3,2,3,2,1,1,1,3,1,1,1,1,1,1,4,1,1,1,1,5,5,5,5,1,25,1,2.8,2.6,2.8,1.25,4,3,3.0,1.3333333333333333,2.6,1.0,1.5,1.75,1.0,5.0,1,4
R_6fdQyegqCwQspv2,false,SV_eRKl4lgMZDAurT8,196,2,snowball,America/New_York,2026-06-01,31,White or Caucasian,Woman,3 to 5 years,Professional or doctorate degree,true,Employee - Full-Time (30 to 40+ hrs/week),first_shift,4,3,3,2,2,3,1,2,4,3,3,3,2,4,2,1,1,1,2,4,3,3,3,3,2,,1,2,1,3,3,3,3,3,1,1,1,2,1,3,1,1,4,1,1,1,1,2,1,5,5,5,5,3,180,1,2.8,2.6,2.8,1.25,4,3,3.0,,3.0,1.0,1.75,1.75,1.25,5.0,1,
R_6fdQyegqCwQspv2,false,SV_6J3svun1r97AAHc,358,3,snowball,America/New_York,2026-06-01,31,White or Caucasian,Woman,3 to 5 years,Professional or doctorate degree,true,Employee - Full-Time (30 to 40+ hrs/week),first_shift,4,3,3,2,2,3,1,2,4,3,3,3,2,4,2,1,1,1,2,4,3,3,3,3,3,,1,3,1,3,3,2,3,3,2,2,2,1,1,1,1,1,1,2,4,1,1,1,1,5,5,5,5,3,65,1,2.8,2.6,2.8,1.25,4,3,3.0,,2.8,2.0,1.0,2.0,1.0,5.0,1,
R_6mwtwOr90hOfj8g,false,SV_5nV942MJGubDmqq,765,1,snowball,America/Denver,2026-06-01,40,White or Caucasian,Woman,More than 5 years,Professional or doctorate degree,true,Employee - Full-Time (30 to 40+ hrs/week),first_shift,4,4,4,3,3,2,1,2,1,1,2,4,2,4,4,1,1,2,2,4,1,5,5,2,2,1,2,1,1,1,3,2,3,1,1,1,1,1,1,1,1,4,1,3,1,1,1,1,1,4,4,4,4,1,56,1,3.6,1.4,3.2,1.5,4,1,5.0,1.5,2.0,1.0,1.0,2.25,1.0,4.0,1,4
R_6mwtwOr90hOfj8g,false,SV_eRKl4lgMZDAurT8,217,2,snowball,America/Denver,2026-06-01,40,White or Caucasian,Woman,More than 5 years,Professional or doctorate degree,true,Employee - Full-Time (30 to 40+ hrs/week),first_shift,4,4,4,3,3,2,1,2,1,1,2,4,2,4,4,1,1,2,2,4,1,5,5,1,2,,1,1,1,1,2,2,2,1,1,1,1,1,1,2,1,4,1,4,4,1,2,1,1,4,4,4,4,1,90,2,3.6,1.4,3.2,1.5,4,1,5.0,,1.6,1.0,1.25,3.25,1.25,4.0,2,
R_6mwtwOr90hOfj8g,false,SV_6J3svun1r97AAHc,101,3,snowball,America/Denver,2026-06-01,40,White or Caucasian,Woman,More than 5 years,Professional or doctorate degree,true,Employee - Full-Time (30 to 40+ hrs/week),first_shift,4,4,4,3,3,2,1,2,1,1,2,4,2,4,4,1,1,2,2,4,1,5,5,2,1,,2,1,2,1,2,3,3,1,2,1,1,1,1,1,1,2,1,2,1,1,1,1,1,4,4,4,4,0,0,2,3.6,1.4,3.2,1.5,4,1,5.0,,2.0,1.3333333333333333,1.0,1.5,1.0,4.0,2,
R_72s2vNArsvlmg3q,false,SV_5nV942MJGubDmqq,859,1,snowball,America/New_York,2026-06-01,26,White or Caucasian,Man,Less than a year,Master's degree,true,Employee - Full-Time (30 to 40+ hrs/week),first_shift,4,4,4,4,4,3,1,2,4,4,2,3,4,3,3,2,3,1,4,3,2,3,3,2,2,2,1,2,2,2,2,2,2,2,1,1,1,3,2,2,4,3,3,5,4,2,2,3,2,5,5,5,5,0,0,2,4.0,2.8,3.0,2.5,3,2,3.0,1.8333333333333333,2.0,1.0,2.75,3.75,2.25,5.0,2,2
R_72s2vNArsvlmg3q,false,SV_eRKl4lgMZDAurT8,135,2,snowball,America/New_York,2026-06-01,26,White or Caucasian,Man,Less than a year,Master's degree,true,Employee - Full-Time (30 to 40+ hrs/week),first_shift,4,4,4,4,4,3,1,2,4,4,2,3,4,3,3,2,3,1,4,3,2,3,3,3,3,,3,3,3,3,3,3,2,3,1,1,2,2,2,4,3,4,3,5,4,3,4,3,1,5,5,5,5,1,71,2,4.0,2.8,3.0,2.5,3,2,3.0,,2.8,1.3333333333333333,2.75,4.0,2.75,5.0,2,
R_72s2vNArsvlmg3q,false,SV_6J3svun1r97AAHc,150,3,snowball,America/New_York,2026-06-01,26,White or Caucasian,Man,Less than a year,Master's degree,true,Employee - Full-Time (30 to 40+ hrs/week),first_shift,4,4,4,4,4,3,1,2,4,4,2,3,4,3,3,2,3,1,4,3,2,3,3,5,4,,3,4,3,4,5,4,3,4,1,2,2,2,2,4,2,4,3,4,4,3,4,4,2,5,5,5,5,0,0,2,4.0,2.8,3.0,2.5,3,2,3.0,,4.0,1.6666666666666667,2.5,3.75,3.25,5.0,2,
R_76gQwYDeTeUG9Sm,false,SV_5nV942MJGubDmqq,280,1,snowball,America/New_York,2026-06-01,35,White or Caucasian,Woman,Less than a year,Professional or doctorate degree,true,Employee - Full-Time (30 to 40+ hrs/week),first_shift,4,4,4,4,3,2,1,2,3,1,1,1,1,1,1,1,1,1,1,5,1,2,2,3,2,2,1,2,1,2,2,2,2,2,1,1,1,1,1,1,1,2,2,4,2,1,1,1,1,4,4,4,4,0,0,1,3.8,1.8,1.0,1.0,5,1,2.0,1.8333333333333333,2.0,1.0,1.0,2.5,1.0,4.0,1,5
R_76gQwYDeTeUG9Sm,false,SV_eRKl4lgMZDAurT8,394,2,snowball,America/New_York,2026-06-01,35,White or Caucasian,Woman,Less than a year,Professional or doctorate degree,true,Employee - Full-Time (30 to 40+ hrs/week),first_shift,4,4,4,4,3,2,1,2,3,1,1,1,1,1,1,1,1,1,1,5,1,2,2,3,3,,1,3,1,2,3,3,3,2,1,1,1,1,1,1,2,3,2,5,2,1,1,1,1,4,4,4,4,1,73,1,3.8,1.8,1.0,1.0,5,1,2.0,,2.6,1.0,1.25,3.0,1.0,4.0,1,
R_76gQwYDeTeUG9Sm,false,SV_6J3svun1r97AAHc,316,3,snowball,America/New_York,2026-06-01,35,White or Caucasian,Woman,Less than a year,Professional or doctorate degree,true,Employee - Full-Time (30 to 40+ hrs/week),first_shift,4,4,4,4,3,2,1,2,3,1,1,1,1,1,1,1,1,1,1,5,1,2,2,3,3,,1,2,1,2,3,3,3,3,1,1,1,1,1,1,1,1,1,4,4,1,1,1,1,5,5,4,4,1,41,1,3.8,1.8,1.0,1.0,5,1,2.0,,2.8,1.0,1.0,2.5,1.0,4.5,1,
R_7LcByiqVfBoDtWK,false,SV_5nV942MJGubDmqq,504,1,snowball,America/New_York,2026-06-01,37,White or Caucasian,Man,Less than a year,Bachelor's degree,true,Employee - Full-Time (30 to 40+ hrs/week),first_shift,2,5,5,4,5,3,1,2,2,1,1,1,1,4,1,1,1,1,1,5,3,3,3,5,4,3,2,2,1,5,5,5,3,3,2,1,1,1,1,1,2,1,1,1,1,1,1,2,1,4,5,5,4,0,15,1,4.2,1.8,1.6,1.0,5,3,3.0,2.8333333333333335,4.2,1.3333333333333333,1.25,1.0,1.25,4.5,1,5
R_7LcByiqVfBoDtWK,false,SV_eRKl4lgMZDAurT8,285,2,snowball,America/New_York,2026-06-01,37,White or Caucasian,Man,Less than a year,Bachelor's degree,true,Employee - Full-Time (30 to 40+ hrs/week),first_shift,2,5,5,4,5,3,1,2,2,1,1,1,1,4,1,1,1,1,1,5,3,3,3,5,3,,1,3,1,3,3,3,2,4,1,1,1,1,1,1,2,1,1,1,1,1,1,2,1,5,5,5,4,1,81,1,4.2,1.8,1.6,1.0,5,3,3.0,,3.0,1.0,1.25,1.0,1.25,4.75,1,
R_7LcByiqVfBoDtWK,false,SV_6J3svun1r97AAHc,315,3,snowball,America/New_York,2026-06-01,37,White or Caucasian,Man,Less than a year,Bachelor's degree,true,Employee - Full-Time (30 to 40+ hrs/week),first_shift,2,5,5,4,5,3,1,2,2,1,1,1,1,4,1,1,1,1,1,5,3,3,3,5,3,,1,1,1,3,4,3,3,5,1,1,1,1,1,1,2,1,1,1,1,1,1,1,1,5,5,5,4,1,35,1,4.2,1.8,1.6,1.0,5,3,3.0,,3.6,1.0,1.25,1.0,1.0,4.75,1,
R_7LijsZ137U67dV3,false,SV_5nV942MJGubDmqq,324,1,snowball,America/New_York,2026-06-01,27,Black or African American,Woman,1 to 3 years,Master's degree,true,Employee - Full-Time (30 to 40+ hrs/week),first_shift,4,4,4,5,4,4,2,3,4,2,1,1,1,1,1,2,1,1,1,2,1,4,4,2,2,1,2,2,1,3,3,2,2,1,2,3,1,1,1,1,2,1,1,1,4,1,2,1,1,5,5,5,5,0,0,1,4.2,3.0,1.0,1.25,2,1,4.0,1.6666666666666667,2.2,2.0,1.25,1.75,1.25,5.0,1,2
R_7LijsZ137U67dV3,false,SV_eRKl4lgMZDAurT8,301,2,snowball,America/New_York,2026-06-01,27,Black or African American,Woman,1 to 3 years,Master's degree,true,Employee - Full-Time (30 to 40+ hrs/week),first_shift,4,4,4,5,4,4,2,3,4,2,1,1,1,1,1,2,1,1,1,2,1,4,4,2,3,,2,2,2,1,2,3,2,1,1,2,3,1,1,1,4,2,2,2,3,1,1,2,1,5,5,5,5,2,77,1,4.2,3.0,1.0,1.25,2,1,4.0,,1.8,2.0,1.75,2.25,1.25,5.0,1,
R_7LijsZ137U67dV3,false,SV_6J3svun1r97AAHc,258,3,snowball,America/New_York,2026-06-01,27,Black or African American,Woman,1 to 3 years,Master's degree,true,Employee - Full-Time (30 to 40+ hrs/week),first_shift,4,4,4,5,4,4,2,3,4,2,1,1,1,1,1,2,1,1,1,2,1,4,4,5,5,,2,4,2,4,5,3,4,1,1,4,1,1,1,1,1,2,1,2,2,1,1,1,1,5,5,5,5,4,61,1,4.2,3.0,1.0,1.25,2,1,4.0,,3.4,2.0,1.0,1.75,1.0,5.0,1,
R_7fj92dg24fNftLx,false,SV_5nV942MJGubDmqq,186,1,snowball,America/Chicago,2026-06-01,40,White or Caucasian,Man,1 to 3 years,Professional or doctorate degree,true,Employee - Full-Time (30 to 40+ hrs/week),first_shift,3,2,3,3,2,2,1,2,2,1,2,4,2,4,2,1,1,2,1,4,2,2,2,3,3,3,2,2,3,2,3,3,3,3,1,1,1,3,4,4,2,4,4,4,5,4,4,4,1,4,4,4,4,0,0,1,2.6,1.6,2.8,1.25,4,2,2.0,2.6666666666666665,2.8,1.0,3.25,4.25,3.25,4.0,1,4
R_7fj92dg24fNftLx,false,SV_eRKl4lgMZDAurT8,314,2,snowball,America/Chicago,2026-06-01,40,White or Caucasian,Man,1 to 3 years,Professional or doctorate degree,true,Employee - Full-Time (30 to 40+ hrs/week),first_shift,3,2,3,3,2,2,1,2,2,1,2,4,2,4,2,1,1,2,1,4,2,2,2,1,1,,1,1,1,2,2,2,1,2,1,1,1,2,4,4,4,5,4,4,4,1,1,1,1,4,4,4,4,0,0,1,2.6,1.6,2.8,1.25,4,2,2.0,,1.8,1.0,3.5,4.25,1.0,4.0,1,
R_7fj92dg24fNftLx,false,SV_6J3svun1r97AAHc,139,3,snowball,America/Chicago,2026-06-01,40,White or Caucasian,Man,1 to 3 years,Professional or doctorate degree,true,Employee - Full-Time (30 to 40+ hrs/week),first_shift,3,2,3,3,2,2,1,2,2,1,2,4,2,4,2,1,1,2,1,4,2,2,2,2,4,,2,3,2,3,4,3,4,3,1,1,1,3,3,4,4,4,4,4,3,2,4,2,1,4,4,4,4,0,0,2,2.6,1.6,2.8,1.25,4,2,2.0,,3.4,1.0,3.5,3.75,2.25,4.0,2,
R_7pmRTff6885Ajb5,false,SV_5nV942MJGubDmqq,179,1,snowball,America/New_York,2026-06-01,32,White or Caucasian,Woman,3 to 5 years,Professional or doctorate degree,true,Employee - Full-Time (30 to 40+ hrs/week),first_shift,4,3,4,4,3,3,2,2,3,2,4,4,4,4,4,4,3,4,4,2,2,4,3,2,2,2,1,2,2,2,1,1,1,1,1,1,1,1,1,1,1,2,1,1,4,1,1,1,1,4,4,4,4,0,0,1,3.6,2.4,4.0,3.75,2,2,3.5,1.8333333333333333,1.2,1.0,1.0,2.0,1.0,4.0,1,2
R_7pmRTff6885Ajb5,false,SV_eRKl4lgMZDAurT8,139,2,snowball,America/New_York,2026-06-01,32,White or Caucasian,Woman,3 to 5 years,Professional or doctorate degree,true,Employee - Full-Time (30 to 40+ hrs/week),first_shift,4,3,4,4,3,3,2,2,3,2,4,4,4,4,4,4,3,4,4,2,2,4,3,2,2,,1,2,2,1,1,1,1,1,1,1,1,1,1,1,1,1,1,1,1,1,1,1,1,5,5,5,5,4,120,1,3.6,2.4,4.0,3.75,2,2,3.5,,1.0,1.0,1.0,1.0,1.0,5.0,1,
R_7pmRTff6885Ajb5,false,SV_6J3svun1r97AAHc,220,3,snowball,America/New_York,2026-06-01,32,White or Caucasian,Woman,3 to 5 years,Professional or doctorate degree,true,Employee - Full-Time (30 to 40+ hrs/week),first_shift,4,3,4,4,3,3,2,2,3,2,4,4,4,4,4,4,3,4,4,2,2,4,3,2,2,,1,1,2,1,1,1,1,1,1,1,1,1,1,1,2,1,1,1,1,1,1,1,1,5,5,5,5,3,90,1,3.6,2.4,4.0,3.75,2,2,3.5,,1.0,1.0,1.25,1.0,1.0,5.0,1,
